# Blender v3.1.2 OBJ File: ''
# www.blender.org
mtllib obj.mtl
o construction_worker_mesh.001_construction_worker_meshmesh.001
v 0.000033 0.592505 0.077542
v 0.000210 0.721010 0.051409
v 0.000236 0.996963 -0.000389
v 0.000403 0.770765 -0.051237
v 0.000428 0.695782 0.061831
v 0.000459 0.717632 0.045934
v 0.000460 0.679852 -0.084134
v 0.000613 0.375400 -0.006610
v 0.000588 0.603263 0.078797
v 0.000724 0.704851 0.058731
v 0.000883 0.374373 0.017216
v 0.000933 0.632348 -0.083373
v 0.000970 0.775969 0.081277
v 0.001095 0.376934 -0.018881
v 0.001073 0.851592 0.086929
v 0.001309 0.377801 0.037109
v 0.001286 0.870946 -0.091217
v 0.001357 0.671285 0.070367
v 0.001517 0.814374 0.092849
v 0.001522 0.807344 0.096729
v 0.001614 0.865438 0.085537
v 0.001704 0.508452 0.082950
v 0.001772 0.891305 0.117992
v 0.001799 0.535640 0.079185
v 0.001802 0.790790 -0.051763
v 0.001975 0.836254 0.100974
v 0.002048 0.886618 0.082730
v 0.001430 0.367288 0.010723
v 0.001819 0.370521 -0.004345
v 0.002258 0.617809 0.078995
v 0.002314 0.724175 0.047114
v 0.002319 0.818360 0.102389
v 0.002469 0.763188 0.032634
v 0.002485 0.796328 0.086526
v 0.002667 0.565170 0.078995
v 0.002667 0.718545 0.054201
v 0.002698 0.450456 0.085529
v 0.002840 0.759901 0.060199
v 0.002909 0.684614 0.065206
v 0.002948 0.492645 0.081155
v 0.002990 0.633139 0.078036
v 0.002995 0.663418 0.072132
v 0.003154 0.851835 -0.080208
v 0.003255 0.648415 0.075735
v 0.003154 0.385177 0.052078
v 0.003460 0.826181 0.104397
v 0.003499 0.531707 0.079139
v 0.003518 0.492924 -0.070356
v 0.003557 0.699678 0.059815
v 0.003641 0.713904 0.042665
v 0.003666 0.708838 -0.077789
v 0.003686 0.893252 0.128903
v 0.003765 0.596941 0.077861
v 0.003854 0.504275 0.082411
v 0.003866 0.802567 0.094727
v 0.003886 0.561168 -0.079181
v 0.003927 0.722943 0.054128
v 0.004025 0.801653 0.089782
v 0.004045 0.712291 0.052667
v 0.004249 0.692861 0.059249
v 0.001073 0.343132 -0.005509
v 0.004334 0.666537 0.068055
v 0.004399 0.562484 0.075875
v 0.004488 0.846997 0.087432
v 0.004499 0.703451 0.054927
v 0.004570 0.532262 0.076534
v 0.004576 0.764131 0.073071
v 0.004651 0.906064 0.105652
v 0.004651 0.621963 0.075643
v 0.004679 0.647959 0.072102
v 0.004395 0.381280 -0.039341
v 0.000884 0.335385 0.008622
v 0.004834 0.508313 0.079588
v 0.004154 0.369988 0.028950
v 0.004206 0.371694 -0.020004
v 0.004845 0.903964 -0.094724
v 0.004863 0.884458 -0.095500
v 0.005049 0.569970 -0.079303
v 0.005066 0.593981 0.074689
v 0.005177 0.492074 0.078424
v 0.005202 0.484480 -0.076785
v 0.005195 0.751807 -0.055832
v 0.005247 0.824721 -0.072006
v 0.005251 0.730322 0.053607
v 0.005738 0.788781 0.083887
v 0.003289 0.351803 0.025087
v 0.005672 0.393094 0.060204
v 0.005845 0.969788 -0.068720
v 0.005869 0.496074 -0.080117
v 0.005887 0.798702 -0.057369
v 0.005663 0.394609 -0.062070
v 0.006145 0.908011 0.102457
v 0.006068 0.406575 0.067912
v 0.006173 0.456653 0.084542
v 0.006234 0.718682 0.040746
v 0.006300 0.921554 0.100221
v 0.006308 0.784551 -0.042035
v 0.006621 0.725133 -0.070751
v 0.006676 0.812700 -0.065921
v 0.006729 0.832754 0.099452
v 0.006869 0.450606 0.075197
v 0.007000 0.950920 -0.083076
v 0.007157 0.962514 -0.075704
v 0.007169 0.773200 -0.042169
v 0.007156 0.431367 0.073672
v 0.007255 0.733244 0.050526
v 0.007457 0.945778 0.091411
v 0.007482 0.853418 0.084176
v 0.007497 0.479531 0.084982
v 0.006922 0.374707 0.041778
v 0.007073 0.387531 -0.053347
v 0.007731 0.747303 0.029408
v 0.007735 0.653360 -0.084887
v 0.007875 0.484761 0.083392
v 0.007888 0.491328 0.084746
v 0.007937 0.965040 0.079695
v 0.008031 0.786072 -0.045474
v 0.008174 0.723004 0.052690
v 0.008257 0.973440 0.071547
v 0.008319 0.721451 0.040731
v 0.008321 0.758532 0.027329
v 0.008685 0.929101 0.097603
v 0.002208 0.305975 -0.004124
v 0.008827 0.877945 -0.100225
v 0.008859 0.732939 0.045615
v 0.004716 0.335663 -0.021248
v 0.008935 0.488325 -0.071239
v 0.008960 0.695112 -0.081540
v 0.009052 0.492971 -0.075590
v 0.008863 0.404088 0.066755
v 0.009145 0.817995 0.092415
v 0.009296 0.468507 0.082539
v 0.009362 0.469850 -0.078146
v 0.009381 0.934092 -0.088455
v 0.009430 0.720325 0.050252
v 0.009457 0.987773 0.048030
v 0.009389 0.427643 0.072280
v 0.007700 0.362147 0.036823
v 0.007784 0.363244 -0.029611
v 0.009594 0.899035 0.126407
v 0.009659 0.452387 0.074057
v 0.009814 0.825482 0.098950
v 0.003676 0.310225 0.015572
v 0.009958 0.955364 0.085956
v 0.009960 0.815347 0.094195
v 0.010020 0.733883 0.057088
v 0.010064 0.901561 0.124033
v 0.010187 0.729211 0.056034
v 0.010220 0.499915 -0.081045
v 0.010258 0.891457 0.123409
v 0.009312 0.374039 -0.036336
v 0.010589 0.874080 -0.081250
v 0.010675 0.821007 0.094834
v 0.011029 0.716384 0.050465
v 0.011081 0.873502 0.083818
v 0.011101 0.979221 -0.055224
v 0.011377 0.724844 0.038023
v 0.011463 0.738204 0.055368
v 0.010517 0.380394 0.051074
v 0.011551 0.493860 -0.078618
v 0.011012 0.405115 -0.070552
v 0.011600 0.837533 -0.076123
v 0.011680 0.764162 0.030610
v 0.011978 0.749950 -0.053687
v 0.012001 0.450629 0.077443
v 0.012055 0.538208 -0.079546
v 0.012198 0.487817 -0.074746
v 0.012393 0.761727 0.064296
v 0.012531 0.831020 0.086929
v 0.003594 0.269858 -0.009936
v 0.012598 0.997481 0.009143
v 0.012769 0.738143 0.031577
v 0.012926 0.546995 0.075027
v 0.003787 0.264506 0.007220
v 0.013161 0.764405 -0.052295
v 0.013162 0.444963 -0.077427
v 0.006680 0.308287 -0.024430
v 0.013732 0.837228 0.083590
v 0.013784 0.980713 0.059188
v 0.013788 0.732391 0.037782
v 0.013613 0.416785 0.070746
v 0.014210 0.482503 0.082533
v 0.014364 0.802597 0.092270
v 0.014380 0.731250 0.054337
v 0.014428 0.729333 0.035318
v 0.014454 0.615237 -0.080710
v 0.014527 0.462825 -0.077705
v 0.006179 0.279522 0.018784
v 0.014546 0.866685 0.083141
v 0.014590 0.452555 0.074549
v 0.014678 0.460086 0.082061
v 0.014857 0.882997 0.082738
v 0.014900 0.763614 0.026897
v 0.014956 0.814008 -0.065281
v 0.015040 0.599352 -0.080223
v 0.015229 0.564203 -0.078412
v 0.015280 0.873745 0.086420
v 0.004214 0.241975 0.000220
v 0.012725 0.357489 -0.037265
v 0.015355 0.819913 0.086116
v 0.015495 0.752476 -0.053960
v 0.015534 0.895596 0.079215
v 0.006418 0.268276 -0.021167
v 0.015601 0.490560 0.077351
v 0.015642 0.805457 0.093085
v 0.015644 0.790090 -0.047883
v 0.005457 0.251970 -0.015004
v 0.015843 0.798337 -0.055109
v 0.015900 0.731341 0.056358
v 0.015904 0.739786 0.054140
v 0.015704 0.429742 -0.077453
v 0.015996 0.853296 -0.078816
v 0.016072 0.683716 -0.083334
v 0.015646 0.416933 -0.075423
v 0.016194 0.995472 0.013803
v 0.009536 0.301433 0.029319
v 0.016499 0.742905 0.042064
v 0.016634 0.771374 0.074643
v 0.016728 0.458080 0.084411
v 0.017126 0.667191 -0.084659
v 0.004574 0.214376 0.000481
v 0.017205 0.486884 0.084730
v 0.017239 0.772044 -0.046634
v 0.017240 0.772926 -0.039392
v 0.015853 0.375542 -0.045905
v 0.017309 0.731280 0.045336
v 0.017357 0.747622 0.027031
v 0.004634 0.211481 -0.010220
v 0.017522 0.988016 0.041467
v 0.015635 0.365571 0.047733
v 0.017757 0.701564 0.054923
v 0.017774 0.848609 0.081200
v 0.017795 0.733776 0.032640
v 0.006117 0.226721 -0.016790
v 0.018245 0.799341 0.083476
v 0.018267 0.734294 0.059362
v 0.018296 0.990360 0.032438
v 0.018443 0.644779 0.076903
v 0.018518 0.452480 0.083757
v 0.018678 0.690274 0.059568
v 0.018706 0.547699 0.082860
v 0.000220 0.106407 -0.011604
v 0.018774 0.894135 0.123295
v 0.018853 0.757893 0.023515
v 0.018929 0.534064 0.074943
v 0.018981 0.744427 0.044841
v 0.019107 0.588952 0.083818
v 0.017139 0.381956 -0.052528
v 0.019193 0.550528 -0.080003
v 0.019224 0.645204 0.080729
v 0.019262 0.488847 0.081886
v 0.019439 0.529868 0.082715
v 0.001420 0.115394 -0.011692
v 0.019500 0.662840 0.072558
v 0.007804 0.230191 0.015211
v 0.019568 0.616866 0.080707
v 0.019724 0.871768 -0.096557
v 0.019751 0.621392 0.076484
v 0.019751 0.767296 0.068652
v 0.001277 0.107773 -0.000789
v 0.019861 0.455294 0.074544
v 0.019862 0.564858 0.079756
v 0.019876 0.563884 0.084480
v 0.019943 0.729303 0.041358
v 0.020004 0.784946 -0.037067
v 0.020082 0.905486 0.100221
v 0.020126 0.486371 0.076389
v 0.020139 0.729774 0.059309
v 0.020143 0.653604 0.072878
v 0.020208 0.773535 -0.042435
v 0.020262 0.581337 0.079885
v 0.009697 0.248942 -0.026982
v 0.002272 0.113914 -0.021002
v 0.005016 0.163810 -0.009976
v 0.011404 0.270767 -0.031274
v 0.020511 0.484176 0.084730
v 0.020601 0.510515 0.083118
v 0.020627 0.549981 0.080007
v 0.013654 0.307856 -0.035975
v 0.020700 0.595525 0.078531
v 0.020702 0.815835 0.089509
v 0.020734 0.625927 0.073524
v 0.020771 0.738234 0.029308
v 0.020778 0.735799 0.047034
v 0.020883 0.744473 0.033414
v 0.014197 0.305481 0.036772
v 0.002686 0.106048 -0.025028
v 0.021199 0.648005 0.070147
v 0.021282 0.764831 0.047190
v 0.020136 0.393745 0.060928
v 0.021452 0.457743 0.084746
v 0.021474 0.552374 0.088717
v 0.021474 0.799888 0.087135
v 0.021708 0.766171 0.023134
v 0.021862 0.662657 0.067370
v 0.022016 0.495222 -0.079052
v 0.022033 0.507410 0.087843
v 0.022100 0.906642 0.098159
v 0.022102 0.604739 0.084693
v 0.022144 0.520830 0.089144
v 0.022187 0.664133 0.078181
v 0.022258 0.460057 -0.074199
v 0.004028 0.114797 0.005859
v 0.022207 0.747714 0.036138
v 0.022391 0.536878 0.087508
v 0.007242 0.167617 0.005334
v 0.022467 0.725331 0.040989
v 0.022509 0.629624 0.082061
v 0.022523 0.483806 0.081718
v 0.010348 0.221871 -0.027126
v 0.022598 0.742890 0.047837
v 0.022637 0.637551 0.072924
v 0.022695 0.673461 0.066948
v 0.022725 0.830320 -0.070881
v 0.022742 0.577342 0.085994
v 0.022763 0.726670 0.055654
v 0.019796 0.367864 -0.047661
v 0.022842 0.651748 -0.083898
v 0.003300 0.079160 0.000420
v 0.007622 0.164097 -0.024258
v 0.022973 0.737778 0.040523
v 0.023053 0.458223 0.080401
v 0.023054 0.617147 0.081856
v 0.023054 0.812943 -0.062192
v 0.023094 0.985460 -0.042500
v 0.003514 0.078639 -0.016991
v 0.023192 0.653741 0.070736
v 0.005803 0.125494 -0.004588
v 0.023371 0.742844 0.026023
v 0.023380 0.746953 0.041075
v 0.004244 0.091930 -0.009662
v 0.023480 0.738858 -0.061850
v 0.023482 0.650849 0.080661
v 0.019441 0.349804 -0.044554
v 0.022240 0.394270 -0.064770
v 0.023804 0.673902 0.064015
v 0.006357 0.124887 -0.017837
v 0.023891 0.910386 -0.088995
v 0.023891 0.990238 0.034627
v 0.013241 0.247580 0.029061
v 0.024027 0.608892 0.073677
v 0.024112 0.793254 -0.047338
v 0.024148 0.837015 0.080714
v 0.024196 0.552210 0.089060
v 0.005799 0.110802 0.012969
v 0.024213 0.986860 0.043737
v 0.024259 0.564501 0.084792
v 0.024274 0.509612 0.077328
v 0.024295 0.841610 0.083613
v 0.006363 0.116070 -0.026728
v 0.007482 0.138032 -0.001764
v 0.024350 0.676611 0.071509
v 0.024417 0.901469 0.118776
v 0.024446 0.993129 0.021387
v 0.024540 0.777978 -0.034256
v 0.006731 0.118612 -0.015128
v 0.024685 0.988991 -0.033713
v 0.024743 0.501060 0.081573
v 0.024825 0.750590 -0.050302
v 0.008028 0.136771 -0.019094
v 0.024859 0.948212 0.084290
v 0.005186 0.070622 -0.013446
v 0.024974 0.492473 -0.069808
v 0.024976 0.879924 -0.097204
v 0.025042 0.958680 0.077754
v 0.025134 0.936983 -0.083076
v 0.025136 0.977091 -0.055421
v 0.006029 0.092675 -0.024530
v 0.025159 0.711120 0.048498
v 0.025177 0.930592 0.091304
v 0.025181 0.860204 0.080029
v 0.025188 0.960902 -0.071329
v 0.005537 0.071391 -0.001335
v 0.025287 0.991515 -0.025469
v 0.014327 0.244051 -0.034041
v 0.025328 0.769122 0.025954
v 0.025348 0.995320 0.008631
v 0.025377 0.993980 -0.015965
v 0.025390 0.986008 -0.039350
v 0.025390 0.986373 -0.038501
v 0.025398 0.947847 -0.079188
v 0.025431 0.760266 0.018629
v 0.025453 0.515719 0.078379
v 0.025552 0.879224 0.080904
v 0.025553 0.968266 0.068895
v 0.025555 0.894044 -0.089109
v 0.025567 0.874720 -0.077286
v 0.025643 0.537912 -0.078534
v 0.025704 0.980774 0.053489
v 0.025742 0.739954 0.039763
v 0.025748 0.986008 -0.038501
v 0.025805 0.505689 0.089311
v 0.025815 0.516297 0.076427
v 0.025963 0.770187 -0.044261
v 0.025997 0.911937 0.095184
v 0.026016 0.989112 0.033922
v 0.026244 0.747607 0.022429
v 0.026284 0.455466 0.076127
v 0.008284 0.117830 0.003050
v 0.026220 0.447178 0.072923
v 0.012281 0.186793 0.017518
v 0.026429 0.896417 -0.085055
v 0.026566 0.937530 0.085416
v 0.026609 0.733867 0.045487
v 0.009052 0.125964 0.008444
v 0.026680 0.924628 -0.082567
v 0.026760 0.924506 0.089006
v 0.026790 0.960232 -0.067015
v 0.026802 0.990056 -0.018778
v 0.026863 0.975479 0.054737
v 0.026867 0.983634 0.040794
v 0.026868 0.943799 -0.077180
v 0.026882 0.685344 0.059891
v 0.026897 0.727112 0.060641
v 0.007774 0.094567 0.010576
v 0.026926 0.956550 0.075335
v 0.026931 0.895109 0.076926
v 0.026951 0.991394 0.010420
v 0.026982 0.984243 -0.036961
v 0.026991 0.751745 0.025387
v 0.027047 0.849827 0.084822
v 0.027106 0.913155 0.091000
v 0.027188 0.972496 -0.054691
v 0.027227 0.493099 -0.075544
v 0.027332 0.787746 -0.037782
v 0.027360 0.500421 -0.080071
v 0.027391 0.860629 -0.076236
v 0.027415 0.502034 0.077169
v 0.027491 0.488475 -0.069975
v 0.027517 0.877032 0.083703
v 0.027603 0.591022 0.084092
v 0.027779 0.786711 -0.030803
v 0.027840 0.752506 0.019067
v 0.027933 0.736362 0.032370
v 0.027937 0.902777 0.110088
v 0.027937 0.902777 0.110088
v 0.012762 0.164707 -0.034049
v 0.028099 0.751259 0.034660
v 0.028146 0.721071 -0.071649
v 0.021402 0.312140 -0.043726
v 0.008457 0.068363 -0.007307
v 0.028234 0.674632 0.074133
v 0.028305 0.799980 0.079823
v 0.025806 0.378350 -0.054420
v 0.028361 0.902777 0.109875
v 0.010275 0.112542 -0.039204
v 0.010153 0.108278 -0.040418
v 0.008909 0.078292 -0.035747
v 0.028551 0.789602 0.076557
v 0.028584 0.755215 -0.048346
v 0.028604 0.498781 0.085728
v 0.028779 0.752506 0.019235
v 0.028787 0.902687 0.110088
v 0.028787 0.902838 0.109236
v 0.011390 0.124264 -0.030800
v 0.028915 0.742723 0.033570
v 0.028932 0.855426 0.082563
v 0.028991 0.733183 0.053139
v 0.029078 0.772226 -0.031240
v 0.010119 0.098693 0.016194
v 0.009501 0.072551 -0.033149
v 0.010125 0.091727 -0.035608
v 0.029295 0.754576 0.024690
v 0.029470 0.870003 0.082928
v 0.010073 0.083915 0.019120
v 0.026432 0.363643 0.053838
v 0.029643 0.694778 0.055748
v 0.029729 0.894013 0.085302
v 0.029740 0.742693 0.034945
v 0.029902 0.558875 0.071744
v 0.012927 0.136403 0.013867
v 0.029984 0.694200 0.061375
v 0.010307 0.073774 0.014094
v 0.030173 0.766840 0.012184
v 0.030185 0.847484 -0.073460
v 0.030290 0.768970 0.048479
v 0.030299 0.583893 0.072421
v 0.030318 0.803936 0.084579
v 0.030404 0.771983 0.014705
v 0.030440 0.559434 0.073052
v 0.020341 0.254949 0.037054
v 0.029201 0.401339 0.063989
v 0.030499 0.867203 0.078735
v 0.030621 0.572550 0.082692
v 0.030641 0.514940 0.088520
v 0.030779 0.823138 0.081521
v 0.030789 0.756280 0.015224
v 0.030860 0.809901 0.081604
v 0.030862 0.543591 0.076438
v 0.011171 0.018605 0.056422
v 0.021658 0.270228 -0.042115
v 0.031007 0.792920 -0.042215
v 0.011220 0.067461 -0.021980
v 0.023632 0.297745 0.044282
v 0.031212 0.716278 0.058366
v 0.019020 0.220331 -0.038125
v 0.031290 0.485110 -0.074304
v 0.031292 0.690731 0.066331
v 0.031362 0.521760 0.075932
v 0.031376 0.837349 -0.070036
v 0.011698 0.018508 0.073103
v 0.011708 0.001925 0.062270
v 0.031403 0.872559 -0.095576
v 0.031410 0.721193 0.061074
v 0.014642 0.136198 -0.034028
v 0.013080 0.109815 0.023319
v 0.016585 0.168057 -0.038833
v 0.031665 0.770430 0.034692
v 0.019647 0.224007 0.030609
v 0.031726 0.550647 -0.078207
v 0.031787 0.661881 0.076743
v 0.030386 0.402044 -0.069131
v 0.031793 0.535715 0.086451
v 0.012043 0.068694 -0.032559
v 0.031856 0.872133 -0.083160
v 0.031871 0.790820 -0.027588
v 0.031904 0.758623 0.012549
v 0.012196 0.018798 0.039733
v 0.031988 0.756371 0.023622
v 0.029752 0.382151 0.057995
v 0.012181 0.034969 -0.004977
v 0.032045 0.803753 -0.052295
v 0.016088 0.153737 0.019596
v 0.012465 0.003178 0.044167
v 0.012361 0.024612 -0.018079
v 0.012539 0.002225 0.077391
v 0.032299 0.469627 -0.075606
v 0.012445 0.034410 -0.013336
v 0.032298 0.523022 0.074069
v 0.012789 0.080727 -0.041626
v 0.012584 0.004820 -0.017380
v 0.032498 0.704592 0.050183
v 0.012722 0.067476 -0.014824
v 0.012691 0.041790 0.002253
v 0.032510 0.800041 0.077823
v 0.032529 0.487439 -0.072364
v 0.012715 0.024463 -0.003111
v 0.012854 0.025752 0.068289
v 0.032606 0.718636 0.051774
v 0.032604 0.987985 0.019830
v 0.012909 0.007749 0.035167
v 0.012878 0.024360 0.021555
v 0.012898 0.024775 -0.025921
v 0.012912 0.055899 -0.015913
v 0.032764 0.904846 0.094599
v 0.013029 0.068710 -0.004939
v 0.013082 0.010651 0.023779
v 0.032837 0.789846 -0.034245
v 0.013106 0.022059 0.034418
v 0.013098 0.017373 0.005894
v 0.032912 0.486768 0.074567
v 0.032984 0.772713 -0.030334
v 0.033030 0.800892 0.077823
v 0.033030 0.801745 0.078089
v 0.013849 0.089869 -0.041583
v 0.013260 0.012814 -0.003397
v 0.033095 0.844866 0.081513
v 0.013411 0.032881 0.051757
v 0.033126 0.884549 -0.086667
v 0.033160 0.897513 -0.081569
v 0.033161 0.746618 0.027883
v 0.015467 0.123260 0.018422
v 0.033253 0.743180 0.041079
v 0.013580 0.035793 0.073088
v 0.013521 0.055330 -0.002378
v 0.013694 0.020609 0.068214
v 0.033460 0.912698 0.088283
v 0.013658 0.001994 -0.026301
v 0.033570 0.733214 0.028380
v 0.015803 0.117090 -0.035588
v 0.013949 0.026616 0.045342
v 0.013960 0.002368 -0.005394
v 0.014076 0.000400 0.073038
v 0.031435 0.384088 -0.058829
v 0.033799 0.760905 0.008551
v 0.014016 0.000705 -0.017456
v 0.028871 0.340387 -0.049628
v 0.033848 0.699663 0.060674
v 0.014023 0.021482 -0.031809
v 0.014081 0.011682 -0.001360
v 0.014033 0.034915 -0.023908
v 0.014099 0.026795 -0.011285
v 0.015739 0.114891 0.023334
v 0.023348 0.249529 -0.042157
v 0.014273 0.057624 -0.025150
v 0.014349 0.034466 0.011586
v 0.034145 0.775300 0.017002
v 0.014443 0.020859 0.049448
v 0.034168 0.485702 0.076697
v 0.018099 0.151602 0.021364
v 0.034265 0.496651 0.075096
v 0.034301 0.563511 -0.075643
v 0.014649 0.018293 0.086171
v 0.034373 0.753328 0.029508
v 0.034430 0.854544 0.076888
v 0.014909 0.003077 0.086575
v 0.034659 0.777765 -0.019044
v 0.014990 0.006317 0.034813
v 0.015147 0.079840 -0.044220
v 0.015137 0.079087 -0.044215
v 0.014960 0.060627 0.005970
v 0.034708 0.448730 -0.073619
v 0.034776 0.871159 -0.088744
v 0.034780 0.774174 0.002244
v 0.015087 0.002356 0.041106
v 0.014961 0.027087 -0.023161
v 0.015043 0.047011 0.017250
v 0.034822 0.760784 0.014766
v 0.034830 0.949063 -0.069557
v 0.034830 0.989081 -0.006375
v 0.034936 0.786194 -0.020205
v 0.015168 0.026792 0.004890
v 0.035005 0.551917 0.071021
v 0.035096 0.462650 -0.074267
v 0.035028 0.646437 -0.082171
v 0.035077 0.711836 0.044502
v 0.035084 0.777004 0.063391
v 0.015444 0.020150 0.079384
v 0.035149 0.841824 0.076941
v 0.035149 0.919362 0.085659
v 0.035229 0.899126 0.117605
v 0.015492 0.009247 0.023118
v 0.015503 0.033273 0.027384
v 0.015533 0.021566 0.039334
v 0.035321 0.763796 0.003533
v 0.035351 0.893831 -0.084994
v 0.015735 0.026905 0.084025
v 0.035420 0.562583 0.079116
v 0.035428 0.601452 -0.077667
v 0.015692 0.073079 -0.043772
v 0.032028 0.366372 -0.053838
v 0.035472 0.771191 -0.000960
v 0.035508 0.706692 -0.076937
v 0.020524 0.170679 0.025960
v 0.035553 0.743363 0.021004
v 0.015868 0.000558 0.048524
v 0.017468 0.116843 0.019868
v 0.015854 0.025934 0.025671
v 0.035648 0.875602 -0.094708
v 0.016029 0.040909 0.032007
v 0.016128 0.040875 0.077489
v 0.016028 0.008998 -0.002648
v 0.035818 0.771374 -0.033157
v 0.035826 0.812943 0.079322
v 0.016058 0.010388 0.006151
v 0.016030 0.002150 -0.034686
v 0.016775 0.097194 0.024308
v 0.035883 0.764131 -0.039259
v 0.016117 0.010549 -0.001472
v 0.035918 0.608451 0.080988
v 0.035944 0.584274 -0.076252
v 0.035975 0.773900 0.055270
v 0.036066 0.692236 -0.080527
v 0.036157 0.770765 -0.017778
v 0.016322 0.026087 -0.035950
v 0.036176 0.985034 -0.026573
v 0.036199 0.776974 -0.007638
v 0.036208 0.747486 0.023476
v 0.036260 0.910872 0.090962
v 0.036283 0.934122 -0.075605
v 0.016494 0.067188 -0.026496
v 0.035013 0.406801 -0.070450
v 0.016595 0.046480 0.032624
v 0.016566 0.000233 -0.006512
v 0.036409 0.778647 0.006222
v 0.030906 0.329261 0.051653
v 0.036420 0.894256 0.073597
v 0.036456 0.501323 0.083993
v 0.036455 0.877520 0.076351
v 0.036602 0.616964 -0.078177
v 0.016952 0.007840 0.030385
v 0.036694 0.787442 0.070063
v 0.036793 0.457460 0.076563
v 0.036849 0.711654 0.051933
v 0.017143 0.071704 0.008282
v 0.036848 0.736351 0.035685
v 0.036918 0.767053 -0.003722
v 0.036949 0.454741 0.070862
v 0.037008 0.717530 0.044540
v 0.026256 0.247951 0.040830
v 0.017366 0.017380 0.092866
v 0.017217 0.038809 -0.034423
v 0.017425 0.036978 0.087038
v 0.037112 0.582683 0.081216
v 0.037116 0.823260 -0.061653
v 0.037148 0.718365 0.038917
v 0.037151 0.800497 0.075263
v 0.024949 0.220841 -0.042798
v 0.019354 0.115481 -0.045404
v 0.037249 0.879558 -0.093925
v 0.037268 0.583536 0.081223
v 0.037275 0.584379 0.081269
v 0.037279 0.917324 0.089128
v 0.037314 0.553599 0.083795
v 0.037363 0.529294 0.073867
v 0.017585 0.001688 -0.003160
v 0.017556 0.000256 -0.033328
v 0.037436 0.899065 -0.082711
v 0.037451 0.829194 -0.063889
v 0.037673 0.709157 0.057221
v 0.020280 0.123679 -0.041896
v 0.017858 0.027151 -0.031326
v 0.037744 0.713341 0.059621
v 0.018107 0.074419 0.021510
v 0.037816 0.633870 0.077557
v 0.037870 0.892705 0.116837
v 0.018132 0.024499 -0.041489
v 0.037984 0.722443 0.052937
v 0.037993 0.752202 -0.041435
v 0.038044 0.784156 -0.005978
v 0.038050 0.495667 0.073673
v 0.038113 0.936678 0.078706
v 0.038134 0.500516 -0.078276
v 0.038219 0.494335 -0.075773
v 0.037237 0.415073 0.066921
v 0.018560 0.046788 0.050682
v 0.020237 0.112569 -0.049177
v 0.037798 0.429327 -0.073988
v 0.038398 0.765866 0.003803
v 0.038405 0.874324 0.078926
v 0.018699 0.067230 -0.040581
v 0.038553 0.720666 0.045043
v 0.038618 0.919697 -0.077279
v 0.021976 0.135529 -0.042545
v 0.019123 0.003047 0.095544
v 0.038862 0.792767 -0.018778
v 0.019345 0.079814 0.027050
v 0.019290 0.000825 0.092440
v 0.019368 0.078200 -0.047911
v 0.039025 0.891001 0.111580
v 0.039163 0.771009 -0.015678
v 0.019941 0.088210 -0.047130
v 0.039243 0.538464 -0.075597
v 0.019725 0.066944 0.019309
v 0.039459 0.531643 0.083887
v 0.039518 0.725006 0.032390
v 0.019726 0.055898 -0.037849
v 0.039634 0.761697 0.014232
v 0.039729 0.874872 -0.071413
v 0.020132 0.044830 0.084938
v 0.036961 0.377299 -0.056818
v 0.039920 0.809292 -0.050507
v 0.040033 0.712402 0.051910
v 0.040045 0.801014 -0.042257
v 0.040106 0.546413 0.084198
v 0.040155 0.543938 0.071637
v 0.025926 0.181275 -0.046034
v 0.020426 0.001963 -0.042376
v 0.031258 0.276412 -0.047474
v 0.040265 0.541960 0.069991
v 0.040783 0.979252 -0.033560
v 0.021084 0.041406 -0.041137
v 0.021378 0.049370 0.054723
v 0.022409 0.099115 -0.050311
v 0.041203 0.728478 0.038477
v 0.041262 0.733358 0.043266
v 0.039040 0.388066 0.059312
v 0.021695 0.047781 0.081491
v 0.021737 0.055291 0.038962
v 0.041461 0.678832 -0.081890
v 0.041536 0.895809 -0.082902
v 0.041574 0.600052 0.080523
v 0.041583 0.482830 0.076339
v 0.021859 0.067142 -0.036286
v 0.041715 0.887957 0.072178
v 0.041740 0.715798 0.052063
v 0.021913 0.027327 -0.038220
v 0.041857 0.489114 -0.067015
v 0.041916 0.962849 -0.053261
v 0.041935 0.796785 0.069884
v 0.042019 0.826881 0.075670
v 0.023555 0.110874 0.031754
v 0.022386 0.069896 -0.047664
v 0.022611 0.020088 0.094274
v 0.022463 0.013510 -0.046162
v 0.022710 0.039869 0.094692
v 0.038260 0.353613 0.055464
v 0.042404 0.766961 -0.026607
v 0.042419 0.770461 -0.018637
v 0.022649 0.000282 -0.042166
v 0.042484 0.785251 0.061196
v 0.022832 0.029096 0.096693
v 0.037585 0.343187 -0.052653
v 0.025542 0.136503 0.025803
v 0.023000 0.074865 0.017956
v 0.042735 0.733478 0.022616
v 0.042838 0.969027 0.049529
v 0.042913 0.866624 0.075574
v 0.042982 0.786682 0.003032
v 0.043042 0.758779 0.015734
v 0.043083 0.519792 0.081422
v 0.023482 0.016619 0.101707
v 0.043166 0.722743 -0.069451
v 0.043168 0.843954 -0.065495
v 0.043328 0.766810 0.001164
v 0.043351 0.901073 0.110514
v 0.043434 0.777461 0.034380
v 0.043431 0.735248 0.029225
v 0.031071 0.214335 -0.046387
v 0.025776 0.122503 0.026979
v 0.043701 0.719851 0.046132
v 0.043793 0.460116 -0.068751
v 0.028487 0.163515 -0.047779
v 0.024220 0.019327 0.100831
v 0.043982 0.863886 0.072285
v 0.044114 0.485016 -0.069839
v 0.044105 0.742036 0.031953
v 0.044157 0.752845 -0.033470
v 0.044393 0.800041 -0.028064
v 0.044431 0.803267 -0.023571
v 0.044403 0.740940 0.022315
v 0.026656 0.116486 -0.045643
v 0.024821 0.002895 0.102718
v 0.044530 0.903812 0.088193
v 0.035662 0.275569 0.046717
v 0.044751 0.724538 0.044958
v 0.024875 0.048441 -0.045474
v 0.044925 0.492833 -0.065745
v 0.025198 0.026773 -0.046946
v 0.045146 0.981900 0.016600
v 0.045249 0.899765 -0.074715
v 0.045435 0.871646 0.071329
v 0.045515 0.780138 0.022308
v 0.045703 0.464077 -0.071513
v 0.045656 0.564568 -0.072501
v 0.045762 0.584677 0.078401
v 0.045857 0.760205 -0.026820
v 0.045865 0.956124 0.060675
v 0.045036 0.420962 0.066265
v 0.045992 0.454907 -0.068644
v 0.046082 0.976695 0.031925
v 0.029342 0.135545 -0.047771
v 0.046139 0.981565 -0.015334
v 0.046181 0.763766 -0.022213
v 0.026565 0.024755 -0.050227
v 0.046573 0.489708 -0.070143
v 0.026878 0.054936 0.052813
v 0.046759 0.726321 0.039807
v 0.029447 0.124708 -0.048617
v 0.047018 0.765257 -0.004198
v 0.047024 0.494362 0.077983
v 0.027392 0.065884 0.033642
v 0.047128 0.785068 0.049830
v 0.028021 0.097997 0.031568
v 0.047168 0.667224 -0.081791
v 0.047257 0.857891 -0.065525
v 0.027712 0.048755 0.093330
v 0.047437 0.893374 0.065902
v 0.047450 0.501741 -0.075681
v 0.047470 0.939873 -0.064886
v 0.047481 0.897757 -0.077546
v 0.029719 0.113200 -0.054129
v 0.047748 0.457121 -0.071049
v 0.027867 0.013194 -0.050826
v 0.047789 0.494074 0.070382
v 0.027925 0.057445 -0.046406
v 0.033618 0.183988 0.034887
v 0.048085 0.469881 -0.072822
v 0.028197 0.067305 -0.047833
v 0.048045 0.816078 -0.047384
v 0.048208 0.646894 -0.080208
v 0.028335 0.037365 -0.047686
v 0.048250 0.916685 0.083011
v 0.048418 0.976879 -0.026454
v 0.037615 0.245575 -0.047488
v 0.048611 0.980865 -0.000125
v 0.048657 0.843619 0.068770
v 0.048684 0.584091 -0.072349
v 0.048749 0.879071 0.068122
v 0.048752 0.823990 0.069504
v 0.048840 0.551457 -0.072760
v 0.036822 0.223448 0.039657
v 0.029207 0.019449 0.106149
v 0.048952 0.757577 0.007970
v 0.049046 0.670159 0.068849
v 0.029472 0.054171 0.056797
v 0.049304 0.805032 -0.030928
v 0.029531 0.001674 -0.050573
v 0.049411 0.486997 0.068458
v 0.029642 0.066928 -0.044696
v 0.047180 0.391430 -0.061164
v 0.049526 0.501629 0.080638
v 0.049604 0.618323 -0.075492
v 0.049561 0.736703 0.031004
v 0.049616 0.732686 0.032015
v 0.049711 0.762123 -0.009386
v 0.030124 0.076887 -0.053278
v 0.049875 0.537845 -0.071847
v 0.049908 0.533602 0.078037
v 0.049997 0.713011 0.050761
v 0.046949 0.375675 -0.056464
v 0.041730 0.285723 -0.050298
v 0.030356 0.027460 -0.045538
v 0.050434 0.834794 -0.056023
v 0.036206 0.179589 -0.050754
v 0.050586 0.885431 -0.076601
v 0.050326 0.439564 -0.068861
v 0.050817 0.494362 -0.070820
v 0.031229 0.054171 0.083302
v 0.050897 0.739977 0.025380
v 0.051136 0.484341 0.071440
v 0.031452 0.071072 0.034734
v 0.031482 0.020636 0.102429
v 0.031520 0.002712 0.108234
v 0.051384 0.709071 -0.074575
v 0.046407 0.343865 -0.053440
v 0.051286 0.752628 -0.018805
v 0.044975 0.316927 0.053151
v 0.038683 0.207864 -0.049422
v 0.051672 0.458403 0.070119
v 0.051559 0.737041 0.025914
v 0.031972 0.034665 0.102779
v 0.051701 0.802536 -0.009618
v 0.032053 0.077509 0.026274
v 0.051842 0.473458 0.071001
v 0.051843 0.453062 0.065091
v 0.051734 0.756049 -0.013870
v 0.051808 0.746838 -0.043468
v 0.048063 0.362474 0.056116
v 0.051993 0.490824 0.067990
v 0.052005 0.913520 -0.069093
v 0.052016 0.786316 0.029229
v 0.052051 0.873168 -0.072250
v 0.052176 0.874050 -0.084963
v 0.052217 0.691416 0.060959
v 0.052229 0.891670 0.088786
v 0.050879 0.412064 -0.067217
v 0.052271 0.657666 0.070219
v 0.032616 0.074088 0.029783
v 0.032552 0.000419 -0.050281
v 0.052453 0.616329 0.072067
v 0.052524 0.607448 0.074985
v 0.052540 0.497921 -0.072828
v 0.052575 0.815408 0.061599
v 0.035769 0.137748 0.029956
v 0.033549 0.087441 -0.053672
v 0.033300 0.085825 0.034039
v 0.052884 0.452439 0.069082
v 0.052918 0.754756 -0.003098
v 0.033412 0.067257 0.035868
v 0.033423 0.009167 0.021811
v 0.033582 0.001556 0.107778
v 0.053264 0.849492 -0.058251
v 0.053275 0.899461 0.107600
v 0.053246 0.741549 0.018455
v 0.033459 0.051663 -0.050391
v 0.033604 0.002877 -0.004175
v 0.053408 0.488860 0.071634
v 0.053410 0.722864 0.042221
v 0.053435 0.813643 -0.021689
v 0.053537 0.802202 0.052914
v 0.033913 0.009785 -0.003801
v 0.042883 0.244656 0.045063
v 0.053793 0.880958 -0.083289
v 0.034198 0.028335 0.104765
v 0.053952 0.791277 0.016322
v 0.054017 0.892552 0.057894
v 0.054085 0.493256 -0.062535
v 0.054214 0.894135 0.108354
v 0.054178 0.745303 0.010289
v 0.054241 0.738828 -0.054616
v 0.054470 0.956763 -0.046512
v 0.054293 0.749947 -0.003533
v 0.054572 0.481094 0.073197
v 0.034936 0.041482 0.102741
v 0.036486 0.116194 0.034729
v 0.054732 0.948181 -0.053839
v 0.035104 0.063447 0.045509
v 0.038321 0.138898 -0.050980
v 0.035052 0.013969 -0.054341
v 0.054971 0.973379 -0.019612
v 0.055079 0.456740 0.071892
v 0.052698 0.391619 0.057996
v 0.055218 0.495206 0.075906
v 0.055394 0.634365 0.070995
v 0.055424 0.493377 -0.060199
v 0.055455 0.846813 0.060287
v 0.037112 0.112781 0.036523
v 0.055505 0.796632 0.039966
v 0.055656 0.562728 0.070953
v 0.055788 0.642521 -0.077698
v 0.036179 0.037357 -0.051597
v 0.036225 0.026766 -0.053181
v 0.056109 0.564607 -0.068134
v 0.056136 0.934335 0.066560
v 0.036542 0.065541 0.041186
v 0.036658 0.057818 0.057581
v 0.056425 0.490472 -0.064079
v 0.042072 0.179244 -0.052098
v 0.038409 0.117769 0.031005
v 0.056528 0.824903 -0.042853
v 0.056554 0.966044 -0.032248
v 0.036765 0.046800 -0.052118
v 0.056866 0.692705 -0.078109
v 0.052394 0.353865 -0.053435
v 0.056935 0.879801 0.055855
v 0.056954 0.817752 -0.035181
v 0.056954 0.972465 0.017251
v 0.038937 0.111124 -0.057045
v 0.037359 0.018202 0.110760
v 0.045889 0.237770 -0.048574
v 0.057187 0.500289 0.076724
v 0.037556 0.079849 0.023072
v 0.039443 0.115622 -0.051285
v 0.037395 0.024903 -0.055180
v 0.057331 0.889936 0.095656
v 0.057435 0.586746 -0.068545
v 0.057475 0.583224 0.071897
v 0.057551 0.898396 -0.068964
v 0.056858 0.426878 -0.065952
v 0.057681 0.898517 -0.065418
v 0.057966 0.873168 -0.078322
v 0.058118 0.480455 -0.066416
v 0.058059 0.487391 -0.062108
v 0.058066 0.503723 -0.070455
v 0.038374 0.064685 0.039340
v 0.058155 0.964036 0.035900
v 0.058159 0.798611 0.025861
v 0.058163 0.953933 0.049667
v 0.058258 0.460512 -0.061851
v 0.038496 0.057240 0.065795
v 0.058336 0.458657 -0.066735
v 0.058338 0.887927 -0.065038
v 0.058365 0.891061 0.050119
v 0.058399 0.891640 0.068378
v 0.058403 0.890148 0.102571
v 0.058449 0.455701 -0.062825
v 0.058455 0.494055 0.064148
v 0.038880 0.079482 0.032977
v 0.038902 0.060005 0.049885
v 0.058627 0.915467 0.071170
v 0.038953 0.046899 0.101653
v 0.058418 0.748995 -0.033836
v 0.038853 0.027454 -0.049526
v 0.038969 0.000438 -0.006271
v 0.038922 0.001443 -0.054560
v 0.049892 0.277021 0.047407
v 0.041588 0.123199 -0.052614
v 0.058970 0.537720 -0.067061
v 0.039136 0.057458 -0.051285
v 0.039221 0.068306 -0.052408
v 0.059277 0.617701 -0.071721
v 0.059228 0.464023 -0.064339
v 0.059167 0.822195 0.048095
v 0.039640 0.066368 -0.048407
v 0.059517 0.913763 0.074381
v 0.040525 0.098584 0.034942
v 0.059658 0.886131 -0.068537
v 0.059670 0.896021 -0.069747
v 0.056475 0.376874 -0.054830
v 0.059780 0.551605 -0.067305
v 0.040159 0.004356 0.112540
v 0.040105 0.010720 -0.003007
v 0.059852 0.867812 0.049678
v 0.059871 0.820399 -0.029554
v 0.059922 0.521976 0.074533
v 0.059920 0.934213 0.062147
v 0.059951 0.931901 -0.057209
v 0.047906 0.222194 0.040556
v 0.060042 0.970518 -0.000551
v 0.060236 0.902260 0.076313
v 0.059364 0.422541 0.061113
v 0.049937 0.253199 -0.048199
v 0.045114 0.161122 0.033603
v 0.060770 0.615521 0.068404
v 0.061012 0.902656 0.071375
v 0.061142 0.899978 0.098980
v 0.054109 0.311160 -0.051062
v 0.060859 0.749707 -0.026067
v 0.061316 0.889661 0.042674
v 0.041685 0.006452 0.031839
v 0.061431 0.840028 0.046592
v 0.061613 0.829346 -0.019044
v 0.042008 0.021610 0.107191
v 0.061948 0.676914 -0.079062
v 0.061773 0.818665 0.036468
v 0.047729 0.183098 -0.052252
v 0.060997 0.424336 -0.063120
v 0.060962 0.423493 -0.063105
v 0.056157 0.331501 0.052446
v 0.061055 0.425188 -0.063120
v 0.061974 0.812061 0.002111
v 0.042853 0.089432 -0.055105
v 0.062084 0.490900 0.061402
v 0.061807 0.742998 -0.046402
v 0.061760 0.749768 -0.015099
v 0.045626 0.138971 -0.051714
v 0.062249 0.872529 0.042817
v 0.042470 0.035920 -0.053034
v 0.042727 0.052346 0.097058
v 0.062441 0.603299 0.070466
v 0.062153 0.747993 -0.002036
v 0.062561 0.551780 0.070090
v 0.062728 0.816291 -0.003861
v 0.062735 0.811817 0.008398
v 0.063024 0.855213 -0.048026
v 0.043592 0.079662 -0.055627
v 0.063215 0.876150 -0.049663
v 0.063237 0.496131 -0.065889
v 0.063329 0.953507 -0.037417
v 0.046469 0.136105 0.030632
v 0.063481 0.829042 -0.022578
v 0.063557 0.493991 -0.061051
v 0.063595 0.861025 0.036324
v 0.063673 0.724066 -0.065267
v 0.063793 0.841245 -0.041895
v 0.063846 0.918846 0.063980
v 0.063854 0.814526 0.013718
v 0.063929 0.494377 0.059351
v 0.063953 0.487382 0.059922
v 0.062596 0.411370 -0.060894
v 0.044525 0.002617 0.037828
v 0.044675 0.084407 0.035455
v 0.064311 0.838537 0.034545
v 0.059183 0.343870 -0.051098
v 0.064341 0.961236 0.026759
v 0.044652 0.071144 0.037652
v 0.064454 0.945808 0.047841
v 0.064466 0.452609 0.063654
v 0.056845 0.298540 0.049024
v 0.044958 0.075959 0.030814
v 0.064665 0.453980 0.059115
v 0.045016 0.000886 0.091489
v 0.064995 0.824477 0.020203
v 0.065071 0.833576 -0.015423
v 0.065449 0.664208 -0.077692
v 0.065223 0.489499 -0.052956
v 0.065054 0.742785 0.012602
v 0.065352 0.484546 0.065707
v 0.050424 0.169031 -0.052075
v 0.045535 0.002038 -0.055671
v 0.065443 0.484661 0.062797
v 0.045815 0.002468 0.112723
v 0.065512 0.963245 -0.006735
v 0.065657 0.881841 -0.073255
v 0.046150 0.020788 0.112616
v 0.065848 0.944225 -0.043028
v 0.066319 0.618546 -0.068133
v 0.066076 0.897270 0.097452
v 0.066083 0.833758 0.018455
v 0.066169 0.458758 0.065444
v 0.065956 0.727973 -0.062309
v 0.066167 0.905273 -0.055239
v 0.066175 0.873898 -0.044458
v 0.065356 0.424335 -0.060212
v 0.066420 0.462168 0.063268
v 0.066395 0.875633 -0.072250
v 0.066502 0.888961 -0.055353
v 0.063889 0.390160 -0.054532
v 0.066517 0.957463 -0.022719
v 0.066562 0.961510 0.014442
v 0.066600 0.586144 0.065331
v 0.066684 0.539360 0.066332
v 0.066768 0.822529 0.013662
v 0.066826 0.499254 0.069778
v 0.066728 0.732692 0.028863
v 0.066859 0.581839 -0.062322
v 0.048561 0.113497 0.037010
v 0.049328 0.124822 0.032081
v 0.047296 0.058368 0.079141
v 0.066801 0.727824 -0.062310
v 0.050150 0.132590 -0.052033
v 0.063541 0.372903 0.052772
v 0.067103 0.951803 0.036891
v 0.067532 0.651932 -0.075027
v 0.067017 0.737793 0.021436
v 0.055225 0.224026 0.039414
v 0.067217 0.863065 -0.042173
v 0.067475 0.494070 0.065720
v 0.067237 0.732549 -0.058476
v 0.067669 0.485891 -0.056297
v 0.067648 0.501169 -0.064330
v 0.047958 0.027421 -0.051265
v 0.067643 0.727828 -0.062220
v 0.067962 0.459387 -0.054889
v 0.048075 0.044884 -0.053898
v 0.068184 0.626028 0.063374
v 0.068122 0.846753 0.015203
v 0.048561 0.053746 0.096845
v 0.068297 0.842493 -0.033028
v 0.068426 0.863460 0.035109
v 0.048604 0.025747 -0.055894
v 0.058599 0.262965 -0.046492
v 0.068525 0.562781 -0.060062
v 0.055631 0.205346 -0.049476
v 0.068575 0.730528 0.031217
v 0.068898 0.835676 0.019316
v 0.069151 0.652763 0.061828
v 0.069042 0.891275 0.094385
v 0.069118 0.840119 0.005477
v 0.069141 0.839663 0.029972
v 0.069141 0.846144 -0.016277
v 0.058446 0.246089 -0.046122
v 0.051436 0.113779 -0.054931
v 0.069262 0.720896 0.040367
v 0.063380 0.329814 0.049372
v 0.049530 0.034665 -0.053177
v 0.058966 0.251834 0.042654
v 0.069506 0.818269 0.009100
v 0.069423 0.730520 0.031118
v 0.051446 0.108531 -0.057734
v 0.069613 0.878341 0.038813
v 0.069728 0.928401 -0.045425
v 0.050114 0.032839 0.108501
v 0.069818 0.921098 0.053752
v 0.049988 0.000506 -0.054088
v 0.069833 0.877671 -0.037258
v 0.052572 0.123975 -0.052860
v 0.070154 0.691448 -0.075652
v 0.050004 0.054253 -0.052193
v 0.063133 0.312964 -0.048311
v 0.056344 0.190331 0.035345
v 0.070161 0.829224 0.003001
v 0.070229 0.843710 -0.025439
v 0.069984 0.441206 -0.056071
v 0.066707 0.373055 -0.050223
v 0.050607 0.062546 0.047967
v 0.061158 0.275345 0.043323
v 0.070262 0.730466 0.031112
v 0.070405 0.525023 0.066099
v 0.050629 0.068677 -0.052440
v 0.068162 0.397417 0.053147
v 0.070526 0.887745 0.038008
v 0.070541 0.855061 0.012386
v 0.070549 0.536150 -0.058578
v 0.051550 0.089714 -0.054570
v 0.051042 0.072981 0.028139
v 0.056625 0.182650 -0.050699
v 0.054149 0.137419 0.028171
v 0.051838 0.097054 0.033588
v 0.071051 0.840697 0.022574
v 0.070181 0.426505 0.055235
v 0.071218 0.708484 0.047750
v 0.071644 0.854361 -0.028927
v 0.051970 0.045043 0.105183
v 0.071652 0.816018 -0.007779
v 0.053919 0.114624 -0.051348
v 0.051959 0.066345 -0.048172
v 0.071903 0.855944 -0.011718
v 0.071946 0.455006 0.053348
v 0.071956 0.488361 0.051085
v 0.055433 0.137913 -0.050318
v 0.072047 0.493581 -0.045873
v 0.052344 0.000301 -0.008274
v 0.052421 0.066132 0.047508
v 0.072193 0.946082 -0.025294
v 0.072260 0.949703 0.022957
v 0.072337 0.562644 0.058023
v 0.052624 0.010404 -0.005542
v 0.052738 0.068309 0.041507
v 0.052914 0.000911 0.042887
v 0.072725 0.854726 0.015785
v 0.072732 0.938291 0.037480
v 0.072740 0.813643 0.003651
v 0.073082 0.494613 0.048959
v 0.073539 0.613872 -0.061666
v 0.073241 0.550605 -0.057308
v 0.073242 0.937469 -0.032324
v 0.073250 0.887806 0.082738
v 0.055252 0.117755 0.029861
v 0.073274 0.489427 -0.048369
v 0.053657 0.078138 -0.054377
v 0.073333 0.860751 0.006527
v 0.073425 0.898669 0.084784
v 0.073659 0.465664 -0.054282
v 0.073539 0.951042 0.005329
v 0.073547 0.574680 -0.056159
v 0.073748 0.615653 0.057412
v 0.073652 0.949277 -0.009395
v 0.073660 0.862304 -0.003536
v 0.073675 0.858530 -0.015673
v 0.053986 0.002126 -0.006500
v 0.072438 0.415907 -0.053672
v 0.054138 0.058999 0.063379
v 0.073851 0.812792 -0.000877
v 0.054029 0.001988 -0.054735
v 0.073953 0.600174 0.060986
v 0.074025 0.886557 0.030066
v 0.074109 0.843436 -0.000801
v 0.074585 0.684372 0.054942
v 0.074452 0.852900 0.006540
v 0.073950 0.747799 -0.008718
v 0.074551 0.906429 -0.042024
v 0.074574 0.487663 0.052965
v 0.064421 0.257808 -0.043333
v 0.074817 0.472128 0.056642
v 0.074695 0.828312 -0.015596
v 0.055082 0.022918 0.109056
v 0.074409 0.438876 0.053989
v 0.074817 0.879650 -0.023716
v 0.074924 0.900951 0.051652
v 0.055252 0.060875 0.052221
v 0.055086 0.027454 -0.050479
v 0.074954 0.872376 0.025368
v 0.075000 0.918358 0.044548
v 0.073298 0.409783 0.050891
v 0.075386 0.496212 0.060249
v 0.055751 0.004690 0.115255
v 0.075463 0.495337 -0.054486
v 0.075623 0.890209 -0.041666
v 0.075692 0.865073 0.014107
v 0.071885 0.369433 0.046932
v 0.075821 0.871372 -0.014875
v 0.075867 0.837776 -0.017797
v 0.056338 0.078547 0.029679
v 0.076056 0.538283 -0.053451
v 0.076065 0.868450 -0.004400
v 0.076137 0.483715 0.055163
v 0.076133 0.551073 0.056358
v 0.056317 0.054278 -0.050351
v 0.076217 0.490046 -0.040574
v 0.077151 0.642030 -0.066972
v 0.056874 0.077618 0.022632
v 0.076544 0.820642 0.002433
v 0.058300 0.113460 0.034247
v 0.071320 0.343547 -0.044784
v 0.069386 0.309853 -0.044152
v 0.059140 0.124640 0.028680
v 0.076734 0.889205 0.083529
v 0.064516 0.219194 -0.045189
v 0.076780 0.564379 -0.051884
v 0.076811 0.882054 -0.003340
v 0.076961 0.500938 0.060207
v 0.062551 0.177887 0.030385
v 0.077077 0.883970 0.011207
v 0.063030 0.181828 -0.047888
v 0.076875 0.439675 -0.048189
v 0.066772 0.251040 0.038122
v 0.071339 0.330508 0.043854
v 0.077444 0.458634 -0.043664
v 0.077488 0.587697 0.054208
v 0.074497 0.383316 -0.045848
v 0.077761 0.608470 0.055975
v 0.057911 0.042835 -0.051788
v 0.078086 0.668287 0.054756
v 0.078020 0.854665 -0.012372
v 0.078027 0.494616 0.053695
v 0.078035 0.822986 -0.011902
v 0.058406 0.066889 0.035141
v 0.078141 0.488622 0.041779
v 0.078142 0.934000 -0.019205
v 0.058619 0.083852 0.031589
v 0.078728 0.607354 -0.055640
v 0.078362 0.874811 -0.051070
v 0.078408 0.926118 0.031198
v 0.058661 0.024950 -0.053291
v 0.078537 0.936648 0.018063
v 0.061224 0.122787 -0.050561
v 0.078651 0.540584 0.053428
v 0.078735 0.876485 -0.058085
v 0.059038 0.001822 0.038418
v 0.078849 0.493259 -0.035759
v 0.078880 0.823808 -0.012164
v 0.078938 0.501981 -0.052819
v 0.078970 0.916107 -0.029596
v 0.059156 0.034040 -0.050550
v 0.062565 0.137357 -0.046858
v 0.079176 0.847149 -0.016414
v 0.079312 0.486971 -0.044824
v 0.067341 0.223788 0.031675
v 0.079453 0.706375 -0.070600
v 0.059721 0.002673 0.036252
v 0.080366 0.634737 -0.061796
v 0.078944 0.738169 -0.050932
v 0.059858 0.008149 0.025402
v 0.079706 0.459233 0.052404
v 0.060012 0.021853 0.113354
v 0.062871 0.136061 0.022672
v 0.079731 0.824355 -0.012181
v 0.079754 0.856156 0.001498
v 0.079663 0.724923 -0.063296
v 0.060818 0.096180 0.029590
v 0.079998 0.894074 0.079680
v 0.080005 0.494030 -0.045307
v 0.070939 0.277682 0.036176
v 0.080395 0.654069 0.052466
v 0.079610 0.731930 -0.057947
v 0.080257 0.935247 0.001837
v 0.080370 0.601223 0.053439
v 0.079596 0.743161 -0.041135
v 0.060635 0.029857 0.108759
v 0.060643 0.056301 0.089656
v 0.080325 0.820187 -0.008363
v 0.080348 0.858864 -0.002189
v 0.080409 0.526642 0.052805
v 0.060726 0.074077 0.030344
v 0.080292 0.716552 -0.067077
v 0.080515 0.494531 0.035805
v 0.080598 0.699145 0.048816
v 0.065610 0.169526 0.026548
v 0.080538 0.819548 -0.002685
v 0.079926 0.746963 -0.004105
v 0.069082 0.232640 -0.041166
v 0.065741 0.170797 0.026662
v 0.080791 0.460552 -0.045121
v 0.060936 0.001456 -0.052176
v 0.061007 0.066741 -0.043924
v 0.081404 0.685039 -0.072968
v 0.081749 0.614685 -0.052622
v 0.080649 0.737927 0.021417
v 0.081085 0.568487 -0.046619
v 0.080450 0.429766 0.049749
v 0.080843 0.743244 0.010128
v 0.080634 0.745766 -0.032152
v 0.061762 0.071786 -0.050452
v 0.061831 0.009242 0.019844
v 0.080823 0.747140 -0.022515
v 0.081457 0.727840 0.034108
v 0.081725 0.488698 0.033996
v 0.081915 0.456224 0.042831
v 0.062818 0.090735 -0.050587
v 0.081944 0.490058 -0.029684
v 0.081961 0.883636 -0.054105
v 0.067525 0.176195 -0.044771
v 0.062322 0.069552 0.036874
v 0.062339 0.064974 0.038467
v 0.082060 0.855700 -0.008599
v 0.082151 0.713847 0.043103
v 0.082364 0.705586 0.046347
v 0.082441 0.489589 -0.037102
v 0.062751 0.067542 0.043019
v 0.082523 0.558593 -0.044653
v 0.062723 0.000021 -0.047431
v 0.082554 0.899186 0.033964
v 0.062765 0.027456 -0.047134
v 0.082638 0.892157 -0.024362
v 0.082815 0.695937 0.048944
v 0.082729 0.887866 0.071220
v 0.079039 0.370139 0.040177
v 0.082919 0.915132 -0.015233
v 0.080831 0.400989 -0.042416
v 0.083079 0.885736 -0.049137
v 0.063325 0.067304 -0.046453
v 0.063357 0.050691 -0.047469
v 0.083529 0.700019 -0.069585
v 0.063433 0.026453 -0.049605
v 0.083335 0.487375 0.044196
v 0.063597 0.006658 0.029619
v 0.083322 0.835919 -0.015908
v 0.080481 0.388415 0.042840
v 0.083361 0.562865 0.041565
v 0.084339 0.666897 -0.070290
v 0.083543 0.918541 0.015845
v 0.073794 0.265415 -0.036140
v 0.084128 0.614834 0.042694
v 0.083520 0.720076 -0.056020
v 0.065721 0.108987 -0.052259
v 0.083805 0.710803 -0.060828
v 0.083338 0.729189 -0.048168
v 0.083932 0.704307 0.038247
v 0.077238 0.319542 -0.037635
v 0.083548 0.726780 -0.057793
v 0.083926 0.712020 -0.064931
v 0.077543 0.323534 0.035449
v 0.083412 0.745438 -0.002518
v 0.084166 0.489208 0.036925
v 0.064574 0.079350 -0.050582
v 0.084175 0.848427 -0.003018
v 0.083493 0.735227 -0.039101
v 0.083409 0.428162 0.040470
v 0.084280 0.494372 0.024854
v 0.084160 0.718319 0.030380
v 0.084646 0.699784 -0.063990
v 0.064688 0.058031 0.074614
v 0.083717 0.739046 -0.044637
v 0.084441 0.828555 -0.011946
v 0.083736 0.745184 -0.021958
v 0.084563 0.897117 0.066419
v 0.084677 0.482959 0.045422
v 0.083850 0.742228 -0.034709
v 0.083851 0.739488 -0.028073
v 0.081399 0.379797 -0.038310
v 0.074359 0.253622 0.030583
v 0.084783 0.493667 -0.020219
v 0.084798 0.827673 -0.004348
v 0.084829 0.880745 -0.003692
v 0.085483 0.630365 0.042436
v 0.085046 0.688296 0.042893
v 0.084660 0.723010 0.033885
v 0.084509 0.734251 0.023017
v 0.085006 0.465551 -0.040797
v 0.065035 0.039085 -0.047808
v 0.084918 0.705317 0.043908
v 0.084935 0.488893 0.023351
v 0.085235 0.676663 0.050787
v 0.084527 0.731863 0.016763
v 0.067168 0.113895 -0.044051
v 0.085057 0.845597 -0.013535
v 0.084276 0.741191 -0.016984
v 0.085804 0.686422 -0.065143
v 0.065447 0.071775 0.027649
v 0.065472 0.057926 0.057597
v 0.084624 0.736905 0.007816
v 0.084580 0.742783 0.003735
v 0.085209 0.532492 -0.042309
v 0.085329 0.458221 -0.029928
v 0.085293 0.909837 -0.001562
v 0.084579 0.740258 -0.003508
v 0.068788 0.137737 -0.041422
v 0.083482 0.407429 0.041669
v 0.086001 0.642522 0.044538
v 0.065702 0.021032 0.112738
v 0.086028 0.686408 -0.068661
v 0.065711 0.058769 0.051339
v 0.067916 0.124234 0.022156
v 0.085545 0.489795 -0.017968
v 0.085590 0.587643 0.040664
v 0.071462 0.182998 0.023289
v 0.065991 0.001556 0.096039
v 0.085688 0.568251 -0.038509
v 0.070450 0.163080 0.020692
v 0.067750 0.115688 0.024307
v 0.067515 0.112176 0.027894
v 0.086938 0.674551 -0.063868
v 0.085940 0.839206 -0.004023
v 0.086381 0.675492 0.043685
v 0.066210 0.067269 -0.039729
v 0.066457 0.076164 0.021415
v 0.086416 0.681408 0.047791
v 0.086166 0.501412 0.045912
v 0.087444 0.627154 -0.050912
v 0.086198 0.897056 0.015139
v 0.081008 0.346212 -0.034948
v 0.066384 0.024893 -0.049112
v 0.087810 0.664381 -0.061254
v 0.068582 0.116352 0.018634
v 0.086632 0.894805 -0.001790
v 0.086640 0.877793 -0.044740
v 0.086670 0.886527 0.053717
v 0.087999 0.646667 -0.061029
v 0.087455 0.598528 -0.042319
v 0.086967 0.489222 -0.008119
v 0.087080 0.493862 0.007302
v 0.087095 0.498850 -0.039410
v 0.087125 0.496234 0.038283
v 0.087134 0.488873 0.008284
v 0.075274 0.225736 -0.035902
v 0.087903 0.666123 0.041802
v 0.067692 0.079820 0.026011
v 0.087354 0.493741 -0.007389
v 0.069526 0.112877 -0.046854
v 0.075640 0.226296 0.022247
v 0.067793 0.065144 0.036310
v 0.087545 0.535073 0.037807
v 0.087821 0.602450 0.041057
v 0.088903 0.662055 -0.064496
v 0.087636 0.843771 -0.009829
v 0.089379 0.653933 -0.056662
v 0.068015 0.023283 0.107557
v 0.087697 0.563991 -0.033180
v 0.088288 0.654796 0.046536
v 0.086508 0.420745 0.041559
v 0.087810 0.494994 0.029904
v 0.071086 0.135748 0.013420
v 0.087933 0.884884 -0.042492
v 0.087989 0.456482 0.032246
v 0.089516 0.615076 -0.039690
v 0.088245 0.878220 -0.020767
v 0.083827 0.360021 0.031204
v 0.089344 0.658061 0.038373
v 0.071194 0.124517 -0.043154
v 0.088585 0.463612 0.041306
v 0.068844 0.003472 0.111467
v 0.068831 0.010878 0.003312
v 0.068890 0.045651 0.102946
v 0.088610 0.893162 0.063573
v 0.088715 0.482210 -0.032035
v 0.069007 0.060226 0.051156
v 0.086707 0.403206 -0.033416
v 0.069072 0.062679 0.045640
v 0.088838 0.489906 0.021952
v 0.069194 0.040934 0.105480
v 0.079167 0.266229 -0.028806
v 0.074167 0.171616 -0.037316
v 0.080283 0.284888 0.023256
v 0.088998 0.549182 0.034744
v 0.069325 0.069129 0.032297
v 0.089140 0.458733 -0.017154
v 0.076206 0.206224 -0.034161
v 0.069544 0.005207 0.112829
v 0.069412 0.027402 -0.041957
v 0.082394 0.317454 0.026222
v 0.089358 0.458880 -0.027615
v 0.069484 0.069028 -0.045053
v 0.091464 0.644232 -0.048522
v 0.069697 0.050550 0.098427
v 0.090049 0.660563 0.044313
v 0.091123 0.649354 -0.057443
v 0.083696 0.334282 0.027320
v 0.089630 0.490465 -0.018295
v 0.069983 0.064583 0.041758
v 0.089721 0.547824 -0.033401
v 0.090807 0.626984 0.032080
v 0.091126 0.650054 0.033108
v 0.070193 0.000453 0.049015
v 0.070115 0.001589 -0.046027
v 0.089933 0.563078 0.023919
v 0.089948 0.494895 -0.025560
v 0.076292 0.191324 0.016686
v 0.090023 0.500999 0.034726
v 0.090557 0.605591 0.034322
v 0.071013 0.095174 0.021718
v 0.090260 0.488205 0.028754
v 0.070391 0.049028 -0.041498
v 0.083550 0.317732 -0.028376
v 0.070551 0.036902 -0.042551
v 0.090416 0.588689 0.029588
v 0.090482 0.490565 -0.008064
v 0.086713 0.372430 0.028535
v 0.090520 0.895991 0.050271
v 0.090550 0.564211 -0.024255
v 0.070837 0.009993 -0.006615
v 0.090671 0.886771 0.053550
v 0.090679 0.490510 0.008397
v 0.072510 0.107094 -0.046551
v 0.090894 0.487596 -0.024571
v 0.090956 0.458349 -0.008194
v 0.093105 0.637465 -0.040610
v 0.090914 0.494797 0.006589
v 0.071115 0.062283 -0.035276
v 0.074450 0.136975 -0.032180
v 0.086499 0.358749 -0.028543
v 0.092883 0.641652 0.025507
v 0.071598 0.054901 0.088644
v 0.071599 0.065278 0.026933
v 0.093037 0.616478 -0.030941
v 0.091494 0.458379 0.033176
v 0.091500 0.494767 -0.005909
v 0.091585 0.884610 0.035856
v 0.091625 0.450999 -0.007941
v 0.093556 0.633200 -0.047105
v 0.091597 0.446637 -0.010502
v 0.090903 0.427147 -0.017880
v 0.091897 0.457109 0.016156
v 0.093065 0.618054 0.022468
v 0.091957 0.453889 -0.006676
v 0.093064 0.648381 0.037477
v 0.092107 0.457105 0.007233
v 0.092055 0.496474 0.010373
v 0.076459 0.154841 0.009253
v 0.072312 0.025574 -0.043678
v 0.092323 0.530858 0.026345
v 0.074504 0.113715 -0.035243
v 0.090224 0.401946 -0.025357
v 0.092375 0.564333 -0.013753
v 0.092435 0.500611 0.023908
v 0.093006 0.677618 0.040468
v 0.094559 0.636904 -0.044968
v 0.075075 0.123523 0.011375
v 0.092539 0.515117 -0.022943
v 0.081111 0.233160 0.012773
v 0.083480 0.276637 -0.020784
v 0.092633 0.501088 -0.022091
v 0.092638 0.453690 0.005581
v 0.092658 0.561944 0.010334
v 0.095364 0.633602 0.012132
v 0.092848 0.484607 0.027907
v 0.073020 0.067977 -0.031360
v 0.092809 0.585863 0.020709
v 0.079043 0.188882 0.010202
v 0.082659 0.256616 0.015652
v 0.092908 0.564417 -0.004873
v 0.093902 0.598916 -0.027062
v 0.096037 0.632873 -0.030145
v 0.093701 0.601686 0.025228
v 0.093228 0.879375 -0.026800
v 0.080430 0.206801 -0.024454
v 0.093281 0.570579 0.009741
v 0.073556 0.000214 -0.039120
v 0.073704 0.059529 0.038712
v 0.090490 0.387767 0.026615
v 0.081904 0.230732 -0.023761
v 0.095086 0.616541 0.014215
v 0.074396 0.087803 -0.041752
v 0.092247 0.415850 0.019920
v 0.076909 0.134878 -0.001562
v 0.078745 0.166254 -0.026771
v 0.095074 0.637682 0.031946
v 0.093083 0.729467 0.017558
v 0.093752 0.499735 -0.008927
v 0.092312 0.414214 0.029509
v 0.093867 0.547323 -0.021396
v 0.085456 0.286447 0.008411
v 0.094078 0.501776 0.007787
v 0.076137 0.111302 -0.042230
v 0.090143 0.368591 -0.021739
v 0.074466 0.031165 0.105426
v 0.094344 0.464862 0.030272
v 0.094368 0.461977 -0.023937
v 0.088259 0.332063 0.015625
v 0.074672 0.020392 0.110212
v 0.097239 0.630159 -0.001406
v 0.077702 0.135513 -0.019365
v 0.094465 0.483418 -0.015831
v 0.096396 0.616405 -0.016670
v 0.094453 0.492484 -0.005852
v 0.094095 0.721165 0.025151
v 0.094612 0.548959 0.017695
v 0.094612 0.889265 -0.014273
v 0.076716 0.114426 0.000879
v 0.094798 0.487429 -0.007756
v 0.094818 0.586404 -0.014497
v 0.075051 0.044127 -0.035358
v 0.094939 0.880046 -0.007305
v 0.096773 0.615360 -0.004256
v 0.094955 0.888231 0.045768
v 0.075339 0.075040 0.014349
v 0.095069 0.492919 0.006098
v 0.094092 0.424121 0.001932
v 0.077738 0.122549 -0.032010
v 0.098098 0.630209 -0.014777
v 0.075410 0.072383 0.009109
v 0.095207 0.886131 -0.020300
v 0.092883 0.397997 -0.016214
v 0.082436 0.205553 -0.015425
v 0.097828 0.630696 -0.032810
v 0.086340 0.277398 -0.006554
v 0.095419 0.892674 0.044049
v 0.095910 0.598879 0.013288
v 0.095443 0.524131 0.009208
v 0.097553 0.634727 0.021940
v 0.079976 0.157504 -0.002714
v 0.095472 0.550420 -0.005408
v 0.087416 0.295413 -0.001011
v 0.088824 0.320966 -0.014109
v 0.093908 0.411993 0.008427
v 0.094548 0.736861 0.003627
v 0.075747 0.068175 -0.025170
v 0.093836 0.409017 -0.007332
v 0.084056 0.230151 -0.014388
v 0.095678 0.533987 -0.008848
v 0.095746 0.487230 0.007755
v 0.096759 0.601092 -0.012284
v 0.077610 0.112586 0.013427
v 0.094801 0.732548 -0.038216
v 0.081132 0.172228 -0.017165
v 0.092227 0.375480 0.014864
v 0.095852 0.544378 0.005890
v 0.083338 0.212643 -0.000668
v 0.076231 0.022401 0.107679
v 0.076234 0.027019 -0.032002
v 0.076284 0.025229 -0.038081
v 0.084812 0.235201 -0.003003
v 0.076332 0.061551 -0.024281
v 0.095046 0.739333 -0.008573
v 0.080992 0.162825 -0.009295
v 0.096558 0.594847 -0.000074
v 0.096373 0.458411 0.007580
v 0.076624 0.055319 0.070897
v 0.096111 0.708172 0.032478
v 0.077926 0.107708 0.014694
v 0.098736 0.624178 -0.025512
v 0.078481 0.113079 -0.018455
v 0.078445 0.114091 0.006077
v 0.099443 0.635328 0.002981
v 0.076869 0.059990 0.022924
v 0.077309 0.088562 0.012752
v 0.095604 0.738839 -0.020566
v 0.098818 0.626004 0.014129
v 0.097067 0.463648 0.023173
v 0.097093 0.883666 0.024676
v 0.077396 0.056632 0.035393
v 0.077388 0.066476 0.009457
v 0.077505 0.077646 0.014295
v 0.077505 0.053020 0.051685
v 0.091383 0.335691 0.001966
v 0.096872 0.716310 -0.053632
v 0.077613 0.001948 -0.007362
v 0.077700 0.022918 0.103372
v 0.097397 0.882084 -0.008234
v 0.079999 0.122892 -0.003239
v 0.077756 0.076400 -0.040446
v 0.099969 0.628979 0.007390
v 0.077652 0.048446 -0.027031
v 0.097559 0.487524 0.005670
v 0.093541 0.367706 -0.006903
v 0.079418 0.108113 -0.038335
v 0.095749 0.407499 0.017495
v 0.095115 0.393756 0.001760
v 0.097699 0.454358 0.006104
v 0.097897 0.454902 -0.006907
v 0.099783 0.671642 -0.058253
v 0.078241 0.067513 -0.032676
v 0.098184 0.460737 -0.008069
v 0.078372 0.001666 -0.034230
v 0.080777 0.121790 -0.019214
v 0.078489 0.068742 -0.014975
v 0.098392 0.479914 -0.005914
v 0.078733 0.000551 0.068086
v 0.098657 0.464604 0.006957
v 0.080598 0.112363 -0.029965
v 0.098538 0.892856 0.023705
v 0.101012 0.660095 -0.053337
v 0.078961 0.070211 -0.002939
v 0.096837 0.405883 0.005088
v 0.101422 0.626419 -0.006413
v 0.098842 0.889175 0.003408
v 0.099239 0.688262 0.037294
v 0.097840 0.734926 0.004034
v 0.079419 0.053348 0.048965
v 0.079388 0.000211 -0.010191
v 0.079459 0.073227 0.007620
v 0.102006 0.646116 0.017086
v 0.098596 0.718940 0.024006
v 0.098314 0.729941 0.013793
v 0.099261 0.884975 0.020438
v 0.099348 0.458823 0.001388
v 0.079548 0.062959 -0.002887
v 0.098295 0.731421 -0.037126
v 0.099439 0.458763 0.005192
v 0.098175 0.738179 -0.010521
v 0.081413 0.112413 -0.009392
v 0.099589 0.474478 0.005229
v 0.099608 0.464738 -0.005985
v 0.098324 0.736672 -0.024698
v 0.079844 0.027227 -0.021263
v 0.099720 0.706653 -0.056971
v 0.098815 0.726820 -0.043418
v 0.101019 0.675195 0.036426
v 0.099621 0.711393 0.028592
v 0.103197 0.649157 -0.043177
v 0.080454 0.041543 0.100169
v 0.080405 0.041207 -0.020471
v 0.080431 0.024795 -0.028548
v 0.082181 0.110173 0.003297
v 0.100843 0.700189 -0.058325
v 0.081314 0.088844 -0.031528
v 0.101922 0.688694 -0.059367
v 0.081242 0.010828 -0.005879
v 0.100312 0.722189 0.021636
v 0.081468 0.051635 0.018244
v 0.100576 0.721341 -0.048524
v 0.081925 0.088289 0.000446
v 0.081537 0.071839 -0.034385
v 0.081516 0.067672 -0.022222
v 0.103290 0.671025 -0.056121
v 0.081652 0.027726 -0.000346
v 0.081676 0.011105 -0.000172
v 0.101784 0.689658 0.035151
v 0.081699 0.001238 -0.022955
v 0.083434 0.108737 -0.026285
v 0.104309 0.661139 -0.051244
v 0.082107 0.047945 -0.004129
v 0.082211 0.010187 -0.007575
v 0.100830 0.735213 0.003174
v 0.082278 0.024886 -0.020161
v 0.082463 0.048450 0.092470
v 0.083938 0.109035 -0.009581
v 0.082569 0.051980 0.082397
v 0.082953 0.048142 0.044357
v 0.082912 0.039922 -0.000640
v 0.103906 0.674369 0.033984
v 0.083091 0.001757 -0.011034
v 0.083558 0.020210 0.105579
v 0.084103 0.089123 -0.022934
v 0.083596 0.035562 0.005475
v 0.083672 0.030009 0.099858
v 0.083606 0.012828 -0.009549
v 0.083809 0.004507 0.105191
v 0.083927 0.048130 0.037820
v 0.106963 0.648878 -0.038059
v 0.084088 0.043799 0.013945
v 0.105835 0.662560 0.026991
v 0.084187 0.026486 0.008797
v 0.084774 0.088534 -0.013562
v 0.104054 0.707428 -0.056570
v 0.104153 0.698426 0.033183
v 0.107963 0.641757 -0.021450
v 0.084781 0.010045 0.011067
v 0.084766 0.025083 0.003509
v 0.084924 0.050633 0.068901
v 0.107324 0.652747 0.015959
v 0.085010 0.012684 0.002395
v 0.085178 0.044416 0.034131
v 0.085154 0.069481 -0.009518
v 0.105819 0.693191 -0.059057
v 0.108621 0.643596 -0.000852
v 0.085518 0.041151 0.026934
v 0.085518 0.037162 0.021728
v 0.085610 0.041660 0.022662
v 0.106075 0.682959 0.035168
v 0.108696 0.656576 -0.046459
v 0.086145 0.002073 0.100040
v 0.086065 0.069637 -0.021731
v 0.086120 0.024944 0.019379
v 0.086273 0.012534 0.007353
v 0.086326 0.072206 -0.006323
v 0.086510 0.075126 -0.003654
v 0.086525 0.031991 0.017414
v 0.086595 0.025215 0.015632
v 0.087217 0.039625 0.095050
v 0.087305 0.077149 -0.023360
v 0.087234 0.032060 0.022809
v 0.108507 0.670660 0.031344
v 0.106650 0.715396 -0.052088
v 0.087544 0.021579 0.099797
v 0.087575 0.047294 0.085204
v 0.087575 0.022157 0.095065
v 0.087553 0.008589 0.019614
v 0.088137 0.023369 0.024397
v 0.088308 0.001663 0.035486
v 0.088831 0.018019 0.101083
v 0.089288 0.022634 0.019121
v 0.089409 0.006859 0.025951
v 0.109720 0.700858 -0.057468
v 0.089758 0.030313 0.093497
v 0.110987 0.682655 -0.057905
v 0.090131 0.042029 0.088377
v 0.090155 0.036512 0.033341
v 0.090320 0.008348 0.024274
v 0.090449 0.045434 0.075489
v 0.091340 0.010020 0.024777
v 0.091805 0.035061 0.089495
v 0.091831 0.021735 0.032765
v 0.091881 0.003121 0.031659
v 0.091909 0.021091 0.028102
v 0.092394 0.042385 0.065731
v 0.092518 0.019418 0.027757
v 0.092885 0.002712 0.095285
v 0.093370 0.026968 0.036065
v 0.093486 0.040811 0.077589
v 0.093553 0.001117 0.039540
v 0.094019 0.037434 0.081880
v 0.112455 0.724568 0.014634
v 0.094216 0.021640 0.082504
v 0.094340 0.004247 0.034226
v 0.094468 0.030800 0.083972
v 0.112488 0.734602 -0.024763
v 0.094632 0.036260 0.052153
v 0.094863 0.019115 0.093855
v 0.095052 0.030716 0.043117
v 0.095069 0.001191 0.087730
v 0.119069 0.645747 -0.011155
v 0.113694 0.732028 0.003016
v 0.096012 0.020757 0.089351
v 0.114910 0.713172 0.023247
v 0.096089 0.020985 0.045381
v 0.096537 0.002621 0.088651
v 0.116208 0.701910 0.028381
v 0.097160 0.019888 0.042092
v 0.097198 0.000696 0.050754
v 0.097273 0.021334 0.070019
v 0.097287 0.028048 0.051979
v 0.097319 0.028272 0.072035
v 0.097437 0.002427 0.044526
v 0.097617 0.020992 0.054120
v 0.115566 0.734787 -0.006515
v 0.097879 0.030275 0.063095
v 0.115832 0.735576 -0.014772
v 0.121434 0.657222 -0.041322
v 0.098859 0.017943 0.045176
v 0.098895 0.000703 0.069799
v 0.099040 0.020788 0.080024
v 0.099428 0.002864 0.080701
v 0.099657 0.002097 0.052972
v 0.120794 0.674837 0.028544
v 0.117949 0.732357 -0.029857
v 0.100083 0.018537 0.081972
v 0.123457 0.649606 -0.026567
v 0.123657 0.647454 -0.017732
v 0.100576 0.001221 0.068475
v 0.100817 0.002496 0.059064
v 0.101055 0.020512 0.068346
v 0.101337 0.002438 0.067357
v 0.101568 0.018864 0.056640
v 0.121268 0.712682 -0.050628
v 0.102121 0.018263 0.073070
v 0.102378 0.017773 0.063503
v 0.125749 0.650507 -0.001109
v 0.125294 0.658127 0.013589
v 0.123349 0.688314 0.029599
v 0.127612 0.664862 -0.046168
v 0.123320 0.723803 0.012755
v 0.125724 0.699427 -0.054403
v 0.129763 0.655350 -0.033845
v 0.127009 0.698261 -0.054360
v 0.129916 0.668874 0.022276
v 0.131442 0.678694 -0.052619
v 0.132880 0.688901 -0.053755
v 0.132071 0.702856 -0.052463
v 0.135132 0.671863 -0.048786
v 0.136943 0.651597 -0.017838
v 0.137489 0.662218 -0.040657
v 0.133275 0.723619 -0.040197
v 0.133993 0.715363 0.018375
v 0.139574 0.653647 -0.024907
v 0.136697 0.697424 -0.052981
v 0.134318 0.730404 0.001605
v 0.136198 0.705650 0.023129
v 0.139608 0.678407 -0.051232
v 0.141500 0.652170 -0.007675
v 0.142086 0.666987 -0.044470
v 0.138919 0.728185 -0.033174
v 0.141457 0.691841 0.025906
v 0.140983 0.716768 -0.045174
v 0.142973 0.681297 0.024835
v 0.141146 0.723012 0.011518
v 0.146459 0.656389 0.003212
v 0.144241 0.705954 -0.050466
v 0.147166 0.661175 0.011172
v 0.147831 0.658196 -0.032694
v 0.142658 0.733026 -0.018777
v 0.145302 0.732963 -0.010493
v 0.145874 0.730922 -0.026811
v 0.148412 0.727634 0.005467
v 0.154206 0.723169 -0.038734
v 0.158099 0.671275 0.019177
v 0.160130 0.702488 0.023234
v 0.158770 0.727943 -0.032022
v 0.159883 0.731088 -0.003014
v 0.171759 0.660060 -0.031555
v 0.172359 0.655152 -0.013901
v 0.173238 0.672980 -0.045087
v 0.169934 0.719930 0.014183
v 0.171819 0.709414 0.020331
v 0.171068 0.732433 -0.017470
v 0.175752 0.696403 0.024073
v 0.180737 0.658228 -0.024825
v 0.183172 0.658203 -0.002048
v 0.181813 0.683226 0.022803
v 0.184451 0.666307 -0.037994
v 0.181059 0.713583 -0.045361
v 0.186076 0.673443 0.018214
v 0.188975 0.664826 0.010201
v 0.187164 0.698705 -0.050081
v 0.188091 0.707621 0.021368
v 0.191290 0.688491 -0.049423
v 0.188295 0.731625 -0.022619
v 0.190469 0.713434 0.018448
v 0.189890 0.725994 0.007580
v 0.191750 0.713494 0.018447
v 0.192619 0.720381 -0.040109
v 0.193694 0.727284 -0.031611
v 0.193811 0.732116 -0.011556
v 0.194898 0.719890 0.014443
v 0.195147 0.730019 -0.000296
v 0.199220 0.681449 -0.046735
v 0.209384 0.660520 -0.004284
v 0.208387 0.691935 0.024426
v 0.210247 0.675756 -0.042420
v 0.209463 0.692784 -0.048627
v 0.208810 0.705509 -0.047546
v 0.214588 0.665752 0.010235
v 0.215411 0.676327 0.020247
v 0.216285 0.669099 -0.035714
v 0.213716 0.704111 0.022833
v 0.218501 0.665356 -0.030147
v 0.221173 0.662650 0.000183
v 0.222296 0.661340 -0.014963
v 0.230669 0.698127 -0.047478
v 0.232304 0.670091 -0.033147
v 0.231460 0.685877 -0.045337
v 0.231995 0.678242 -0.041298
v 0.230432 0.711601 -0.043866
v 0.233168 0.664053 -0.018829
v 0.229942 0.719984 -0.037161
v 0.229530 0.727778 -0.023158
v 0.229480 0.729659 -0.012691
v 0.229893 0.729097 -0.004038
v 0.233953 0.665064 0.000525
v 0.230852 0.724718 0.007845
v 0.231157 0.717165 -0.045462
v 0.234002 0.671390 0.012202
v 0.230604 0.726882 -0.034881
v 0.233107 0.684348 -0.050312
v 0.232012 0.706153 -0.050754
v 0.233775 0.683095 0.021129
v 0.231900 0.717477 0.015352
v 0.230737 0.735056 -0.016944
v 0.232555 0.711287 0.019350
v 0.233258 0.699661 0.022775
v 0.234416 0.668033 -0.040737
v 0.234975 0.659992 -0.013279
v 0.235027 0.661335 -0.028831
v 0.231886 0.728260 0.009598
v 0.233736 0.714953 0.021676
v 0.236263 0.664855 0.011265
v 0.234065 0.735548 0.003886
v 0.233778 0.736741 -0.022672
v 0.236855 0.703076 0.028838
v 0.234834 0.725681 -0.044252
v 0.234527 0.738176 -0.012560
v 0.236286 0.699927 -0.055308
v 0.238663 0.657147 -0.009331
v 0.238417 0.672076 0.022435
v 0.237374 0.680382 -0.052360
v 0.239223 0.658360 -0.026762
v 0.236380 0.729218 0.015197
v 0.236304 0.714658 -0.052107
v 0.237628 0.715266 0.025173
v 0.239763 0.685230 0.028890
v 0.241192 0.661534 0.009302
v 0.240653 0.666551 -0.041770
v 0.253302 0.659523 -0.010584
v 0.251489 0.728446 0.011864
v 0.253494 0.661870 -0.028951
v 0.251278 0.734700 -0.003523
v 0.251643 0.732624 0.003881
v 0.253547 0.703378 0.027284
v 0.253634 0.670820 -0.043150
v 0.251286 0.733895 -0.020337
v 0.254636 0.661764 0.001621
v 0.254752 0.672391 0.019651
v 0.251472 0.728511 -0.035108
v 0.253197 0.719249 0.020813
v 0.253424 0.683850 -0.051186
v 0.252853 0.699301 -0.053239
v 0.252009 0.720535 -0.045128
v 0.254765 0.687270 0.027169
v 0.252702 0.712337 -0.050159
v 0.256043 0.665462 0.011012
v 0.260584 0.715882 0.024209
v 0.262671 0.732998 0.008050
v 0.265898 0.677747 0.024881
v 0.266466 0.659412 -0.006630
v 0.266188 0.664813 -0.037835
v 0.265087 0.688367 -0.053768
v 0.267402 0.668732 0.018541
v 0.266895 0.674167 -0.047671
v 0.267911 0.659430 -0.022270
v 0.264998 0.728518 -0.038341
v 0.266134 0.719926 -0.047838
v 0.269638 0.663342 0.008364
v 0.266762 0.734005 -0.023011
v 0.268222 0.725361 0.018780
v 0.269774 0.661812 -0.029825
v 0.269870 0.697639 0.029329
v 0.267898 0.713773 -0.051349
v 0.268507 0.732317 0.008222
v 0.268606 0.735540 -0.007099
v 0.268966 0.703178 -0.054336
v 0.271231 0.712762 0.026050
v 0.272379 0.660900 -0.008325
v 0.272980 0.667737 0.013461
v 0.270048 0.725919 -0.039668
v 0.273271 0.673317 0.019583
v 0.271481 0.685391 -0.051626
v 0.273209 0.686763 0.025742
v 0.273352 0.662783 -0.022013
v 0.273560 0.680755 0.010026
v 0.272995 0.670211 -0.040990
v 0.273178 0.672974 -0.026397
v 0.272869 0.680155 -0.035935
v 0.273929 0.672098 -0.002078
v 0.272418 0.692397 -0.041785
v 0.272225 0.723115 -0.000845
v 0.273784 0.670049 -0.013587
v 0.272941 0.713876 0.011113
v 0.271889 0.716476 -0.034342
v 0.272247 0.707399 -0.040668
v 0.272173 0.725564 -0.014144
v 0.272066 0.722733 -0.025576
v 0.272023 0.729384 -0.023034
v 0.274160 0.696206 0.015613
v 0.274485 0.666952 -0.014626
v 0.274852 0.665929 -0.003233
v 0.274821 0.681588 0.016853
v 0.272279 0.715418 -0.045794
v 0.272956 0.728900 0.004296
v 0.274100 0.674984 -0.037827
v 0.273994 0.713058 0.017459
v 0.273321 0.697200 -0.048273
v 0.290596 0.670726 -0.009849
v 0.290987 0.702303 0.015195
v 0.292152 0.716261 -0.035845
v 0.295135 0.689703 0.013554
v 0.293465 0.708449 -0.040872
v 0.295257 0.685398 -0.039632
v 0.296799 0.682123 0.009299
v 0.295162 0.696053 -0.042633
v 0.294630 0.723543 -0.026087
v 0.297407 0.675354 -0.030270
v 0.296336 0.725658 -0.016946
v 0.299243 0.725008 -0.006368
v 0.300458 0.712751 0.010184
v 0.301375 0.721577 0.001158
v 0.304116 0.672325 -0.021672
v 0.304859 0.674863 0.000462
v 0.306319 0.671506 -0.011863
v 0.323419 0.702723 -0.041104
v 0.325121 0.710582 -0.038190
v 0.331013 0.717901 -0.030604
v 0.332339 0.683136 -0.035608
v 0.333236 0.693163 -0.040686
v 0.334659 0.708476 0.009442
v 0.335300 0.699738 0.011272
v 0.336672 0.678257 -0.003561
v 0.336472 0.713958 0.005909
v 0.336483 0.718432 0.000504
v 0.336417 0.721642 -0.008892
v 0.343151 0.687293 0.007102
v 0.343486 0.700562 -0.041866
v 0.345323 0.677342 -0.013833
v 0.346431 0.677731 -0.021398
v 0.346947 0.680452 -0.031142
v 0.348141 0.691787 0.010466
v 0.347565 0.679252 -0.003038
v 0.350431 0.687811 -0.039742
v 0.351629 0.704923 -0.041497
v 0.353280 0.696416 -0.043469
v 0.356595 0.702573 0.015076
v 0.357150 0.685077 0.009217
v 0.355880 0.712448 -0.037369
v 0.358399 0.711822 0.011206
v 0.359081 0.689786 0.014427
v 0.357859 0.680895 0.004470
v 0.357463 0.717451 -0.029506
v 0.358040 0.720024 -0.020671
v 0.360589 0.680915 -0.032821
v 0.361684 0.720466 -0.013297
v 0.362789 0.678373 -0.005135
v 0.365430 0.718640 0.000051
v 0.366737 0.714323 0.009844
v 0.369903 0.695044 0.024000
v 0.371271 0.705259 0.021190
v 0.371389 0.678382 -0.021564
v 0.372570 0.678044 0.011231
v 0.373239 0.716788 -0.036884
v 0.373488 0.677153 -0.000169
v 0.380454 0.680320 0.025453
v 0.375735 0.686337 -0.047388
v 0.377033 0.680833 -0.040346
v 0.387801 0.686201 0.032450
v 0.377584 0.704244 -0.051270
v 0.383475 0.674551 0.017035
v 0.393322 0.693411 0.033708
v 0.386087 0.695980 -0.055418
v 0.386395 0.676551 0.005309
v 0.391986 0.712492 0.016152
v 0.393857 0.672558 0.022783
v 0.389392 0.674217 0.013305
v 0.387795 0.689903 -0.054272
v 0.387939 0.683845 -0.047553
v 0.398105 0.674281 0.029801
v 0.400953 0.686089 0.034084
v 0.388622 0.678957 -0.010990
v 0.389669 0.712304 -0.049370
v 0.400304 0.700988 0.028103
v 0.390560 0.679788 -0.030763
v 0.398775 0.671181 0.016930
v 0.395010 0.716179 -0.044180
v 0.407261 0.689295 0.032179
v 0.398314 0.715934 0.007177
v 0.398168 0.676820 0.009087
v 0.397363 0.704609 -0.055692
v 0.403933 0.668338 0.021408
v 0.403134 0.707344 0.018467
v 0.399549 0.718111 -0.012362
v 0.402958 0.674562 0.011602
v 0.410599 0.666304 0.030015
v 0.403397 0.717681 -0.022502
v 0.408229 0.700931 0.018952
v 0.412434 0.690775 0.025449
v 0.403173 0.681645 -0.037442
v 0.409639 0.669553 0.017098
v 0.407273 0.680608 0.009856
v 0.413284 0.689955 0.020593
v 0.416787 0.683389 0.034732
v 0.405474 0.681705 -0.010825
v 0.409440 0.683373 0.009236
v 0.412281 0.689306 0.014912
v 0.406404 0.681395 0.004824
v 0.411898 0.674407 0.014498
v 0.407180 0.681287 0.001427
v 0.407141 0.695525 -0.056933
v 0.413260 0.692971 0.012611
v 0.415989 0.668643 0.038951
v 0.411613 0.709575 0.013828
v 0.415534 0.684580 0.017203
v 0.410492 0.684224 0.010141
v 0.414690 0.679339 0.014905
v 0.410429 0.715067 -0.040477
v 0.417283 0.663031 0.035774
v 0.419200 0.673548 0.040686
v 0.415041 0.693083 0.014784
v 0.419822 0.662080 0.028242
v 0.419778 0.667430 0.040558
v 0.412400 0.690381 -0.054216
v 0.416008 0.702425 0.017089
v 0.423774 0.665590 0.024667
v 0.422992 0.662420 0.035126
v 0.424974 0.678499 0.037941
v 0.423987 0.669072 0.040013
v 0.417051 0.682159 -0.029333
v 0.426616 0.681284 0.030015
v 0.419380 0.713923 0.000836
v 0.418380 0.713105 -0.039339
v 0.418709 0.686242 -0.049836
v 0.427693 0.669546 0.025275
v 0.426978 0.663905 0.031778
v 0.428690 0.675421 0.024854
v 0.420969 0.682574 -0.009534
v 0.428393 0.673018 0.036086
v 0.422934 0.693421 0.017113
v 0.421332 0.707143 -0.053763
v 0.430319 0.674800 0.031510
v 0.424031 0.687007 0.013283
v 0.423087 0.685376 -0.045009
v 0.426305 0.700283 -0.059401
v 0.426237 0.708766 -0.047750
v 0.428703 0.684579 0.007581
v 0.428738 0.712295 -0.020629
v 0.428959 0.685119 -0.036101
v 0.430914 0.710650 -0.000277
v 0.431570 0.709395 0.010861
v 0.431016 0.685041 -0.026122
v 0.431216 0.706279 -0.044636
v 0.432717 0.691156 -0.059661
v 0.434907 0.699562 0.018846
v 0.433577 0.686612 -0.021113
v 0.434446 0.684615 -0.011977
v 0.435507 0.684944 0.005886
v 0.434816 0.686111 -0.003543
v 0.434082 0.705419 -0.039190
v 0.434897 0.707664 -0.033268
v 0.436070 0.707766 -0.026025
v 0.437186 0.686619 0.001744
v 0.436839 0.708357 0.007142
v 0.436762 0.689783 -0.042248
v 0.435781 0.700948 -0.042302
v 0.437367 0.706603 -0.003489
v 0.437005 0.705023 0.001012
v 0.438960 0.685534 -0.051826
v 0.438488 0.707241 -0.017004
v 0.438946 0.686385 -0.047142
v 0.439102 0.708700 -0.010818
v 0.438743 0.701180 -0.000809
v 0.439602 0.700773 -0.021698
v 0.441598 0.691567 -0.000988
v 0.440801 0.705710 -0.026615
v 0.441594 0.691569 -0.021974
v 0.445108 0.687000 -0.055600
v 0.441918 0.703670 -0.057636
v 0.445587 0.686122 -0.014973
v 0.446013 0.694891 -0.061201
v 0.446592 0.687181 -0.005709
v 0.446358 0.686474 -0.035200
v 0.447641 0.690830 -0.040638
v 0.446221 0.696202 -0.000856
v 0.446136 0.696297 -0.001975
v 0.449953 0.689083 0.015722
v 0.450093 0.693020 0.018334
v 0.446269 0.706893 -0.006895
v 0.447069 0.691028 -0.003492
v 0.450367 0.686767 0.011662
v 0.447488 0.699736 -0.002179
v 0.448208 0.696165 -0.042751
v 0.449147 0.704397 0.014518
v 0.449216 0.690604 -0.020022
v 0.450477 0.687218 0.005168
v 0.451050 0.686075 -0.009370
v 0.449506 0.696965 -0.041944
v 0.450254 0.686849 -0.029270
v 0.448230 0.697537 -0.021024
v 0.448506 0.697486 -0.022085
v 0.450511 0.700820 0.001090
v 0.448802 0.705963 -0.050564
v 0.451893 0.688934 -0.025624
v 0.453795 0.690561 0.001565
v 0.452309 0.704538 -0.019086
v 0.454168 0.695708 -0.000110
v 0.454096 0.702934 0.003269
v 0.455716 0.701779 -0.040706
v 0.459082 0.688349 -0.056939
v 0.458568 0.699750 0.018141
v 0.458735 0.689245 -0.044803
v 0.462347 0.689802 0.016400
v 0.457926 0.704739 0.007375
v 0.461610 0.686544 -0.050181
v 0.460733 0.701601 -0.059004
v 0.460490 0.704276 -0.004136
v 0.459185 0.700128 -0.043449
v 0.464330 0.694609 -0.060285
v 0.464231 0.695000 -0.001558
v 0.467541 0.686824 0.011414
v 0.465424 0.690370 -0.003671
v 0.463988 0.695156 -0.042547
v 0.467297 0.687577 -0.015304
v 0.468525 0.690790 -0.056615
v 0.468976 0.687352 0.005397
v 0.463982 0.703456 -0.047351
v 0.465021 0.705586 -0.036045
v 0.466199 0.703093 -0.056124
v 0.469775 0.687515 0.004973
v 0.469748 0.687560 0.004876
v 0.469748 0.687560 0.004876
v 0.468545 0.688867 -0.048904
v 0.470633 0.687614 0.004743
v 0.467193 0.706864 -0.012543
v 0.470734 0.689522 0.002049
v 0.466809 0.703404 -0.024916
v 0.471666 0.687270 -0.008517
v 0.471017 0.697888 -0.056285
v 0.471272 0.692845 -0.049012
v 0.474578 0.686727 0.006963
v 0.470303 0.699109 -0.047878
v 0.473337 0.694755 -0.000223
v 0.477757 0.688077 0.015095
v 0.474225 0.703882 0.015367
v 0.476506 0.697945 0.019140
v 0.472207 0.705366 -0.030574
v 0.474485 0.687447 -0.027630
v 0.473277 0.701106 0.001269
v 0.475594 0.688105 -0.037867
v 0.479046 0.693298 0.018705
v 0.476441 0.698104 -0.041698
v 0.475611 0.691395 -0.023751
v 0.480879 0.687741 0.009643
v 0.479709 0.691620 0.002183
v 0.476614 0.704574 0.005012
v 0.479419 0.693027 -0.041046
v 0.479207 0.698393 -0.002175
v 0.477598 0.696576 -0.022610
v 0.478424 0.703816 -0.018230
v 0.479356 0.699491 0.001333
v 0.481864 0.686791 -0.032705
v 0.480041 0.704429 0.008012
v 0.482775 0.700358 0.016402
v 0.484707 0.691323 0.010950
v 0.483537 0.690252 -0.004451
v 0.483562 0.694200 0.003811
v 0.481195 0.705405 -0.007992
v 0.482868 0.693287 -0.020826
v 0.481966 0.702693 -0.004197
v 0.483581 0.694779 -0.002442
v 0.484893 0.687717 -0.014831
v 0.482046 0.702783 -0.036278
v 0.481279 0.702830 -0.026700
v 0.483904 0.699627 0.005286
v 0.485910 0.698272 0.009242
v 0.485112 0.690070 -0.027565
v 0.484227 0.699993 -0.020702
v 0.487569 0.687744 -0.011062
v 0.486627 0.690291 -0.018514
v 0.484971 0.694387 -0.025144
v 0.484143 0.705703 -0.014819
v 0.486716 0.695368 -0.039089
v 0.486741 0.700941 -0.031160
v 0.488662 0.694229 -0.031973
v 0.490110 0.692417 -0.005713
v 0.488852 0.700567 -0.004672
v 0.490502 0.696653 -0.018587
v 0.489644 0.703360 -0.007940
v 0.489284 0.703593 -0.015231
v 0.492670 0.692307 -0.011919
v 0.493769 0.697639 -0.010694
v -0.000063 0.979921 0.063170
v -0.000078 0.731554 0.035524
v -0.000179 0.792585 0.087409
v -0.000273 0.713357 0.044972
v -0.000528 0.529002 0.081931
v -0.000617 0.654989 0.073578
v -0.000715 0.803236 0.091182
v -0.000960 0.764223 -0.054288
v -0.000961 0.720371 0.053698
v -0.000877 0.374385 0.009518
v -0.001200 0.907433 0.103218
v -0.001306 0.916381 -0.092982
v -0.001326 0.719306 0.046334
v -0.001415 0.997602 0.012887
v -0.001437 0.986738 0.042142
v -0.001664 0.698749 0.063676
v -0.001802 0.773839 -0.047441
v -0.002087 0.826333 0.105417
v -0.002202 0.895870 0.080098
v -0.001938 0.384357 -0.044663
v -0.002406 0.706433 0.057008
v -0.002406 0.934183 0.096965
v -0.002432 0.844319 0.091570
v -0.002236 0.376090 -0.017168
v -0.001876 0.369340 0.001769
v -0.002730 0.954876 -0.081441
v -0.002811 0.851561 0.086816
v -0.002831 0.764984 0.074099
v -0.003129 0.666005 -0.085183
v -0.003132 0.957980 0.085621
v -0.003239 0.739482 0.032288
v -0.003271 0.897270 0.129047
v -0.003325 0.900312 0.127115
v -0.003469 0.615847 -0.081212
v -0.003555 0.814952 0.095077
v -0.003610 0.524195 0.078980
v -0.002841 0.368834 0.016298
v -0.003665 0.593449 0.080623
v -0.003712 0.836894 0.100395
v -0.003890 0.705292 0.060264
v -0.003901 0.644535 0.077192
v -0.004216 0.537348 0.077245
v -0.004357 0.805092 0.096751
v -0.004387 0.973287 0.072277
v -0.004495 0.802749 -0.060473
v -0.004501 0.737124 -0.063912
v -0.004508 0.760662 0.066575
v -0.004134 0.374799 0.033010
v -0.004614 0.714513 0.043534
v -0.004711 0.717053 0.053124
v -0.004481 0.391407 -0.057891
v -0.004875 0.823472 -0.071619
v -0.004870 0.502943 -0.081228
v -0.005290 0.837837 -0.076861
v -0.005396 0.729683 0.052093
v -0.004608 0.369945 -0.018764
v -0.005615 0.901469 0.125463
v -0.005677 0.496618 -0.080444
v -0.004817 0.368937 0.026255
v -0.001697 0.336438 0.004645
v -0.005788 0.938413 -0.088098
v -0.005818 0.878189 0.084252
v -0.005874 0.642573 0.074362
v -0.005938 0.819121 0.101317
v -0.005945 0.604290 0.076293
v -0.005970 0.725924 0.043670
v -0.005983 0.786651 0.083483
v -0.006015 0.568693 0.076222
v -0.006198 0.772835 -0.042218
v -0.006313 0.796146 0.086717
v -0.006367 0.473252 0.085537
v -0.002638 0.338822 -0.010851
v -0.006607 0.535422 0.080022
v -0.006686 0.920733 0.100296
v -0.006736 0.727628 0.055052
v -0.006786 0.676672 0.066354
v -0.006257 0.379758 -0.037339
v -0.006840 0.990756 0.030816
v -0.006875 0.587781 -0.080110
v -0.006893 0.468127 0.085449
v -0.006892 0.784521 -0.042024
v -0.006958 0.717845 0.041800
v -0.006965 0.593205 0.075674
v -0.006965 0.863582 0.084883
v -0.006959 0.486421 0.084602
v -0.007233 0.538268 -0.079699
v -0.007334 0.992155 0.022210
v -0.007374 0.449794 0.075061
v -0.007453 0.456176 0.084688
v -0.003053 0.333413 0.015094
v -0.007533 0.694473 0.060104
v -0.006215 0.380590 0.047688
v -0.007638 0.601109 -0.080938
v -0.007678 0.653406 0.071973
v -0.007742 0.749798 -0.053983
v -0.007907 0.842340 0.088094
v -0.007918 0.724342 0.053539
v -0.007923 0.491996 0.084214
v -0.008021 0.931778 -0.089193
v -0.008053 0.904846 -0.094016
v -0.008114 0.704912 0.059275
v -0.008185 0.884184 -0.095203
v -0.008206 0.697273 0.062797
v -0.008259 0.974748 -0.061965
v -0.008267 0.651855 0.075894
v -0.008272 0.853813 -0.080223
v -0.008279 0.744823 0.030068
v -0.008329 0.476227 0.083019
v -0.008450 0.703725 0.056396
v -0.008617 0.528946 0.080425
v -0.008629 0.982904 -0.048103
v -0.008671 0.752141 -0.055551
v -0.008699 0.620509 0.075765
v -0.008810 0.760966 0.055612
v -0.008893 0.987803 0.047544
v -0.008932 0.954450 0.086701
v -0.008941 0.891913 0.125654
v -0.009040 0.484503 0.082745
v -0.009072 0.965132 -0.073605
v -0.009116 0.466053 0.082734
v -0.009264 0.817022 0.093161
v -0.009294 0.906277 0.102442
v -0.009423 0.914677 -0.092175
v -0.009460 0.531584 0.076963
v -0.009524 0.599717 0.075400
v -0.009527 0.786164 -0.045451
v -0.009593 0.646210 0.072901
v -0.009630 0.828890 0.099506
v -0.009631 0.722318 0.039821
v -0.007990 0.364432 0.034908
v -0.003099 0.306256 0.002036
v -0.009939 0.952594 -0.081775
v -0.009974 0.713433 0.051983
v -0.010047 0.597778 0.078797
v -0.010226 0.914463 -0.092039
v -0.010271 0.914677 -0.091993
v -0.010271 0.914677 -0.091993
v -0.010309 0.822317 0.098996
v -0.003387 0.303931 -0.009653
v -0.010377 0.699891 0.057624
v -0.009673 0.401512 -0.068188
v -0.010578 0.758410 0.027316
v -0.010601 0.790363 -0.050149
v -0.009844 0.374433 -0.035468
v -0.010941 0.913824 -0.091993
v -0.006163 0.332705 0.025916
v -0.011121 0.722790 -0.071627
v -0.011145 0.506340 0.080120
v -0.011454 0.464224 -0.077994
v -0.011290 0.422519 0.071765
v -0.011836 0.841610 0.083810
v -0.011958 0.831446 0.090559
v -0.011992 0.874202 -0.080779
v -0.012078 0.762945 0.028891
v -0.009649 0.360858 -0.032123
v -0.012465 0.974565 0.069028
v -0.012562 0.937500 0.093685
v -0.012576 0.746085 -0.057065
v -0.005185 0.297410 0.013249
v -0.012772 0.614796 -0.080817
v -0.012828 0.734871 0.057209
v -0.012975 0.873351 0.084076
v -0.012580 0.422111 -0.076700
v -0.006958 0.317121 -0.024433
v -0.003619 0.271583 -0.007882
v -0.013221 0.819913 0.088778
v -0.013363 0.800102 0.086914
v -0.013381 0.726534 0.037178
v -0.013454 0.459463 -0.074952
v -0.013580 0.773991 0.077876
v -0.013656 0.738736 0.049651
v -0.006446 0.301707 0.018401
v -0.006384 0.300857 0.018030
v -0.006435 0.299997 0.018021
v -0.013842 0.799402 -0.056905
v -0.014030 0.724190 0.047430
v -0.004250 0.266726 0.004900
v -0.014231 0.735282 0.041615
v -0.014247 0.655871 -0.084925
v -0.014359 0.449558 -0.076820
v -0.014430 0.562910 -0.078672
v -0.014462 0.768300 0.073832
v -0.014681 0.488880 -0.070996
v -0.012613 0.375627 0.048413
v -0.006063 0.281479 -0.022303
v -0.015020 0.800558 0.090734
v -0.015072 0.963367 0.078995
v -0.012026 0.360323 0.041677
v -0.015147 0.825147 0.087911
v -0.015328 0.764527 0.033086
v -0.015388 0.884610 0.082517
v -0.015512 0.491563 0.078234
v -0.015669 0.715213 -0.075096
v -0.015770 0.738979 0.055094
v -0.015776 0.479312 -0.076907
v -0.015835 0.686851 -0.082902
v -0.005215 0.250815 0.002468
v -0.014329 0.386139 -0.054473
v -0.016075 0.829559 -0.072623
v -0.016088 0.866716 0.082936
v -0.016077 0.452108 0.085019
v -0.008553 0.298067 0.023433
v -0.016132 0.731722 0.056087
v -0.016224 0.784764 -0.039392
v -0.016236 0.764466 -0.051998
v -0.016260 0.474395 0.085979
v -0.016314 0.815469 0.092278
v -0.016432 0.804727 0.092993
v -0.005939 0.252495 -0.015052
v -0.016562 0.994194 0.018003
v -0.016603 0.814496 -0.065350
v -0.016672 0.730930 0.035744
v -0.016796 0.764801 0.068428
v -0.016807 0.996902 0.007971
v -0.016897 0.459581 0.082514
v -0.016916 0.548714 -0.080003
v -0.016955 0.728603 0.046117
v -0.017052 0.869272 0.086184
v -0.016291 0.410271 -0.072639
v -0.017247 0.773109 -0.039662
v -0.017247 0.895809 0.079139
v -0.017299 0.506979 -0.080741
v -0.017541 0.719960 0.046261
v -0.017558 0.699252 -0.080124
v -0.017587 0.492467 -0.070303
v -0.017723 0.731829 0.033904
v -0.017761 0.989325 -0.032430
v -0.017894 0.484788 -0.075819
v -0.016193 0.381449 -0.050368
v -0.018195 0.493638 -0.078131
v -0.017114 0.405634 0.066842
v -0.018209 0.995533 -0.007842
v -0.005893 0.219508 -0.007040
v -0.018245 0.732148 0.050107
v -0.018113 0.437305 -0.077516
v -0.018347 0.673050 -0.084294
v -0.018368 0.763401 0.060165
v -0.008164 0.256217 0.017364
v -0.018572 0.735495 0.058769
v -0.011777 0.307580 0.031237
v -0.018783 0.745553 0.027679
v -0.018853 0.875267 0.085774
v -0.018891 0.871798 -0.096146
v -0.018871 0.451710 0.077829
v -0.018947 0.704987 0.053239
v -0.012534 0.315046 -0.034423
v -0.019028 0.475919 0.083384
v -0.017079 0.370444 -0.044725
v -0.019501 0.483433 0.084229
v -0.019631 0.874355 -0.098810
v -0.019658 0.639834 0.079504
v -0.019658 0.848823 -0.077576
v -0.007715 0.223216 -0.018239
v -0.019873 0.732148 0.052660
v -0.019943 0.841093 0.081399
v -0.007637 0.219224 0.006756
v -0.019987 0.730976 0.059218
v -0.020025 0.825908 0.084868
v -0.020129 0.613853 0.078653
v -0.020198 0.771801 -0.046775
v -0.020295 0.662095 0.072022
v -0.020485 0.683807 0.061911
v -0.020506 0.569232 0.081779
v -0.020513 0.578956 0.084373
v -0.020518 0.538564 0.083194
v -0.002193 0.109717 -0.016124
v -0.020561 0.636075 0.075643
v -0.020597 0.467461 0.084462
v -0.020599 0.879801 -0.097775
v -0.020681 0.734933 0.031845
v -0.020706 0.894226 0.087904
v -0.020814 0.789755 -0.046144
v -0.020879 0.579784 -0.078603
v -0.020940 0.455220 0.074715
v -0.020951 0.905242 0.100236
v -0.020966 0.606427 0.083643
v -0.002808 0.114664 -0.003233
v -0.021003 0.657073 0.079146
v -0.021007 0.521478 0.082988
v -0.021090 0.892309 0.122154
v -0.002565 0.107527 -0.003972
v -0.021099 0.489149 0.084822
v -0.021140 0.899126 0.122520
v -0.021151 0.758745 0.023267
v -0.021309 0.641280 0.081216
v -0.021308 0.487896 -0.073422
v -0.021461 0.856887 0.081072
v -0.021649 0.765166 0.022927
v -0.021662 0.612849 0.075985
v -0.021662 0.746146 0.040508
v -0.011175 0.253707 -0.030190
v -0.021888 0.551471 0.088633
v -0.021988 0.627889 0.073087
v -0.018913 0.357982 -0.044270
v -0.022159 0.882419 -0.093872
v -0.022253 0.538594 0.080288
v -0.022292 0.509005 0.084403
v -0.022370 0.735176 0.047909
v -0.022488 0.564721 0.085424
v -0.022519 0.581162 0.079185
v -0.006890 0.157786 -0.012846
v -0.022601 0.538077 0.087440
v -0.020694 0.387077 0.057235
v -0.022842 0.617421 0.082213
v -0.012260 0.251207 0.024996
v -0.022876 0.487985 0.076708
v -0.022909 0.743286 0.048498
v -0.008018 0.171330 0.001794
v -0.023007 0.882388 -0.093704
v -0.023032 0.617306 0.073993
v -0.023049 0.492687 -0.073178
v -0.023102 0.561845 0.078599
v -0.023114 0.736287 0.043711
v -0.019798 0.361343 0.049005
v -0.023188 0.852930 0.083582
v -0.023194 0.650272 0.069732
v -0.023302 0.906246 0.098273
v -0.023313 0.904664 0.102465
v -0.023342 0.739634 0.028705
v -0.023378 0.745492 0.032950
v -0.004950 0.107319 -0.025965
v -0.023399 0.817965 0.084320
v -0.023414 0.578682 0.086101
v -0.023481 0.650789 0.081208
v -0.023538 0.607850 0.084366
v -0.023591 0.879132 0.081650
v -0.023597 0.634691 0.082198
v -0.023603 0.518775 0.089364
v -0.023665 0.484471 0.084647
v -0.023743 0.773717 -0.040628
v -0.023770 0.640853 0.072467
v -0.023787 0.600721 0.085241
v -0.023845 0.458158 0.084812
v -0.023840 0.988656 0.039023
v -0.023858 0.882297 -0.093689
v -0.023901 0.657028 0.069416
v -0.023980 0.668516 0.065753
v -0.024009 0.725909 0.057982
v -0.024028 0.673141 0.073050
v -0.016419 0.299906 0.036557
v -0.012396 0.221318 -0.029557
v -0.024618 0.677416 0.066011
v -0.024630 0.551133 -0.079546
v -0.024695 0.503474 0.086176
v -0.018764 0.323619 -0.041910
v -0.024745 0.930774 0.092012
v -0.024751 0.993159 -0.020722
v -0.005154 0.080137 0.000781
v -0.007258 0.125746 -0.005024
v -0.007948 0.136571 -0.009307
v -0.005269 0.079770 -0.017428
v -0.024901 0.485926 0.079930
v -0.024947 0.987620 -0.037783
v -0.008179 0.139223 -0.002087
v -0.024993 0.837319 0.080889
v -0.025301 0.666142 0.078036
v -0.025389 0.986190 0.045927
v -0.005700 0.073944 -0.015770
v -0.025441 0.533385 -0.078961
v -0.025441 0.814282 0.088109
v -0.007544 0.116779 -0.025224
v -0.025470 0.481625 0.082472
v -0.025556 0.455518 0.079286
v -0.025632 0.891214 0.113945
v -0.025652 0.502395 0.080409
v -0.025789 0.733898 0.037207
v -0.025846 0.459688 0.081534
v -0.006598 0.091694 -0.012193
v -0.025849 0.785556 -0.034138
v -0.025894 0.995502 0.001456
v -0.025904 0.678254 0.062395
v -0.026045 0.944043 0.086268
v -0.026162 0.604830 0.072570
v -0.026170 0.750133 0.033933
v -0.026214 0.884427 -0.089398
v -0.026242 0.964097 0.073148
v -0.026248 0.911055 0.095938
v -0.026271 0.950981 -0.078299
v -0.026334 0.971310 -0.061393
v -0.026338 0.982235 -0.048011
v -0.026342 0.953203 0.081338
v -0.014299 0.223840 0.020830
v -0.007949 0.110611 0.012552
v -0.006793 0.074470 0.001068
v -0.026514 0.926605 0.091677
v -0.026524 0.514603 0.078112
v -0.009655 0.135864 -0.020265
v -0.026543 0.986069 -0.039266
v -0.010795 0.155254 -0.028222
v -0.026602 0.738204 0.042586
v -0.026617 0.991577 0.028292
v -0.007476 0.094399 -0.001264
v -0.026667 0.745295 0.024013
v -0.026753 0.930774 -0.084674
v -0.026754 0.963002 -0.069451
v -0.008919 0.118793 -0.017500
v -0.026783 0.978126 0.056689
v -0.026787 0.728496 0.060359
v -0.026826 0.600562 -0.079349
v -0.008888 0.118415 -0.002523
v -0.010318 0.143827 0.006761
v -0.026912 0.994225 0.013883
v -0.026923 0.894470 -0.088980
v -0.026938 0.992946 -0.017576
v -0.027005 0.910812 -0.088059
v -0.027008 0.728556 0.037008
v -0.027067 0.504516 0.088671
v -0.027152 0.739528 0.038235
v -0.027210 0.518479 0.075666
v -0.027248 0.650637 -0.083617
v -0.027245 0.503670 0.076993
v -0.027346 0.767661 0.035795
v -0.027416 0.715898 0.043922
v -0.027418 0.547930 0.077648
v -0.027460 0.825968 -0.067952
v -0.027473 0.492852 -0.068948
v -0.027512 0.925571 0.089113
v -0.010185 0.125938 -0.026330
v -0.027713 0.954268 0.077435
v -0.027749 0.750680 -0.049693
v -0.027753 0.935247 0.086549
v -0.027789 0.972770 0.059085
v -0.027806 0.874690 -0.077454
v -0.009416 0.105708 -0.036181
v -0.027937 0.991790 0.003850
v -0.027944 0.944834 0.082586
v -0.027950 0.988746 0.026439
v -0.028005 0.990481 -0.017770
v -0.008850 0.091558 -0.027389
v -0.028059 0.978917 -0.046589
v -0.028059 0.985490 -0.033956
v -0.028101 0.900982 0.118678
v -0.028105 0.984608 0.039455
v -0.028131 0.912972 0.091578
v -0.028162 0.962058 -0.065776
v -0.028240 0.896509 -0.084667
v -0.028249 0.871250 -0.087314
v -0.028262 0.953477 -0.072205
v -0.025420 0.372590 -0.052054
v -0.028287 0.913611 -0.084225
v -0.028287 0.931018 -0.081403
v -0.013711 0.176535 0.014899
v -0.010917 0.126992 0.008350
v -0.028451 0.943952 -0.077370
v -0.028483 0.849096 0.084579
v -0.010288 0.115192 0.012428
v -0.028502 0.772591 -0.032971
v -0.028533 0.780534 -0.031575
v -0.028667 0.767661 0.048723
v -0.028742 0.799067 0.080440
v -0.028824 0.598044 0.073281
v -0.009127 0.069152 -0.008158
v -0.018440 0.253777 -0.039326
v -0.028964 0.689056 0.058100
v -0.029015 0.720858 0.056358
v -0.029103 0.551179 0.088352
v -0.029116 0.764831 0.015437
v -0.029303 0.839724 0.082311
v -0.015437 0.188732 -0.035311
v -0.029493 0.867568 0.079246
v -0.029512 0.729196 0.047684
v -0.011437 0.112813 -0.038669
v -0.029537 0.797028 -0.048985
v -0.029708 0.800984 0.085134
v -0.010647 0.097469 0.010789
v -0.029749 0.859504 0.079003
v -0.029761 0.488460 -0.069497
v -0.029954 0.810023 -0.058290
v -0.029981 0.498944 -0.079752
v -0.029992 0.692054 0.060219
v -0.030048 0.727735 -0.068203
v -0.030063 0.752050 0.018431
v -0.030140 0.463504 -0.076035
v -0.026740 0.367647 0.054148
v -0.030139 0.746284 -0.054197
v -0.030168 0.770735 0.016958
v -0.030185 0.856826 0.082083
v -0.010704 0.079432 -0.035593
v -0.030315 0.764405 -0.045752
v -0.029173 0.407604 -0.071729
v -0.030411 0.741536 0.037086
v -0.030428 0.737717 0.049564
v -0.030734 0.750925 0.035241
v -0.030762 0.536367 0.087029
v -0.030853 0.566501 0.071356
v -0.030982 0.584022 0.071299
v -0.030990 0.771466 0.022751
v -0.026276 0.344947 -0.048930
v -0.031019 0.894896 0.076454
v -0.031059 0.893983 0.119887
v -0.031086 0.809748 0.084571
v -0.011544 0.084384 0.018340
v -0.031132 0.770157 0.058643
v -0.031183 0.487624 -0.072608
v -0.031218 0.743392 0.033363
v -0.031290 0.696360 0.054478
v -0.031330 0.496849 0.081003
v -0.014586 0.136401 -0.033155
v -0.031367 0.751168 -0.047468
v -0.031442 0.772591 -0.038771
v -0.031545 0.722105 0.061291
v -0.031740 0.755793 0.021215
v -0.031747 0.574353 0.082814
v -0.012240 0.017334 0.062276
v -0.031960 0.689483 0.066898
v -0.023839 0.294214 0.042549
v -0.032050 0.739847 0.028720
v -0.032067 0.969849 -0.055216
v -0.029732 0.383040 -0.057794
v -0.014293 0.117441 -0.032263
v -0.032131 0.808013 0.081200
v -0.032220 0.516598 0.087949
v -0.021532 0.248375 0.035661
v -0.012537 0.071201 0.006742
v -0.032405 0.777826 0.068751
v -0.012781 0.001903 0.069542
v -0.012710 0.067491 -0.023472
v -0.030879 0.395675 -0.066265
v -0.032637 0.580134 0.072193
v -0.032664 0.874476 0.082715
v -0.032793 0.561042 0.072300
v -0.032869 0.789147 -0.035048
v -0.013196 0.002272 0.047607
v -0.025449 0.307812 -0.047188
v -0.013754 0.090698 -0.040045
v -0.032975 0.869760 0.081528
v -0.030872 0.392269 0.060621
v -0.013275 0.018954 0.041398
v -0.033094 0.735693 0.029607
v -0.033124 0.555988 0.071132
v -0.033264 0.702006 0.050697
v -0.033295 0.715334 0.059138
v -0.013693 0.080942 0.021166
v -0.033360 0.843466 0.081506
v -0.015288 0.117161 0.013615
v -0.013566 0.034485 -0.006986
v -0.028417 0.343026 0.051082
v -0.021297 0.220415 -0.040301
v -0.014501 0.098486 0.018808
v -0.013960 0.010374 0.028841
v -0.033725 0.562994 -0.076214
v -0.033740 0.791337 -0.027234
v -0.033752 0.758897 0.010908
v -0.014015 0.023897 0.024484
v -0.016962 0.138902 0.016882
v -0.033026 0.421134 -0.074596
v -0.033835 0.852048 -0.073270
v -0.033837 0.521693 0.075491
v -0.014072 0.024885 -0.022124
v -0.014244 0.027321 0.051205
v -0.014289 0.032246 0.066358
v -0.034042 0.518995 -0.078413
v -0.014281 0.001937 -0.022089
v -0.018305 0.153937 -0.039740
v -0.022261 0.228422 0.030096
v -0.014318 0.070084 -0.038412
v -0.014453 0.029261 0.074986
v -0.034163 0.896296 -0.081646
v -0.034201 0.455589 0.072284
v -0.034193 0.728406 0.033386
v -0.034235 0.772226 -0.024054
v -0.014460 0.024834 0.000732
v -0.033076 0.413378 0.067365
v -0.034390 0.699707 0.060184
v -0.034429 0.555428 0.072551
v -0.034443 0.738432 -0.060595
v -0.034455 0.904542 0.094522
v -0.014761 0.020224 0.067369
v -0.034482 0.973379 0.052926
v -0.014710 0.012677 -0.003308
v -0.014742 0.003240 -0.009419
v -0.034516 0.794502 0.076519
v -0.034516 0.818087 0.081254
v -0.034516 0.493849 -0.076846
v -0.014771 0.068731 -0.008183
v -0.034551 0.886345 0.077176
v -0.034552 0.497210 0.075171
v -0.034626 0.912637 0.087941
v -0.034648 0.498009 0.083864
v -0.034691 0.986738 -0.025328
v -0.034733 0.826364 0.080653
v -0.034772 0.485151 -0.073579
v -0.015035 0.052706 0.001896
v -0.015136 0.074228 0.018203
v -0.015144 0.017969 0.083141
v -0.015042 0.035387 -0.023385
v -0.034882 0.949824 -0.070599
v -0.034943 0.936465 -0.076974
v -0.034938 0.487557 0.074190
v -0.016679 0.107860 -0.046498
v -0.034987 0.879711 -0.094937
v -0.035003 0.849949 0.080729
v -0.015303 0.000291 0.061036
v -0.015205 0.058637 -0.020875
v -0.035121 0.787898 -0.023190
v -0.035167 0.538081 -0.077241
v -0.015483 0.007267 0.032972
v -0.015598 0.003240 0.083978
v -0.015524 0.003553 -0.031216
v -0.035440 0.708367 0.046003
v -0.035485 0.748094 0.026382
v -0.035516 0.707545 0.053006
v -0.035517 0.746116 0.029486
v -0.035555 0.840119 0.077389
v -0.035593 0.919211 0.085895
v -0.035631 0.854544 0.076993
v -0.015857 0.026955 -0.018770
v -0.035683 0.761940 0.006768
v -0.016003 0.002395 0.040464
v -0.015960 0.025433 -0.033550
v -0.016081 0.070423 -0.000394
v -0.035836 0.899765 -0.080543
v -0.035943 0.608093 0.081391
v -0.035999 0.483299 0.079686
v -0.036037 0.773321 -0.029144
v -0.036049 0.984151 0.030745
v -0.036117 0.580371 -0.076297
v -0.016395 0.009280 0.023122
v -0.016428 0.021602 0.038319
v -0.036178 0.758593 0.021223
v -0.036181 0.734310 0.039527
v -0.016512 0.076398 -0.044696
v -0.016429 0.026717 0.005921
v -0.016475 0.067539 -0.020982
v -0.016666 0.034554 0.024698
v -0.016753 0.010297 -0.001616
v -0.016799 0.010536 0.006876
v -0.036583 0.744140 0.022019
v -0.036654 0.772378 -0.032719
v -0.036711 0.894105 -0.084841
v -0.036749 0.525899 0.072528
v -0.016999 0.026058 0.023835
v -0.017062 0.000779 0.047192
v -0.017049 0.000677 -0.004995
v -0.036848 0.802323 -0.049008
v -0.036893 0.772530 -0.001805
v -0.018394 0.110977 0.026118
v -0.036079 0.423037 0.068786
v -0.036913 0.988046 0.009896
v -0.017190 0.008989 -0.002732
v -0.017256 0.000714 0.083590
v -0.036974 0.780808 -0.013365
v -0.037058 0.893526 0.083354
v -0.037091 0.770918 -0.018113
v -0.037095 0.872498 -0.093986
v -0.037133 0.563436 0.078508
v -0.037135 0.709933 0.055985
v -0.017416 0.042152 0.040025
v -0.037182 0.901895 0.112645
v -0.019336 0.115055 -0.045388
v -0.037324 0.778708 0.004065
v -0.017647 0.028681 0.085560
v -0.017729 0.041648 0.068861
v -0.037602 0.711898 0.052671
v -0.017887 0.047529 0.027546
v -0.037700 0.752750 0.029513
v -0.037730 0.751960 -0.042842
v -0.037765 0.978460 0.041358
v -0.037775 0.505514 0.083977
v -0.020392 0.124052 -0.041377
v -0.037808 0.715218 0.040940
v -0.037859 0.988016 -0.006880
v -0.020070 0.122726 0.020381
v -0.038004 0.911329 0.090688
v -0.038084 0.877275 0.076545
v -0.037973 0.447277 -0.073234
v -0.038123 0.719372 0.047049
v -0.018458 0.020008 0.083780
v -0.038165 0.551004 -0.077012
v -0.022987 0.167425 0.024901
v -0.018480 0.046259 0.042486
v -0.018563 0.039881 0.083552
v -0.038311 0.697411 -0.079607
v -0.035417 0.378833 0.057649
v -0.018588 0.002150 -0.038881
v -0.038461 0.767053 -0.004177
v -0.038469 0.918389 0.088649
v -0.019516 0.098388 0.024265
v -0.018999 0.064962 0.014348
v -0.019398 0.072809 0.009706
v -0.039161 0.898974 -0.083434
v -0.039232 0.721611 0.040729
v -0.035917 0.368101 -0.054956
v -0.019500 0.038347 -0.035951
v -0.025163 0.183062 -0.045700
v -0.028518 0.246666 -0.045683
v -0.019660 0.003300 0.094333
v -0.019809 0.027228 -0.032902
v -0.039708 0.764588 0.009062
v -0.039750 0.792159 -0.018805
v -0.030837 0.278522 0.044146
v -0.034560 0.337544 0.052347
v -0.040043 0.764801 -0.035885
v -0.039594 0.430080 -0.073623
v -0.040219 0.545522 0.070082
v -0.020449 0.000200 -0.038916
v -0.040279 0.645615 -0.081684
v -0.040332 0.616668 -0.077796
v -0.040416 0.865042 0.075324
v -0.021125 0.088006 -0.047994
v -0.020710 0.001768 -0.003593
v -0.040538 0.546731 0.072117
v -0.040543 0.710527 0.058400
v -0.040542 0.785829 -0.005048
v -0.040543 0.723660 0.034806
v -0.040602 0.528946 0.083749
v -0.020876 0.052487 -0.038414
v -0.040838 0.936314 0.077991
v -0.040838 0.937591 0.077458
v -0.039268 0.403577 -0.068531
v -0.040857 0.982630 -0.027477
v -0.040873 0.770735 -0.014053
v -0.040917 0.711611 0.053235
v -0.040918 0.809627 0.075951
v -0.021323 0.080285 0.027287
v -0.041009 0.894105 0.072102
v -0.041173 0.539012 0.073293
v -0.041180 0.680172 -0.082125
v -0.029144 0.222737 0.033881
v -0.041284 0.842554 -0.067845
v -0.041306 0.735882 0.042710
v -0.041374 0.592338 0.080835
v -0.041393 0.875420 -0.071002
v -0.041593 0.461076 -0.070260
v -0.041538 0.884580 -0.083365
v -0.041686 0.851835 -0.069070
v -0.023362 0.114274 0.027591
v -0.023303 0.113316 0.028432
v -0.041753 0.727182 0.040072
v -0.041774 0.553689 0.082510
v -0.022102 0.018304 0.097399
v -0.022111 0.054483 0.036964
v -0.023677 0.115127 0.027027
v -0.042029 0.776913 0.023330
v -0.023767 0.113947 0.028224
v -0.042147 0.977183 -0.036987
v -0.041961 0.444147 0.068940
v -0.042196 0.548550 0.083673
v -0.022551 0.027433 0.094135
v -0.022762 0.049199 0.055572
v -0.022699 0.026734 -0.043156
v -0.022726 0.024782 -0.045769
v -0.024200 0.114115 0.028438
v -0.024204 0.114115 0.028438
v -0.022754 0.067637 -0.034431
v -0.026084 0.137385 -0.045925
v -0.042755 0.603818 -0.076846
v -0.042806 0.500273 -0.077538
v -0.042877 0.963184 0.057735
v -0.042917 0.730822 0.026343
v -0.030615 0.218057 -0.046795
v -0.043010 0.719817 0.050762
v -0.023204 0.066978 -0.043754
v -0.043045 0.786742 0.063760
v -0.023400 0.000988 0.096410
v -0.023498 0.041493 0.092301
v -0.043212 0.871920 0.076580
v -0.043277 0.919941 -0.075765
v -0.026203 0.134697 0.024493
v -0.043311 0.761697 0.013380
v -0.038244 0.342474 -0.053334
v -0.023724 0.048401 0.079215
v -0.023795 0.045509 0.088581
v -0.043538 0.716684 0.049271
v -0.023749 0.002938 -0.045758
v -0.043566 0.752758 -0.036182
v -0.043588 0.671026 -0.082399
v -0.043596 0.489148 -0.066879
v -0.043672 0.779773 0.051994
v -0.043684 0.786103 0.003209
v -0.043752 0.733483 0.032937
v -0.043824 0.653178 0.074373
v -0.024107 0.062915 -0.039058
v -0.043957 0.983725 -0.017264
v -0.044016 0.457737 0.075102
v -0.024329 0.076250 0.024690
v -0.044361 0.825238 -0.058578
v -0.044361 0.844532 0.072721
v -0.044365 0.873229 0.072702
v -0.024726 0.075080 0.017851
v -0.044550 0.891153 0.107593
v -0.044691 0.492902 -0.065921
v -0.044756 0.891730 0.113284
v -0.044787 0.777217 0.034256
v -0.044830 0.714170 -0.073578
v -0.044829 0.896113 -0.082231
v -0.044800 0.741813 0.022851
v -0.044866 0.765623 -0.027158
v -0.044874 0.795293 0.067366
v -0.044889 0.736637 0.020781
v -0.026852 0.108858 -0.053354
v -0.045118 0.899126 0.113861
v -0.025507 0.020099 0.095779
v -0.045506 0.769030 -0.019269
v -0.045553 0.485176 -0.070142
v -0.045577 0.932327 0.076499
v -0.040431 0.341512 0.053770
v -0.025886 0.027311 -0.041134
v -0.038687 0.314561 0.051103
v -0.045867 0.767510 -0.003379
v -0.045939 0.456158 -0.069096
v -0.045929 0.494543 0.071280
v -0.026357 0.078813 -0.051908
v -0.046103 0.563496 -0.073004
v -0.046122 0.917324 0.085469
v -0.046202 0.883241 0.070767
v -0.026509 0.056844 0.044650
v -0.046252 0.866930 0.074262
v -0.026515 0.071580 -0.050602
v -0.046380 0.893466 0.113877
v -0.026595 0.038447 -0.045685
v -0.035526 0.244404 0.041826
v -0.046714 0.464668 -0.071359
v -0.046685 0.800953 -0.028330
v -0.046860 0.961510 -0.051465
v -0.047206 0.918328 0.079550
v -0.047277 0.725498 0.040659
v -0.047302 0.861634 -0.067229
v -0.047419 0.928827 -0.070759
v -0.028992 0.112662 0.032929
v -0.027736 0.004275 0.104283
v -0.047449 0.490105 -0.069946
v -0.047459 0.728174 0.041368
v -0.047487 0.865955 0.070474
v -0.032069 0.161639 0.029934
v -0.045708 0.400716 0.061487
v -0.047818 0.804240 -0.036916
v -0.028194 0.066666 0.031292
v -0.028139 0.013896 -0.050329
v -0.048047 0.580644 0.077709
v -0.030016 0.117604 0.026859
v -0.030258 0.114344 -0.052618
v -0.045809 0.393138 0.059430
v -0.048518 0.483047 -0.071763
v -0.048499 0.504983 0.081543
v -0.030717 0.116037 -0.048384
v -0.048511 0.785677 0.050164
v -0.048807 0.825877 0.071881
v -0.048812 0.493095 -0.067184
v -0.048841 0.581983 -0.072578
v -0.048824 0.753051 -0.028548
v -0.048895 0.903812 0.086017
v -0.048910 0.941730 0.069560
v -0.048929 0.783516 0.017716
v -0.048983 0.538795 -0.072821
v -0.049091 0.467983 -0.072566
v -0.029179 0.053241 -0.047229
v -0.029414 0.034280 0.100267
v -0.049183 0.458374 -0.071002
v -0.030045 0.098399 0.031093
v -0.049204 0.729527 0.036382
v -0.049254 0.496397 0.079686
v -0.049298 0.952624 -0.057643
v -0.048399 0.421719 -0.070147
v -0.048078 0.411207 -0.068737
v -0.049477 0.899673 -0.073041
v -0.049545 0.725925 -0.066928
v -0.049644 0.975235 -0.030722
v -0.049652 0.980895 0.003545
v -0.047155 0.388220 -0.060422
v -0.046543 0.371690 -0.056541
v -0.032230 0.122763 0.028611
v -0.050090 0.880471 -0.086820
v -0.050085 0.487106 0.068979
v -0.030395 0.018973 0.105585
v -0.050155 0.494406 0.077381
v -0.030463 0.051626 0.086877
v -0.050201 0.716945 0.048134
v -0.050276 0.762945 -0.008569
v -0.050298 0.942095 -0.063387
v -0.050335 0.756716 0.008376
v -0.050379 0.816961 -0.047349
v -0.050398 0.805822 -0.019950
v -0.050396 0.735871 0.032862
v -0.047298 0.376838 0.056888
v -0.050622 0.978095 0.020778
v -0.050782 0.841701 0.068161
v -0.050797 0.851804 0.068252
v -0.050755 0.740844 0.027639
v -0.050851 0.455888 0.066669
v -0.036290 0.175153 -0.051628
v -0.050834 0.758091 -0.020388
v -0.050923 0.532062 0.078363
v -0.040067 0.245207 -0.049224
v -0.051286 0.643900 -0.079470
v -0.051320 0.625836 0.073293
v -0.051337 0.551353 -0.072128
v -0.051471 0.495365 -0.072973
v -0.031805 0.054213 0.071352
v -0.051520 0.790394 0.049727
v -0.051801 0.893009 0.062493
v -0.051773 0.741487 -0.052628
v -0.033473 0.112439 0.034609
v -0.051984 0.686264 0.063044
v -0.051980 0.882115 0.064913
v -0.052014 0.810266 -0.022620
v -0.052025 0.971035 0.036474
v -0.032391 0.077600 0.024797
v -0.052087 0.484810 0.071801
v -0.052170 0.872741 -0.075247
v -0.045056 0.314450 0.051562
v -0.032744 0.073295 0.030684
v -0.052354 0.747033 -0.043489
v -0.033281 0.087687 -0.053834
v -0.052577 0.600920 0.076377
v -0.033164 0.083787 0.033198
v -0.052759 0.752638 -0.018060
v -0.033175 0.066813 -0.045157
v -0.052990 0.502762 -0.073788
v -0.053022 0.490695 0.067654
v -0.053090 0.954389 0.056578
v -0.040873 0.219470 -0.050446
v -0.052687 0.435848 -0.068863
v -0.053251 0.875541 -0.062292
v -0.053222 0.737203 0.025021
v -0.043917 0.273654 0.045970
v -0.046299 0.317570 -0.053545
v -0.053323 0.755230 0.001539
v -0.033704 0.001283 -0.052427
v -0.053559 0.839967 0.065084
v -0.053574 0.838263 0.065095
v -0.053574 0.839114 0.065087
v -0.033850 0.064113 0.040255
v -0.053537 0.451739 0.064886
v -0.053710 0.562492 0.072323
v -0.033901 0.039519 -0.050836
v -0.053926 0.459214 0.070837
v -0.053918 0.452694 0.069168
v -0.054088 0.488551 0.071824
v -0.034357 0.024396 -0.054469
v -0.034518 0.020860 0.102952
v -0.034539 0.000295 -0.006672
v -0.054392 0.639457 0.071581
v -0.054407 0.788203 0.030517
v -0.034728 0.051139 0.093853
v -0.054693 0.617987 -0.074199
v -0.034979 0.026832 -0.052986
v -0.054928 0.616731 0.071505
v -0.035222 0.045144 0.099871
v -0.035238 0.074748 0.026655
v -0.042712 0.218503 0.038065
v -0.035340 0.001688 0.106908
v -0.035376 0.071175 -0.053864
v -0.035383 0.027411 -0.048037
v -0.035426 0.066970 -0.051093
v -0.055126 0.744853 0.010697
v -0.055313 0.493867 0.066224
v -0.055190 0.750724 -0.005992
v -0.055469 0.608839 0.073932
v -0.035796 0.058504 0.054203
v -0.055506 0.493156 -0.063259
v -0.055605 0.481193 0.073130
v -0.055723 0.791306 0.017367
v -0.036051 0.061731 0.047401
v -0.055993 0.900039 0.105531
v -0.036303 0.068949 0.036448
v -0.056027 0.819273 0.059089
v -0.039161 0.137148 0.029480
v -0.056222 0.671885 0.066110
v -0.056240 0.879254 0.059328
v -0.056290 0.458207 0.071866
v -0.056423 0.564249 -0.068636
v -0.056446 0.928644 0.070002
v -0.056515 0.803814 0.049910
v -0.056594 0.974687 -0.011977
v -0.042581 0.186869 0.035266
v -0.036911 0.056891 0.056159
v -0.056682 0.842128 -0.054205
v -0.056716 0.892218 0.080600
v -0.036881 0.054713 -0.050900
v -0.056967 0.872620 -0.078831
v -0.056997 0.535937 -0.069040
v -0.040364 0.135408 -0.052296
v -0.057130 0.493218 -0.059857
v -0.057169 0.702528 0.054618
v -0.057278 0.814465 -0.025758
v -0.057324 0.839480 0.059404
v -0.057556 0.488780 -0.060664
v -0.057613 0.490260 -0.064628
v -0.057719 0.501938 0.077115
v -0.057537 0.749466 -0.033410
v -0.057943 0.613142 -0.072517
v -0.057915 0.875085 -0.081539
v -0.040254 0.115217 -0.052205
v -0.039041 0.098791 0.033899
v -0.058234 0.815835 -0.031544
v -0.058424 0.583270 0.072140
v -0.058436 0.538741 0.073052
v -0.058448 0.455132 -0.063134
v -0.058645 0.940634 -0.056760
v -0.058853 0.481263 -0.066225
v -0.058877 0.891548 0.051820
v -0.059005 0.458337 -0.066049
v -0.057801 0.417194 0.061202
v -0.058531 0.431768 0.062180
v -0.059211 0.898274 -0.065434
v -0.059338 0.483237 -0.063292
v -0.059280 0.553523 0.072574
v -0.059307 0.798823 0.029390
v -0.059381 0.660934 0.066943
v -0.059374 0.862273 -0.055741
v -0.059417 0.494745 -0.067382
v -0.059570 0.466393 -0.066996
v -0.059610 0.460383 -0.061381
v -0.059584 0.918054 -0.062900
v -0.040030 0.079404 0.032335
v -0.059770 0.584768 -0.067853
v -0.059951 0.674533 -0.079682
v -0.059907 0.914128 0.071246
v -0.060181 0.464459 -0.063993
v -0.060086 0.885401 -0.071155
v -0.060162 0.878889 0.051105
v -0.040569 0.056859 0.080653
v -0.060322 0.887866 -0.065038
v -0.059491 0.426536 -0.065393
v -0.040719 0.003696 0.111953
v -0.060474 0.831416 -0.043668
v -0.060489 0.934974 0.062873
v -0.042498 0.110534 -0.058587
v -0.060638 0.903203 0.072170
v -0.055072 0.340482 -0.053422
v -0.060858 0.953811 -0.044360
v -0.060934 0.965862 -0.026454
v -0.060980 0.913459 0.075107
v -0.060999 0.897757 0.103759
v -0.060999 0.961145 0.038517
v -0.057729 0.377154 -0.055429
v -0.061133 0.896904 -0.068393
v -0.054535 0.321547 0.051070
v -0.044137 0.123518 -0.053605
v -0.041632 0.044916 -0.053424
v -0.061505 0.490820 0.061804
v -0.043493 0.118224 0.030358
v -0.050393 0.239699 0.042602
v -0.041928 0.020252 0.110827
v -0.061741 0.811422 -0.002948
v -0.054625 0.315444 -0.052657
v -0.061768 0.902869 0.075822
v -0.042089 0.027456 -0.050925
v -0.042297 0.067076 0.034579
v -0.047801 0.181245 -0.053380
v -0.062283 0.661060 -0.078584
v -0.042322 0.001943 -0.055661
v -0.062118 0.827155 -0.037490
v -0.062152 0.890240 0.042091
v -0.062161 0.505010 -0.068667
v -0.062330 0.628190 0.068073
v -0.060780 0.411023 -0.062859
v -0.058917 0.377336 0.054340
v -0.042644 0.029442 0.106673
v -0.062073 0.749909 -0.022752
v -0.043032 0.039271 0.105098
v -0.062810 0.828524 -0.019371
v -0.062841 0.968358 0.010198
v -0.062856 0.497794 -0.067709
v -0.043260 0.067593 0.041568
v -0.063030 0.891396 0.102138
v -0.063084 0.950220 0.048259
v -0.063304 0.934609 0.059260
v -0.063319 0.562423 0.066586
v -0.063319 0.840758 0.043959
v -0.063365 0.889631 0.091836
v -0.061132 0.397543 0.055832
v -0.063554 0.704492 -0.074464
v -0.063533 0.873563 0.042020
v -0.063533 0.876516 -0.050765
v -0.063601 0.822225 0.037568
v -0.043853 0.000390 -0.054481
v -0.063754 0.489527 0.064390
v -0.064030 0.669273 -0.078490
v -0.047959 0.154818 0.031479
v -0.054706 0.276041 0.044874
v -0.044294 0.079539 0.023419
v -0.064004 0.906582 -0.059568
v -0.044411 0.085586 0.035171
v -0.064034 0.812243 0.001482
v -0.044291 0.026020 -0.056477
v -0.045765 0.111889 0.036244
v -0.064248 0.812092 0.014805
v -0.064248 0.487833 0.060412
v -0.064478 0.646574 -0.075721
v -0.044630 0.077125 -0.055873
v -0.044484 0.066061 -0.049016
v -0.047687 0.137521 0.029482
v -0.053782 0.246110 -0.049337
v -0.064711 0.881323 -0.075582
v -0.064772 0.962940 0.025197
v -0.064780 0.551727 -0.065122
v -0.064782 0.495410 0.069991
v -0.045509 0.087940 -0.055888
v -0.064910 0.861482 0.036765
v -0.064947 0.525314 0.071402
v -0.064954 0.453746 0.059325
v -0.065053 0.599658 0.069047
v -0.065107 0.965801 -0.006826
v -0.047078 0.116185 0.034829
v -0.065532 0.630221 -0.071649
v -0.065070 0.440314 -0.061161
v -0.065556 0.840302 0.034063
v -0.065663 0.550194 0.068644
v -0.065830 0.828434 -0.013061
v -0.065921 0.821982 0.021154
v -0.053747 0.218975 0.037159
v -0.066028 0.873259 -0.064399
v -0.066037 0.494310 0.058259
v -0.066313 0.690282 -0.077133
v -0.066204 0.482844 0.065838
v -0.066123 0.453213 0.063147
v -0.066287 0.888475 -0.057757
v -0.066325 0.812670 0.009212
v -0.066022 0.743468 -0.044653
v -0.066438 0.483417 0.063102
v -0.066401 0.889296 0.096021
v -0.066576 0.914677 0.063219
v -0.066614 0.853783 -0.044322
v -0.066629 0.574322 0.065255
v -0.066659 0.564630 -0.062406
v -0.066674 0.489434 -0.052896
v -0.049345 0.123727 0.031044
v -0.047931 0.098045 0.033919
v -0.067217 0.461320 0.065252
v -0.062898 0.363174 0.051724
v -0.066958 0.738296 -0.052342
v -0.067253 0.888961 0.041251
v -0.066928 0.747937 -0.005329
v -0.067337 0.831538 0.019471
v -0.067428 0.536973 -0.061934
v -0.067693 0.459189 0.062989
v -0.067717 0.872955 0.039806
v -0.067732 0.899551 0.093807
v -0.067795 0.486849 -0.056490
v -0.067961 0.493650 -0.051215
v -0.048167 0.050366 -0.053410
v -0.048357 0.055004 0.092218
v -0.067968 0.729235 -0.061457
v -0.068021 0.743543 0.010119
v -0.048556 0.035476 -0.053513
v -0.068425 0.842493 -0.016414
v -0.068432 0.951164 -0.033142
v -0.068659 0.616027 0.063302
v -0.068858 0.539368 0.064874
v -0.068858 0.584159 -0.061965
v -0.068934 0.877337 -0.041963
v -0.068949 0.714180 0.045100
v -0.068995 0.818512 0.012480
v -0.049299 0.058923 0.056474
v -0.066108 0.383264 -0.052649
v -0.069224 0.845901 0.015691
v -0.069045 0.738456 0.020064
v -0.069286 0.500712 0.068666
v -0.069314 0.838293 -0.025020
v -0.069358 0.716935 -0.068707
v -0.049698 0.072940 0.027831
v -0.069027 0.748486 -0.016141
v -0.069528 0.841853 -0.032069
v -0.069849 0.616203 -0.066033
v -0.053104 0.137964 -0.052504
v -0.069641 0.860143 0.034505
v -0.069601 0.732504 0.028653
v -0.069794 0.937165 -0.043915
v -0.069991 0.840697 0.030770
v -0.070183 0.494310 -0.057696
v -0.070510 0.455685 0.056085
v -0.065194 0.343318 -0.049940
v -0.070706 0.841579 0.005632
v -0.050930 0.027556 -0.051625
v -0.070752 0.939356 0.043962
v -0.070844 0.852657 -0.035230
v -0.056474 0.178625 -0.052470
v -0.061831 0.278445 0.042476
v -0.051379 0.075943 0.029743
v -0.071179 0.459778 -0.052892
v -0.051438 0.019856 0.112804
v -0.071232 0.952381 0.029221
v -0.069817 0.413527 -0.057030
v -0.070672 0.431921 0.055854
v -0.071481 0.462783 -0.056425
v -0.071406 0.849310 -0.014729
v -0.051708 0.000194 -0.008493
v -0.051759 0.052204 0.098380
v -0.071484 0.501726 -0.061934
v -0.071521 0.880136 0.037935
v -0.051773 0.002632 -0.056040
v -0.071658 0.838019 0.019772
v -0.059554 0.221693 -0.049603
v -0.071682 0.495606 -0.059667
v -0.065245 0.326127 0.047118
v -0.071878 0.828312 0.003772
v -0.064735 0.314257 -0.049128
v -0.072168 0.661652 0.059868
v -0.072031 0.916289 -0.046980
v -0.052339 0.062111 0.047116
v -0.068540 0.375909 0.050089
v -0.072167 0.889601 0.058297
v -0.072404 0.878159 -0.034378
v -0.072457 0.837837 0.022686
v -0.072464 0.895535 0.091738
v -0.052793 0.022777 0.108423
v -0.072540 0.856705 0.012171
v -0.072548 0.951285 -0.019893
v -0.072639 0.854940 -0.012498
v -0.072685 0.561663 0.058290
v -0.072674 0.723631 0.037817
v -0.072905 0.955180 0.003349
v -0.053280 0.046848 0.103409
v -0.073081 0.890392 0.090437
v -0.073339 0.831172 -0.016401
v -0.073438 0.887349 0.035419
v -0.073367 0.728791 0.032774
v -0.073643 0.855183 -0.027089
v -0.073666 0.563671 -0.056555
v -0.073712 0.817448 -0.008823
v -0.054047 0.002110 -0.006885
v -0.073849 0.592399 0.059788
v -0.073909 0.812792 -0.002366
v -0.073826 0.448559 0.054026
v -0.057041 0.135429 0.026576
v -0.073993 0.853387 -0.019604
v -0.054360 0.082079 0.032837
v -0.074047 0.918937 0.049001
v -0.054383 0.002753 0.112394
v -0.056673 0.120573 -0.053184
v -0.062178 0.219781 0.033640
v -0.055949 0.111326 0.034089
v -0.074435 0.494256 0.059537
v -0.073556 0.426432 -0.054319
v -0.054904 0.065939 0.046668
v -0.075185 0.638700 -0.067799
v -0.055010 0.002294 0.036359
v -0.074800 0.883058 -0.063128
v -0.054994 0.067808 -0.051587
v -0.074838 0.869760 0.028001
v -0.057067 0.113691 -0.051432
v -0.074930 0.862729 -0.003362
v -0.074974 0.550513 -0.056502
v -0.055206 0.024810 -0.055564
v -0.075127 0.816869 0.005423
v -0.075142 0.836954 -0.000793
v -0.075180 0.863095 0.002025
v -0.075196 0.857587 0.016086
v -0.055425 0.037431 -0.052965
v -0.057283 0.110768 -0.057308
v -0.075554 0.468556 -0.052729
v -0.075654 0.701663 0.049773
v -0.074044 0.412357 0.050836
v -0.055933 0.073585 0.028253
v -0.075758 0.690268 0.053292
v -0.075651 0.882419 -0.063128
v -0.075651 0.882419 -0.063128
v -0.075651 0.882571 -0.062915
v -0.075651 0.927397 -0.035956
v -0.075708 0.489243 -0.046654
v -0.075850 0.879558 -0.023834
v -0.056216 0.033611 0.107974
v -0.075934 0.900891 0.052086
v -0.075941 0.845079 -0.000302
v -0.076166 0.606073 0.059034
v -0.075636 0.437267 0.054062
v -0.076115 0.524763 0.060686
v -0.075700 0.438841 -0.051185
v -0.076272 0.484500 0.055303
v -0.056482 0.009839 -0.006858
v -0.058124 0.115921 0.032074
v -0.057113 0.089798 -0.054205
v -0.058386 0.117726 0.027437
v -0.076484 0.488841 0.046245
v -0.076496 0.576742 -0.054638
v -0.076496 0.882388 -0.062276
v -0.076534 0.537380 -0.053999
v -0.076565 0.881476 -0.062778
v -0.076580 0.550307 0.056612
v -0.068011 0.288577 0.040092
v -0.076580 0.490288 -0.041218
v -0.076618 0.863947 0.015968
v -0.062494 0.183816 0.030042
v -0.057479 0.097341 0.030925
v -0.077274 0.618499 -0.060064
v -0.057066 0.009292 0.018473
v -0.057190 0.001292 0.090012
v -0.076907 0.869881 -0.015461
v -0.076954 0.457997 0.054480
v -0.066309 0.249218 0.037453
v -0.067370 0.269967 -0.044593
v -0.057266 0.005065 0.114844
v -0.077013 0.456064 0.048885
v -0.077094 0.462445 0.056067
v -0.077082 0.852414 0.004567
v -0.077257 0.868390 -0.006423
v -0.077326 0.890453 -0.040712
v -0.077349 0.540224 0.055748
v -0.077410 0.932570 -0.028843
v -0.074301 0.383789 -0.047353
v -0.077516 0.880989 -0.012772
v -0.061121 0.139760 -0.049665
v -0.066936 0.245418 -0.044306
v -0.057962 0.055285 -0.050207
v -0.077835 0.874628 -0.058024
v -0.078109 0.674161 0.055035
v -0.077957 0.884670 0.016492
v -0.078079 0.935431 0.030690
v -0.078433 0.645830 0.055137
v -0.078147 0.882905 0.000955
v -0.078332 0.497429 0.058651
v -0.058527 0.066370 -0.046486
v -0.078399 0.875876 -0.060747
v -0.078407 0.495540 -0.052394
v -0.078489 0.842036 -0.017466
v -0.078550 0.911329 -0.035565
v -0.078152 0.439331 0.047336
v -0.075041 0.375711 0.045370
v -0.078726 0.876424 -0.039750
v -0.079181 0.689982 -0.073703
v -0.078864 0.494526 0.042088
v -0.078877 0.857099 -0.010684
v -0.069841 0.277817 0.036616
v -0.059321 0.064945 0.038315
v -0.059352 0.070442 0.036587
v -0.059480 0.076801 -0.053623
v -0.079319 0.561457 0.050283
v -0.079570 0.925601 0.034005
v -0.079600 0.564568 -0.049883
v -0.079745 0.937165 -0.012703
v -0.067823 0.224189 -0.045371
v -0.065372 0.175484 -0.048383
v -0.060138 0.000280 -0.051963
v -0.079973 0.857830 0.002167
v -0.080340 0.629982 0.051905
v -0.080090 0.600228 0.054767
v -0.060317 0.055977 0.089897
v -0.062452 0.123992 0.026555
v -0.079363 0.746251 -0.033068
v -0.060274 0.040879 -0.051689
v -0.080164 0.826638 -0.014044
v -0.079596 0.746685 -0.002786
v -0.060513 0.059282 0.054066
v -0.073884 0.323118 0.040079
v -0.080600 0.487791 0.047654
v -0.080651 0.493509 -0.035786
v -0.064563 0.147717 0.023783
v -0.080719 0.536950 -0.049541
v -0.080426 0.733061 -0.057101
v -0.080313 0.740607 -0.047351
v -0.080985 0.937408 0.007480
v -0.080252 0.429889 0.050377
v -0.078352 0.390547 0.045503
v -0.081501 0.615689 0.048130
v -0.081349 0.704908 -0.070594
v -0.061502 0.058196 0.076827
v -0.081796 0.680652 -0.073234
v -0.081259 0.823838 0.000329
v -0.081009 0.727367 -0.061877
v -0.081382 0.499824 -0.051116
v -0.081354 0.716721 -0.067407
v -0.069545 0.222421 0.028372
v -0.082023 0.690619 -0.072416
v -0.082046 0.689768 -0.072499
v -0.081609 0.849035 -0.015826
v -0.081617 0.887714 0.074285
v -0.082433 0.670133 -0.072149
v -0.066423 0.162431 0.024413
v -0.081395 0.732593 0.029131
v -0.082200 0.688918 -0.072499
v -0.074927 0.319710 -0.042423
v -0.062069 0.010719 -0.003013
v -0.081883 0.897543 0.075499
v -0.077812 0.365032 -0.042980
v -0.068993 0.199370 0.026846
v -0.062580 0.001616 -0.052571
v -0.082430 0.820003 -0.007689
v -0.065637 0.135018 0.020561
v -0.082429 0.714103 0.043328
v -0.082708 0.486042 -0.042002
v -0.082125 0.744015 0.008269
v -0.083193 0.654921 0.051474
v -0.082876 0.458611 -0.036796
v -0.082911 0.494497 -0.044167
v -0.083064 0.592437 -0.049275
v -0.082630 0.739724 0.018195
v -0.082322 0.429232 0.045424
v -0.083138 0.883910 -0.053610
v -0.080798 0.398388 -0.043887
v -0.084127 0.633488 -0.058722
v -0.082949 0.723941 0.036733
v -0.084152 0.655017 -0.067304
v -0.082444 0.428354 0.046267
v -0.082407 0.427483 0.046946
v -0.067408 0.151781 0.021915
v -0.083344 0.538009 0.047688
v -0.073243 0.258687 0.032130
v -0.067556 0.153051 0.021971
v -0.083382 0.899369 0.035468
v -0.063590 0.025857 -0.052072
v -0.082682 0.747253 -0.011891
v -0.083518 0.586632 0.046391
v -0.083018 0.737199 -0.050229
v -0.083602 0.820764 -0.003574
v -0.063848 0.027344 -0.047740
v -0.083717 0.916381 -0.017485
v -0.083784 0.489376 -0.037012
v -0.083898 0.490057 -0.029095
v -0.084053 0.463822 -0.044026
v -0.084013 0.836528 -0.015910
v -0.064310 0.000407 0.043488
v -0.084112 0.856552 -0.008036
v -0.068737 0.160198 0.021982
v -0.064467 0.067749 0.041570
v -0.068884 0.161469 0.022034
v -0.064505 0.065881 0.034766
v -0.084297 0.489425 0.032395
v -0.064579 0.076190 0.021985
v -0.084432 0.564287 -0.042644
v -0.084539 0.694092 0.049260
v -0.085416 0.665238 -0.069878
v -0.084576 0.493467 -0.026048
v -0.085371 0.612391 -0.048648
v -0.084245 0.724923 -0.052974
v -0.079379 0.345903 -0.039248
v -0.084464 0.719663 -0.056845
v -0.084525 0.720250 -0.062506
v -0.084737 0.494401 0.029601
v -0.084211 0.730822 -0.046250
v -0.068353 0.138650 -0.043961
v -0.084842 0.843771 -0.003439
v -0.065156 0.022381 0.111054
v -0.084888 0.909625 0.024120
v -0.084968 0.709399 -0.061257
v -0.084561 0.728953 -0.055942
v -0.084958 0.702969 0.038569
v -0.065306 0.072144 0.026344
v -0.075885 0.276597 0.029854
v -0.085086 0.547569 -0.044139
v -0.084880 0.715437 0.032375
v -0.077710 0.307656 0.032681
v -0.081520 0.374084 0.038561
v -0.084607 0.735945 -0.037648
v -0.085337 0.917811 -0.003264
v -0.065629 0.060945 0.046272
v -0.065651 0.007100 0.027416
v -0.085768 0.670393 0.051181
v -0.085113 0.724676 0.025102
v -0.085397 0.710568 0.042413
v -0.085701 0.703881 -0.067054
v -0.070975 0.174948 -0.043549
v -0.084869 0.738286 -0.043792
v -0.084658 0.426629 -0.038265
v -0.086104 0.691473 -0.069652
v -0.084850 0.742926 -0.034335
v -0.085642 0.495426 0.043575
v -0.085235 0.733346 0.024902
v -0.085664 0.916685 0.010579
v -0.085694 0.886588 0.051614
v -0.086098 0.697220 -0.064015
v -0.086014 0.608067 0.044523
v -0.086709 0.676192 -0.069852
v -0.085922 0.893313 -0.014729
v -0.085937 0.562811 0.038637
v -0.085414 0.731891 0.016824
v -0.086011 0.459528 -0.037141
v -0.086122 0.690821 0.042260
v -0.085968 0.851257 -0.003861
v -0.085173 0.740671 -0.021956
v -0.069807 0.145753 0.018445
v -0.086625 0.689851 -0.064652
v -0.085212 0.745330 -0.020962
v -0.086143 0.894135 0.071367
v -0.066339 0.047499 -0.046771
v -0.085565 0.736742 0.007310
v -0.085540 0.740363 -0.004556
v -0.085601 0.743018 0.001612
v -0.087181 0.680384 -0.064421
v -0.066639 0.020738 0.112188
v -0.085782 0.740108 0.012332
v -0.086539 0.830563 -0.012156
v -0.074789 0.227259 -0.039287
v -0.086691 0.493712 -0.017718
v -0.086721 0.886223 -0.043816
v -0.076275 0.252332 0.028080
v -0.087396 0.628706 0.040497
v -0.087386 0.639594 0.043675
v -0.087895 0.671684 -0.063076
v -0.085637 0.420089 0.043954
v -0.087103 0.599889 0.043925
v -0.086971 0.489981 -0.017991
v -0.086952 0.501682 -0.042040
v -0.087199 0.683977 0.048245
v -0.087023 0.489399 0.022285
v -0.086957 0.494618 -0.035064
v -0.087883 0.678610 -0.067700
v -0.087092 0.456339 0.035485
v -0.087109 0.534159 -0.040507
v -0.085337 0.409630 0.040869
v -0.087561 0.676023 0.043536
v -0.076229 0.243564 -0.036452
v -0.087208 0.880654 -0.003534
v -0.077716 0.270461 -0.034543
v -0.087309 0.502057 0.045371
v -0.068121 0.095698 0.024012
v -0.069075 0.111536 0.026111
v -0.087503 0.458426 -0.025914
v -0.067756 0.057971 0.052492
v -0.070113 0.122020 -0.046523
v -0.088728 0.663915 -0.060689
v -0.067818 0.040732 0.105516
v -0.088716 0.622105 -0.046832
v -0.069530 0.115293 0.023119
v -0.067950 0.072580 0.028855
v -0.087816 0.490289 -0.026193
v -0.082580 0.346362 0.032526
v -0.070056 0.113343 -0.043433
v -0.086869 0.424135 0.036376
v -0.074233 0.191101 0.020377
v -0.068740 0.089472 -0.048161
v -0.088041 0.459287 0.042966
v -0.084293 0.374507 -0.036206
v -0.088075 0.896174 0.009102
v -0.068429 0.077259 0.023697
v -0.089579 0.656677 -0.057682
v -0.068623 0.000440 0.067815
v -0.088342 0.877732 -0.043454
v -0.088372 0.490486 -0.007786
v -0.088380 0.493539 -0.006941
v -0.086318 0.403559 -0.036598
v -0.088804 0.597907 -0.041252
v -0.088433 0.547919 0.038165
v -0.089748 0.649970 -0.061857
v -0.070377 0.107435 -0.050110
v -0.088669 0.833880 -0.006244
v -0.088669 0.889175 0.065407
v -0.085768 0.388901 0.037329
v -0.088722 0.493688 0.009001
v -0.089516 0.662076 0.040927
v -0.088927 0.483987 0.038990
v -0.088806 0.844410 -0.011125
v -0.088823 0.497739 -0.036174
v -0.090099 0.661694 -0.063976
v -0.088897 0.877032 -0.032153
v -0.073781 0.164900 0.017015
v -0.088915 0.491144 0.007707
v -0.089545 0.658585 0.047351
v -0.069338 0.081824 0.024929
v -0.069184 0.067258 -0.037792
v -0.089525 0.668715 0.047138
v -0.090688 0.651047 -0.054307
v -0.071084 0.116058 0.015529
v -0.069351 0.063435 0.045146
v -0.069490 0.068537 0.034068
v -0.089232 0.553815 0.034517
v -0.088373 0.428529 -0.029098
v -0.088336 0.427666 -0.029299
v -0.088374 0.426807 -0.029316
v -0.089377 0.563778 -0.031571
v -0.070093 0.023111 0.106688
v -0.089851 0.504695 -0.035447
v -0.070098 0.067503 -0.044920
v -0.090007 0.489340 0.027512
v -0.090016 0.562948 0.027998
v -0.082192 0.301030 0.022963
v -0.070390 0.030446 0.106901
v -0.090152 0.884610 -0.040693
v -0.090244 0.883697 0.025528
v -0.091558 0.617059 -0.038014
v -0.092164 0.644018 -0.049121
v -0.090267 0.896387 0.056456
v -0.075562 0.170889 -0.037499
v -0.090322 0.497312 0.033061
v -0.077388 0.204996 -0.034897
v -0.070605 0.068375 0.024751
v -0.090484 0.458606 -0.015820
v -0.090434 0.533379 0.034182
v -0.090446 0.495018 -0.024165
v -0.092042 0.649647 -0.057070
v -0.070769 0.001486 -0.047070
v -0.086905 0.375167 0.030596
v -0.073207 0.124142 0.015161
v -0.092252 0.634644 -0.051046
v -0.083784 0.316916 -0.030654
v -0.091934 0.650799 0.035119
v -0.091561 0.644016 0.041168
v -0.071186 0.059244 0.050780
v -0.079063 0.224691 0.016468
v -0.071265 0.063681 0.034212
v -0.081855 0.277375 0.019545
v -0.071313 0.061244 0.045488
v -0.091199 0.487094 -0.026347
v -0.091964 0.615475 0.028565
v -0.091313 0.596183 0.034258
v -0.071449 0.064034 0.041098
v -0.071463 0.051078 0.096919
v -0.071415 0.035650 -0.043044
v -0.071653 0.045692 0.102124
v -0.091408 0.585712 0.029532
v -0.091842 0.605315 0.033478
v -0.091424 0.495299 0.019761
v -0.074930 0.135241 -0.034925
v -0.091643 0.456827 0.022772
v -0.074826 0.134747 0.008024
v -0.091734 0.458856 -0.008718
v -0.072063 0.004153 0.111785
v -0.072080 0.076299 -0.047255
v -0.093453 0.642402 0.027061
v -0.091944 0.463616 -0.031730
v -0.091934 0.494332 0.005349
v -0.091978 0.550646 -0.029821
v -0.092935 0.650597 0.040236
v -0.092047 0.886314 0.052352
v -0.072298 0.024473 -0.045969
v -0.092154 0.532739 -0.029882
v -0.092169 0.563405 -0.020566
v -0.094533 0.637278 -0.040523
v -0.072482 0.073906 0.015068
v -0.092231 0.494771 -0.005140
v -0.092696 0.596754 -0.032928
v -0.092278 0.504672 0.031008
v -0.094733 0.642123 -0.044749
v -0.090399 0.403275 -0.027661
v -0.092650 0.489805 0.008097
v -0.078204 0.177191 0.011110
v -0.078158 0.176342 0.011053
v -0.072927 0.056670 0.066887
v -0.092655 0.563109 0.016975
v -0.092647 0.454034 -0.006896
v -0.078280 0.178041 0.011120
v -0.083351 0.271949 -0.024546
v -0.079605 0.199805 0.011897
v -0.074949 0.112119 -0.043225
v -0.094482 0.616375 -0.029553
v -0.081232 0.227584 -0.029335
v -0.092992 0.500384 -0.023367
v -0.095097 0.637069 0.019765
v -0.093173 0.489916 -0.008050
v -0.095232 0.638209 -0.047483
v -0.093378 0.548435 0.026876
v -0.094655 0.625480 0.026035
v -0.093708 0.472851 0.031230
v -0.093647 0.500876 0.021416
v -0.093738 0.459023 -0.020976
v -0.092254 0.416868 0.023959
v -0.089333 0.363141 -0.026277
v -0.082285 0.234091 0.011967
v -0.087724 0.334477 0.020834
v -0.093720 0.563291 -0.007916
v -0.073982 0.067107 0.019520
v -0.093806 0.456917 0.007926
v -0.083474 0.254590 0.014340
v -0.093941 0.483940 -0.019793
v -0.093842 0.563748 0.004900
v -0.096594 0.633972 -0.032572
v -0.093883 0.453441 0.006662
v -0.079962 0.185583 0.008608
v -0.094110 0.499200 -0.012892
v -0.091710 0.397731 0.028504
v -0.085834 0.292108 0.010611
v -0.097153 0.633187 0.010914
v -0.090754 0.378274 -0.023731
v -0.094330 0.895139 0.037914
v -0.094330 0.895139 0.038764
v -0.094345 0.895139 0.037065
v -0.074631 0.027445 -0.037906
v -0.094451 0.888901 -0.019859
v -0.079805 0.170608 -0.028429
v -0.092997 0.413730 0.031222
v -0.094670 0.458461 0.024824
v -0.095404 0.605122 0.022429
v -0.096623 0.629126 -0.039352
v -0.094704 0.500992 0.006120
v -0.095934 0.634839 0.030662
v -0.096081 0.657430 0.034017
v -0.094925 0.485002 0.019653
v -0.094839 0.535968 -0.021008
v -0.075575 0.092779 0.015504
v -0.095007 0.880197 -0.025324
v -0.075185 0.048585 -0.036902
v -0.095397 0.597947 0.022130
v -0.098188 0.631765 -0.024723
v -0.096805 0.649884 0.028579
v -0.081914 0.199312 -0.022418
v -0.097093 0.616090 -0.017629
v -0.094453 0.731427 0.014646
v -0.096635 0.639188 0.029287
v -0.095280 0.549462 -0.018569
v -0.098414 0.630371 0.001234
v -0.095295 0.527969 0.019163
v -0.077310 0.114599 0.009989
v -0.095659 0.594412 -0.021382
v -0.077488 0.113191 -0.029514
v -0.088353 0.314879 -0.019368
v -0.096992 0.615975 0.010142
v -0.091767 0.375544 0.019459
v -0.078101 0.121851 -0.033536
v -0.086342 0.276626 -0.015131
v -0.075748 0.067989 -0.028543
v -0.095624 0.491922 0.006239
v -0.093407 0.401281 -0.017426
v -0.082509 0.200935 0.002839
v -0.095723 0.491604 -0.006068
v -0.079095 0.134551 -0.014716
v -0.094946 0.427857 0.006966
v -0.094278 0.413293 0.015551
v -0.094850 0.738421 -0.024327
v -0.099326 0.630593 -0.014442
v -0.087507 0.289648 0.000881
v -0.097829 0.614187 -0.009867
v -0.095885 0.705856 0.033856
v -0.096161 0.522285 0.011267
v -0.096170 0.591296 0.011473
v -0.098128 0.617348 0.003013
v -0.096441 0.462089 0.025350
v -0.095413 0.737050 0.001945
v -0.098952 0.630512 -0.031852
v -0.081306 0.163255 -0.000817
v -0.078545 0.114008 -0.005740
v -0.096558 0.548641 0.013650
v -0.096573 0.530201 -0.007666
v -0.084981 0.230595 -0.017348
v -0.096062 0.719987 0.025861
v -0.088775 0.301263 -0.007387
v -0.099216 0.640691 0.015791
v -0.083967 0.208350 -0.009799
v -0.096854 0.464045 -0.017695
v -0.097708 0.603193 0.007915
v -0.096964 0.479273 -0.007417
v -0.096891 0.459761 -0.008528
v -0.077052 0.001906 -0.038823
v -0.078346 0.106951 0.013660
v -0.096946 0.893678 0.039591
v -0.077144 0.067309 -0.035467
v -0.077152 0.062110 -0.025069
v -0.092736 0.364982 -0.015863
v -0.097151 0.484090 0.007295
v -0.081933 0.164758 -0.017051
v -0.095196 0.409515 -0.001982
v -0.096809 0.714254 -0.055291
v -0.097022 0.891426 0.043762
v -0.085994 0.241274 -0.000930
v -0.097053 0.592003 -0.005875
v -0.098718 0.630649 0.021859
v -0.097092 0.454287 -0.006989
v -0.097114 0.545472 0.002720
v -0.077455 0.055455 0.069519
v -0.077928 0.087055 -0.038710
v -0.097585 0.704453 -0.058885
v -0.077746 0.074270 0.011710
v -0.077752 0.053404 0.050753
v -0.096496 0.734919 -0.033080
v -0.096395 0.739389 -0.011550
v -0.091927 0.340408 0.007551
v -0.077802 0.000112 -0.033462
v -0.079369 0.106805 -0.040328
v -0.080377 0.122249 -0.002709
v -0.095296 0.394638 -0.006527
v -0.097157 0.730826 -0.040068
v -0.092074 0.334486 -0.004927
v -0.100405 0.630465 0.014505
v -0.100699 0.623001 -0.017694
v -0.098955 0.692833 -0.060510
v -0.098278 0.882358 0.015115
v -0.095352 0.388766 0.008237
v -0.098331 0.886192 0.035101
v -0.100564 0.623454 0.007052
v -0.098544 0.460490 0.007822
v -0.081095 0.121886 -0.020745
v -0.098540 0.454342 0.006751
v -0.098560 0.886953 -0.009432
v -0.098613 0.881140 -0.002625
v -0.102003 0.634627 -0.001110
v -0.078919 0.022717 0.103128
v -0.094479 0.365165 -0.003559
v -0.080884 0.111816 -0.030957
v -0.079276 0.048309 0.095854
v -0.080789 0.111157 0.008173
v -0.099180 0.478027 -0.005423
v -0.079390 0.021317 0.107867
v -0.100601 0.678179 -0.059508
v -0.079466 0.053725 0.083772
v -0.099484 0.691316 0.036891
v -0.097329 0.406788 0.012485
v -0.079588 0.070309 0.000005
v -0.097330 0.405014 0.003249
v -0.079668 0.068828 -0.016203
v -0.099457 0.891061 0.007893
v -0.079759 0.054542 0.037725
v -0.102236 0.626664 -0.007206
v -0.099784 0.481187 0.004998
v -0.099746 0.892370 0.023637
v -0.099823 0.456872 -0.006628
v -0.080218 0.057647 0.017402
v -0.080193 0.039849 -0.026019
v -0.099304 0.721361 0.022497
v -0.080311 0.054888 0.029395
v -0.080341 0.002510 0.105547
v -0.099011 0.733779 0.007247
v -0.103049 0.644699 0.015053
v -0.080626 0.077162 0.009197
v -0.100435 0.457062 0.006016
v -0.081119 0.090957 0.003388
v -0.080682 0.001088 -0.008981
v -0.080745 0.039667 0.101074
v -0.099939 0.720522 -0.049432
v -0.100522 0.884823 0.006209
v -0.082551 0.112179 -0.011179
v -0.080851 0.025434 -0.031574
v -0.082492 0.108806 -0.033263
v -0.080940 0.062228 -0.002807
v -0.080979 0.027077 -0.021029
v -0.100864 0.706943 -0.056512
v -0.099819 0.737580 -0.006399
v -0.099977 0.735586 -0.027607
v -0.081599 0.052061 0.047391
v -0.101124 0.701615 0.032580
v -0.100317 0.732022 -0.035637
v -0.083112 0.105504 0.001041
v -0.102591 0.690973 -0.059045
v -0.082479 0.086716 -0.031022
v -0.082235 0.030628 0.101476
v -0.103651 0.679458 -0.057901
v -0.082420 0.010337 -0.007372
v -0.082435 0.069989 -0.033798
v -0.082735 0.084633 0.000227
v -0.082562 0.002056 -0.026101
v -0.082665 0.049750 0.046615
v -0.084243 0.107715 -0.024732
v -0.084232 0.108478 -0.009462
v -0.083001 0.047224 -0.007541
v -0.105918 0.644026 0.009136
v -0.083095 0.025190 -0.022037
v -0.083136 0.026846 0.000135
v -0.083528 0.076329 -0.033672
v -0.105394 0.667116 -0.054149
v -0.102289 0.728474 0.015003
v -0.083597 0.011312 -0.000674
v -0.104480 0.679650 0.035465
v -0.084145 0.004061 0.105105
v -0.084095 0.001420 -0.011582
v -0.106638 0.656617 -0.047426
v -0.084313 0.047907 0.016312
v -0.084810 0.086566 -0.023035
v -0.084439 0.039687 0.000766
v -0.105358 0.674361 0.033992
v -0.084557 0.012795 -0.010714
v -0.103468 0.728369 -0.040883
v -0.107757 0.648738 -0.038037
v -0.085198 0.087297 -0.014806
v -0.084781 0.068795 -0.025879
v -0.104363 0.707181 0.030102
v -0.103973 0.719374 0.023131
v -0.103456 0.737288 -0.017981
v -0.104752 0.711854 -0.054771
v -0.106812 0.665522 0.028971
v -0.085561 0.069649 -0.007920
v -0.085631 0.024928 0.000038
v -0.085679 0.013196 -0.000570
v -0.085908 0.040279 0.011701
v -0.085998 0.045573 0.037530
v -0.108207 0.654745 0.018878
v -0.105312 0.719429 -0.050104
v -0.109619 0.642558 -0.022374
v -0.086676 0.050495 0.069484
v -0.086788 0.042246 0.028014
v -0.086884 0.022077 0.097087
v -0.106871 0.703982 -0.057390
v -0.110341 0.641872 -0.010304
v -0.087071 0.037710 0.021494
v -0.107100 0.690707 0.034329
v -0.087150 0.024942 0.017761
v -0.110250 0.645092 0.001903
v -0.087325 0.018427 0.005362
v -0.087325 0.017576 0.005327
v -0.087334 0.016725 0.005324
v -0.107924 0.695593 -0.058741
v -0.087713 0.021134 0.102405
v -0.087745 0.075734 -0.022589
v -0.087739 0.025606 0.014282
v -0.087817 0.071866 -0.014057
v -0.088031 0.075534 -0.008342
v -0.088185 0.045662 0.090262
v -0.088649 0.039027 0.094653
v -0.088657 0.008915 0.018099
v -0.109687 0.672217 0.032083
v -0.111182 0.659593 -0.048994
v -0.089021 0.029777 0.095406
v -0.110591 0.685269 -0.058553
v -0.112000 0.673970 -0.056050
v -0.090717 0.046907 0.078850
v -0.112834 0.658601 0.021328
v -0.091072 0.022387 0.020229
v -0.091155 0.041322 0.043366
v -0.091450 0.010437 0.020968
v -0.091626 0.022453 0.028183
v -0.114989 0.646508 -0.029275
v -0.092019 0.002570 0.097544
v -0.114957 0.650594 0.009487
v -0.092440 0.002136 0.033185
v -0.092955 0.021590 0.087797
v -0.093354 0.014241 0.025670
v -0.093572 0.036726 0.039841
v -0.093594 0.005664 0.028009
v -0.093647 0.031754 0.088201
v -0.094225 0.001110 0.091845
v -0.094682 0.037506 0.083286
v -0.094899 0.040848 0.065187
v -0.095490 0.028543 0.037025
v -0.095770 0.018881 0.093853
v -0.113859 0.733893 -0.001836
v -0.114238 0.730702 0.005305
v -0.096489 0.021001 0.040030
v -0.096505 0.032076 0.045104
v -0.096584 0.000891 0.042105
v -0.115404 0.716421 0.021091
v -0.115125 0.724130 0.014186
v -0.097108 0.003118 0.089685
v -0.116293 0.707860 0.026022
v -0.097907 0.021406 0.073042
v -0.097937 0.033305 0.072486
v -0.098337 0.018870 0.038465
v -0.116393 0.735332 -0.012731
v -0.098518 0.029860 0.053409
v -0.116882 0.733030 -0.028872
v -0.099082 0.020733 0.058491
v -0.121146 0.667034 0.024493
v -0.120985 0.675717 0.028911
v -0.100039 0.002687 0.047505
v -0.120191 0.695342 0.029632
v -0.100700 0.020403 0.081034
v -0.101577 0.018814 0.050434
v -0.101673 0.002388 0.076257
v -0.101998 0.000773 0.061626
v -0.124529 0.656092 0.011761
v -0.102449 0.018881 0.079634
v -0.102525 0.020158 0.067051
v -0.125804 0.656456 -0.038582
v -0.123485 0.684684 0.029609
v -0.103688 0.017723 0.063547
v -0.126061 0.662442 0.018594
v -0.128041 0.649650 -0.005445
v -0.125561 0.713280 -0.049591
v -0.130149 0.649412 -0.018477
v -0.125696 0.723039 -0.042518
v -0.130376 0.666550 -0.046738
v -0.133638 0.652765 -0.026444
v -0.132939 0.679791 -0.052708
v -0.133737 0.688868 -0.053858
v -0.133582 0.693661 0.027133
v -0.132370 0.719580 0.015483
v -0.133904 0.706995 -0.050906
v -0.136933 0.666961 0.019270
v -0.137659 0.676273 0.024555
v -0.138864 0.662199 0.014507
v -0.139516 0.655919 0.004328
v -0.139550 0.662787 -0.040840
v -0.136225 0.701076 0.025175
v -0.140191 0.652434 -0.005664
v -0.137790 0.698456 -0.052870
v -0.141555 0.651811 -0.015464
v -0.142202 0.658419 -0.034453
v -0.141780 0.670176 -0.046950
v -0.140931 0.708307 0.021930
v -0.142824 0.688397 0.026228
v -0.143107 0.727787 -0.033701
v -0.145350 0.720485 -0.042120
v -0.146134 0.714814 -0.046128
v -0.144805 0.731611 -0.003902
v -0.151045 0.653998 -0.003865
v -0.150833 0.663030 0.013050
v -0.146565 0.726234 0.007176
v -0.147202 0.729490 0.001405
v -0.147749 0.732586 -0.021423
v -0.148399 0.730500 -0.027937
v -0.156364 0.655338 -0.024281
v -0.155973 0.732519 -0.010724
v -0.161027 0.674166 0.020567
v -0.163434 0.679177 -0.049197
v -0.169024 0.654688 -0.011671
v -0.164842 0.719396 0.014537
v -0.170225 0.690156 -0.051386
v -0.174737 0.655950 -0.019227
v -0.174473 0.698824 -0.050628
v -0.175237 0.696461 0.024109
v -0.178996 0.707287 0.021442
v -0.181726 0.686937 0.023470
v -0.182958 0.709490 -0.047255
v -0.187027 0.667709 -0.038877
v -0.186024 0.677583 0.020595
v -0.187967 0.668011 0.013909
v -0.186471 0.722383 -0.038125
v -0.187554 0.726689 0.006711
v -0.192510 0.661851 0.005283
v -0.191718 0.731248 -0.021452
v -0.192265 0.726546 -0.032288
v -0.197150 0.658659 -0.006324
v -0.192065 0.731536 -0.005852
v -0.198496 0.715457 -0.042998
v -0.197258 0.731946 -0.014118
v -0.203468 0.662473 -0.027820
v -0.198874 0.729442 0.000936
v -0.202816 0.685173 -0.047378
v -0.204313 0.676997 -0.043490
v -0.204091 0.691941 -0.048643
v -0.206973 0.705720 -0.047330
v -0.213863 0.665621 0.010195
v -0.213799 0.678985 0.021627
v -0.216779 0.672033 -0.038329
v -0.216405 0.672497 0.017441
v -0.214577 0.707950 0.022056
v -0.215716 0.692376 0.024619
v -0.219916 0.662309 0.000087
v -0.220699 0.660918 -0.012087
v -0.221683 0.662476 -0.021688
v -0.218300 0.723877 -0.033627
v -0.222075 0.726554 0.006586
v -0.232546 0.690261 -0.046574
v -0.233019 0.681662 -0.043519
v -0.231225 0.714400 -0.041617
v -0.233697 0.669612 -0.033034
v -0.234100 0.663349 -0.014522
v -0.232313 0.701769 -0.046643
v -0.231138 0.720830 -0.035174
v -0.230736 0.727803 -0.022833
v -0.230690 0.729667 -0.010763
v -0.234426 0.664500 -0.002400
v -0.231127 0.728391 0.000133
v -0.234085 0.675590 -0.044665
v -0.234966 0.665635 -0.034182
v -0.232251 0.718370 -0.044898
v -0.234915 0.669401 0.010071
v -0.232523 0.721045 0.012934
v -0.234707 0.684250 0.021639
v -0.232187 0.734268 -0.001599
v -0.234443 0.691686 -0.052120
v -0.232327 0.734169 -0.021996
v -0.234275 0.705561 0.021671
v -0.236820 0.664902 0.011190
v -0.234334 0.722280 0.018323
v -0.236574 0.678890 0.024415
v -0.236805 0.698056 0.028145
v -0.235619 0.719838 -0.047987
v -0.235742 0.735368 0.004447
v -0.237123 0.704647 -0.054474
v -0.239740 0.658977 0.002124
v -0.239760 0.659470 -0.029756
v -0.238970 0.679299 -0.051310
v -0.236653 0.726882 -0.042201
v -0.236295 0.734961 -0.027757
v -0.238442 0.692902 -0.054983
v -0.239688 0.667252 -0.042192
v -0.240246 0.677650 0.026552
v -0.241073 0.656535 -0.012652
v -0.237715 0.737521 -0.013103
v -0.239350 0.724933 0.020009
v -0.240300 0.708550 0.027828
v -0.242407 0.665178 0.015314
v -0.242280 0.696443 0.030212
v -0.242550 0.714540 -0.050868
v -0.253709 0.668886 -0.041021
v -0.251286 0.734555 -0.008888
v -0.254369 0.659916 -0.003316
v -0.251962 0.731072 0.008722
v -0.254206 0.682804 0.026407
v -0.252262 0.719474 -0.045421
v -0.251924 0.732338 -0.024866
v -0.254781 0.662793 -0.031323
v -0.252153 0.727209 -0.036524
v -0.255251 0.659763 -0.018405
v -0.253918 0.692894 -0.052794
v -0.253671 0.718551 0.021799
v -0.254654 0.700173 0.028285
v -0.254834 0.679296 -0.049097
v -0.256089 0.665412 0.011560
v -0.254026 0.706940 -0.051727
v -0.256204 0.671619 0.019778
v -0.256495 0.729454 -0.032877
v -0.264817 0.716566 0.024896
v -0.264266 0.735351 -0.012988
v -0.264898 0.729795 0.013554
v -0.265004 0.734291 0.000995
v -0.268422 0.670369 0.020395
v -0.268547 0.686997 0.028959
v -0.266157 0.730768 -0.032361
v -0.268983 0.672859 -0.045562
v -0.270003 0.661992 0.004566
v -0.268116 0.704604 -0.053291
v -0.270417 0.665611 0.013818
v -0.270486 0.659579 -0.009151
v -0.270461 0.676639 0.024881
v -0.270273 0.664098 -0.035287
v -0.269835 0.700503 0.029992
v -0.268232 0.724588 -0.042656
v -0.269608 0.687671 -0.052861
v -0.271205 0.659371 -0.019917
v -0.269451 0.715375 -0.049842
v -0.270684 0.722952 0.020775
v -0.271804 0.729588 0.009001
v -0.273092 0.681693 -0.048895
v -0.271499 0.733739 -0.016062
v -0.273275 0.712761 0.024505
v -0.274272 0.667945 -0.036948
v -0.272321 0.724570 -0.039625
v -0.273276 0.718699 0.006992
v -0.274776 0.672783 0.000120
v -0.274634 0.681170 0.010821
v -0.274669 0.686711 0.025312
v -0.275142 0.670151 0.014633
v -0.275192 0.663240 -0.005607
v -0.273408 0.705510 -0.040697
v -0.274488 0.679098 -0.034380
v -0.273007 0.722442 -0.027122
v -0.273886 0.695548 -0.041439
v -0.273225 0.725039 -0.005454
v -0.275003 0.670553 -0.018051
v -0.274839 0.691899 0.016195
v -0.274450 0.686859 -0.039742
v -0.273318 0.724965 -0.018948
v -0.273799 0.706060 -0.049659
v -0.274509 0.707603 0.015237
v -0.273676 0.725793 0.002972
v -0.273635 0.714499 -0.036275
v -0.273501 0.729341 -0.017056
v -0.275996 0.668697 0.003882
v -0.275720 0.683843 0.019089
v -0.275726 0.669071 -0.027808
v -0.274973 0.709574 0.019072
v -0.275202 0.683795 -0.043192
v -0.276455 0.724069 -0.022235
v -0.277309 0.724095 -0.022171
v -0.278164 0.724105 -0.022184
v -0.292480 0.725912 -0.010761
v -0.294462 0.680388 -0.034952
v -0.295779 0.676848 -0.030858
v -0.296358 0.699717 0.015852
v -0.296250 0.709363 0.013445
v -0.296754 0.716843 0.008454
v -0.296786 0.698480 -0.041827
v -0.298088 0.671176 -0.015957
v -0.296863 0.722952 0.000684
v -0.297432 0.712088 -0.037533
v -0.299443 0.671771 -0.005977
v -0.299479 0.688028 0.013600
v -0.300604 0.676384 0.003569
v -0.303118 0.680687 0.008404
v -0.304404 0.673832 -0.024673
v -0.310981 0.721853 -0.026157
v -0.317963 0.724262 -0.017597
v -0.322471 0.681999 0.006072
v -0.323320 0.682026 0.005957
v -0.324169 0.682158 0.005938
v -0.326685 0.680644 0.003880
v -0.325791 0.715200 0.006659
v -0.326004 0.712831 -0.034838
v -0.327773 0.687031 0.009138
v -0.326730 0.708040 -0.037925
v -0.326857 0.712858 -0.034788
v -0.328339 0.700385 0.012680
v -0.327711 0.712809 -0.034796
v -0.329589 0.688095 -0.037845
v -0.329544 0.709994 0.009968
v -0.329852 0.720402 -0.000277
v -0.332549 0.676518 -0.003806
v -0.331411 0.717325 -0.029468
v -0.332607 0.700461 -0.039752
v -0.335678 0.674682 -0.011623
v -0.334821 0.722698 -0.010088
v -0.339068 0.694881 0.011588
v -0.345736 0.685812 0.007335
v -0.348022 0.678922 -0.000871
v -0.351054 0.711156 0.010401
v -0.351273 0.676874 -0.020146
v -0.351728 0.682177 -0.032839
v -0.353663 0.693548 -0.041044
v -0.353522 0.703764 -0.040706
v -0.355578 0.683632 0.007478
v -0.356052 0.699685 0.014651
v -0.356748 0.690242 0.013037
v -0.355404 0.686741 -0.037642
v -0.357777 0.704269 0.015048
v -0.356872 0.715812 0.006675
v -0.358581 0.713103 -0.035341
v -0.360882 0.679914 0.004871
v -0.362951 0.677441 -0.005700
v -0.364964 0.711925 0.012918
v -0.363343 0.682116 -0.033789
v -0.364139 0.718087 -0.025193
v -0.370473 0.688212 0.023143
v -0.367631 0.717724 0.001700
v -0.372290 0.697688 0.024778
v -0.368163 0.719470 -0.011369
v -0.372034 0.679103 0.016046
v -0.372497 0.718011 0.000069
v -0.373003 0.678541 -0.026394
v -0.372105 0.705407 -0.047587
v -0.381153 0.679046 0.026155
v -0.385582 0.701191 0.027595
v -0.376502 0.681020 -0.036638
v -0.378477 0.675878 0.002734
v -0.377972 0.715548 -0.042448
v -0.390359 0.687905 0.033405
v -0.380128 0.685128 -0.045226
v -0.392773 0.676587 0.030374
v -0.394153 0.681025 0.033519
v -0.387798 0.672241 0.013326
v -0.394217 0.709772 0.019130
v -0.398932 0.694015 0.032490
v -0.388509 0.678201 -0.009665
v -0.389056 0.719318 -0.012799
v -0.395869 0.671593 0.027040
v -0.387103 0.691812 -0.052845
v -0.388238 0.697741 -0.054337
v -0.400893 0.699105 0.027678
v -0.391232 0.718552 -0.038418
v -0.397790 0.669440 0.020469
v -0.395456 0.706406 -0.053723
v -0.400579 0.674188 0.010619
v -0.397852 0.715108 -0.047055
v -0.402007 0.713927 0.011437
v -0.407014 0.701115 0.020977
v -0.411767 0.681213 0.037222
v -0.411563 0.689516 0.029936
v -0.400144 0.685956 -0.046198
v -0.401706 0.682906 -0.037548
v -0.408028 0.669083 0.016605
v -0.412371 0.692213 0.018926
v -0.408571 0.678515 0.007459
v -0.407320 0.717734 -0.020150
v -0.412646 0.684972 0.013466
v -0.406571 0.712742 -0.049235
v -0.406532 0.695090 -0.055029
v -0.413509 0.679678 0.013739
v -0.414144 0.696702 0.015291
v -0.417236 0.686601 0.023137
v -0.408547 0.717279 -0.036247
v -0.415715 0.666053 0.039241
v -0.411514 0.681037 0.001098
v -0.415571 0.661355 0.036212
v -0.415806 0.703706 0.017533
v -0.416998 0.660267 0.030516
v -0.418901 0.671361 0.041522
v -0.417398 0.690440 0.013250
v -0.415354 0.683072 0.008970
v -0.418226 0.685635 0.011548
v -0.423879 0.674851 0.039970
v -0.418751 0.708280 0.015190
v -0.420600 0.665323 0.041336
v -0.417647 0.684412 -0.036025
v -0.423871 0.660273 0.028179
v -0.428514 0.676929 0.033877
v -0.426838 0.666319 0.024689
v -0.417807 0.694334 -0.056565
v -0.420881 0.713485 0.003519
v -0.418345 0.710914 -0.050981
v -0.418262 0.705306 -0.056407
v -0.425893 0.659972 0.032718
v -0.430934 0.672128 0.028158
v -0.420698 0.688043 -0.049502
v -0.423286 0.683508 -0.013016
v -0.430274 0.669001 0.035879
v -0.423973 0.713565 -0.033706
v -0.423347 0.700935 -0.058481
v -0.424133 0.710883 -0.049694
v -0.431448 0.684317 0.007433
v -0.429976 0.713311 -0.020059
v -0.429152 0.709235 -0.043922
v -0.432051 0.709573 0.010816
v -0.431503 0.711238 -0.003253
v -0.430206 0.686143 -0.032720
v -0.430948 0.686701 -0.026321
v -0.430472 0.688230 -0.043946
v -0.430859 0.708325 -0.053500
v -0.432854 0.689432 -0.040305
v -0.434965 0.688570 -0.021916
v -0.435080 0.707421 -0.037882
v -0.435475 0.709843 -0.031516
v -0.437809 0.686422 0.001424
v -0.437249 0.707471 0.003323
v -0.436152 0.702566 -0.041309
v -0.439072 0.687584 -0.003833
v -0.437926 0.708244 -0.026137
v -0.440944 0.703347 0.017116
v -0.438606 0.687580 -0.049772
v -0.439008 0.707586 -0.018170
v -0.440583 0.685903 -0.009416
v -0.439424 0.703148 -0.021758
v -0.440556 0.701356 -0.000558
v -0.440221 0.687657 -0.035602
v -0.441344 0.686866 -0.015581
v -0.440702 0.709118 -0.013964
v -0.438542 0.707621 -0.048896
v -0.442574 0.688246 -0.055793
v -0.446264 0.695931 0.019438
v -0.446718 0.686262 0.012268
v -0.443610 0.708288 -0.007256
v -0.444124 0.693372 -0.022257
v -0.445035 0.689492 -0.019297
v -0.442601 0.691300 -0.039475
v -0.444124 0.702901 -0.059268
v -0.445985 0.695312 -0.061299
v -0.446336 0.705559 0.011199
v -0.448225 0.686811 0.005420
v -0.442971 0.696117 -0.042022
v -0.445591 0.698664 -0.001815
v -0.446364 0.695520 -0.001336
v -0.445385 0.689713 -0.045358
v -0.445403 0.698320 -0.041484
v -0.448047 0.697352 -0.021422
v -0.448778 0.696494 -0.022702
v -0.454480 0.690349 0.017016
v -0.447082 0.703533 -0.044716
v -0.451031 0.704867 0.005859
v -0.453707 0.692567 -0.002473
v -0.451984 0.687190 -0.032935
v -0.454518 0.693238 0.000402
v -0.453662 0.701180 0.001515
v -0.453894 0.688642 -0.026798
v -0.460334 0.688877 -0.005218
v -0.458660 0.701732 -0.021145
v -0.461951 0.689266 -0.059064
v -0.464381 0.686646 0.010843
v -0.463285 0.701741 0.017427
v -0.460517 0.705386 -0.052058
v -0.465146 0.687298 -0.051111
v -0.464554 0.698574 -0.061536
v -0.463703 0.701692 -0.041180
v -0.465300 0.703920 -0.005179
v -0.466587 0.689246 -0.018741
v -0.468155 0.686347 -0.011622
v -0.464767 0.703619 -0.057703
v -0.465891 0.692546 -0.045002
v -0.464419 0.697568 -0.043909
v -0.471168 0.688233 0.002644
v -0.469132 0.706533 -0.013024
v -0.468085 0.702243 -0.048627
v -0.472303 0.694819 -0.054542
v -0.469815 0.701959 -0.024067
v -0.477312 0.693599 0.017921
v -0.478987 0.688410 0.014433
v -0.474172 0.695549 -0.042120
v -0.478508 0.686058 0.007890
v -0.474414 0.697000 -0.000961
v -0.472125 0.705288 -0.029178
v -0.476841 0.689194 -0.038019
v -0.477044 0.697932 -0.003032
v -0.476858 0.687290 -0.029198
v -0.477378 0.692226 -0.040741
v -0.476387 0.694944 -0.022790
v -0.478129 0.703102 0.014820
v -0.480776 0.698915 0.017589
v -0.480161 0.691284 0.000482
v -0.478124 0.705189 0.009816
v -0.477664 0.704165 -0.019642
v -0.478106 0.693820 -0.023006
v -0.479440 0.702458 0.001247
v -0.484524 0.694986 0.016621
v -0.477521 0.703191 -0.025821
v -0.478219 0.705495 -0.034677
v -0.485529 0.690847 0.012409
v -0.485889 0.690275 0.006726
v -0.482397 0.700249 0.001174
v -0.484312 0.688928 -0.019080
v -0.485371 0.700912 0.013300
v -0.485229 0.695125 0.002380
v -0.484072 0.703105 0.007410
v -0.485415 0.689799 -0.030492
v -0.484144 0.699863 -0.039899
v -0.482390 0.699740 -0.024479
v -0.486794 0.688639 -0.008156
v -0.486439 0.693455 -0.004411
v -0.486795 0.687354 -0.012639
v -0.486675 0.692579 -0.037109
v -0.484348 0.705698 -0.016970
v -0.488462 0.696523 0.008690
v -0.485445 0.701696 -0.021108
v -0.486863 0.705513 -0.010738
v -0.487424 0.696154 -0.026753
v -0.486635 0.702466 -0.032386
v -0.489802 0.701201 -0.006155
v -0.489558 0.696003 -0.032672
v -0.490234 0.694343 -0.020903
v -0.491831 0.701614 -0.016743
v -0.494177 0.694485 -0.010993
vt 0.552490 0.176270
vt 0.560303 0.200684
vt 0.515869 0.209961
vt 0.533936 0.159424
vt 0.252686 0.461182
vt 0.252930 0.456787
vt 0.253174 0.461426
vt 0.249268 0.463623
vt 0.972656 0.149658
vt 0.980225 0.176514
vt 0.960693 0.170410
vt 0.160889 0.512695
vt 0.158691 0.531006
vt 0.148193 0.526855
vt 0.150635 0.512207
vt 0.138428 0.527832
vt 0.140625 0.508789
vt 0.711426 0.373779
vt 0.683105 0.365967
vt 0.663086 0.329590
vt 0.827881 0.036621
vt 0.834717 0.048828
vt 0.825684 0.056396
vt 0.492920 0.916992
vt 0.493164 0.918457
vt 0.492920 0.917725
vt 0.069580 0.216064
vt 0.059326 0.215332
vt 0.080811 0.207031
vt 0.570312 0.674316
vt 0.578125 0.676025
vt 0.575439 0.678223
vt 0.574707 0.683105
vt 0.582520 0.678467
vt 0.568359 0.681885
vt 0.559814 0.690674
vt 0.559326 0.684570
vt 0.559082 0.696289
vt 0.577393 0.691406
vt 0.549805 0.696533
vt 0.546387 0.702637
vt 0.556885 0.721436
vt 0.573730 0.728271
vt 0.545654 0.706787
vt 0.547363 0.713135
vt 0.533691 0.709473
vt 0.539307 0.703125
vt 0.532227 0.707764
vt 0.540527 0.697754
vt 0.535645 0.724609
vt 0.528564 0.705078
vt 0.548584 0.691895
vt 0.531250 0.698975
vt 0.542236 0.693604
vt 0.552490 0.685547
vt 0.517822 0.709961
vt 0.524414 0.711670
vt 0.516357 0.719482
vt 0.514404 0.717529
vt 0.519043 0.705811
vt 0.508545 0.717285
vt 0.522461 0.690674
vt 0.506592 0.714600
vt 0.509521 0.710205
vt 0.509033 0.698730
vt 0.493408 0.717285
vt 0.492676 0.723145
vt 0.496338 0.724121
vt 0.504395 0.724609
vt 0.479004 0.733398
vt 0.483398 0.739746
vt 0.506836 0.735840
vt 0.477295 0.730957
vt 0.481689 0.723389
vt 0.465088 0.735352
vt 0.468018 0.728027
vt 0.470215 0.723389
vt 0.454834 0.731689
vt 0.468018 0.740479
vt 0.485352 0.710693
vt 0.497559 0.705566
vt 0.474365 0.713135
vt 0.460693 0.720215
vt 0.473145 0.704346
vt 0.482666 0.696777
vt 0.462891 0.703857
vt 0.470703 0.688477
vt 0.490967 0.688477
vt 0.500977 0.689697
vt 0.480713 0.684570
vt 0.492676 0.678467
vt 0.506592 0.684814
vt 0.514160 0.682617
vt 0.498047 0.669922
vt 0.510010 0.672852
vt 0.513184 0.670898
vt 0.497803 0.662842
vt 0.489746 0.669189
vt 0.520264 0.681885
vt 0.481445 0.674316
vt 0.505615 0.656006
vt 0.469971 0.676758
vt 0.481689 0.664795
vt 0.487061 0.659424
vt 0.495850 0.649170
vt 0.473633 0.667236
vt 0.473877 0.657471
vt 0.459961 0.669189
vt 0.482178 0.648926
vt 0.462402 0.662109
vt 0.460938 0.680176
vt 0.448975 0.661865
vt 0.457520 0.691895
vt 0.450684 0.675293
vt 0.451172 0.684082
vt 0.453369 0.704834
vt 0.447998 0.690674
vt 0.439209 0.686523
vt 0.441406 0.679199
vt 0.441895 0.668701
vt 0.440186 0.697754
vt 0.446045 0.712402
vt 0.433350 0.676025
vt 0.430420 0.695312
vt 0.436035 0.715332
vt 0.449219 0.723633
vt 0.449463 0.731201
vt 0.439209 0.726074
vt 0.446777 0.733643
vt 0.453613 0.737061
vt 0.431641 0.735107
vt 0.445068 0.739258
vt 0.449219 0.741943
vt 0.437012 0.751465
vt 0.432373 0.739746
vt 0.420410 0.740967
vt 0.455322 0.750732
vt 0.444824 0.758301
vt 0.462891 0.750977
vt 0.456055 0.753174
vt 0.470947 0.746826
vt 0.462158 0.758301
vt 0.483643 0.743896
vt 0.477539 0.750488
vt 0.493652 0.741211
vt 0.485107 0.751465
vt 0.498047 0.750488
vt 0.503662 0.744873
vt 0.512939 0.740723
vt 0.511719 0.749023
vt 0.519775 0.745117
vt 0.513428 0.734619
vt 0.519775 0.736572
vt 0.525879 0.734863
vt 0.521729 0.752441
vt 0.524414 0.747314
vt 0.529785 0.740479
vt 0.531982 0.732666
vt 0.539795 0.740234
vt 0.543213 0.752930
vt 0.539062 0.729980
vt 0.547852 0.728027
vt 0.544434 0.732666
vt 0.549561 0.737793
vt 0.556641 0.736328
vt 0.555908 0.727051
vt 0.562988 0.726562
vt 0.571533 0.731689
vt 0.562988 0.734619
vt 0.575684 0.735840
vt 0.572998 0.741699
vt 0.565430 0.739014
vt 0.562988 0.739990
vt 0.565430 0.743652
vt 0.556396 0.738281
vt 0.556641 0.741699
vt 0.556152 0.743896
vt 0.560791 0.746826
vt 0.550293 0.739990
vt 0.549316 0.743896
vt 0.547363 0.745361
vt 0.544189 0.742188
vt 0.554443 0.752686
vt 0.830566 0.322266
vt 0.836670 0.320801
vt 0.830811 0.325195
vt 0.844482 0.325439
vt 0.842285 0.330322
vt 0.849365 0.310547
vt 0.840576 0.313721
vt 0.881104 0.311768
vt 0.826904 0.328125
vt 0.826416 0.320801
vt 0.825439 0.318359
vt 0.824951 0.328369
vt 0.833008 0.312500
vt 0.854248 0.300537
vt 0.873291 0.304688
vt 0.879395 0.303711
vt 0.874512 0.294434
vt 0.886230 0.304688
vt 0.885986 0.315186
vt 0.889893 0.310791
vt 0.891357 0.306641
vt 0.879395 0.295166
vt 0.888672 0.300293
vt 0.891602 0.303467
vt 0.891602 0.296387
vt 0.889404 0.291504
vt 0.884766 0.292480
vt 0.890381 0.287354
vt 0.886475 0.283203
vt 0.879395 0.287354
vt 0.881104 0.276855
vt 0.887451 0.277344
vt 0.894043 0.285645
vt 0.882568 0.268066
vt 0.889160 0.272705
vt 0.889160 0.266357
vt 0.891602 0.257324
vt 0.883301 0.261230
vt 0.869873 0.284424
vt 0.873291 0.265869
vt 0.881592 0.258057
vt 0.890625 0.255371
vt 0.885742 0.253418
vt 0.892090 0.245850
vt 0.880859 0.251953
vt 0.885010 0.237793
vt 0.895264 0.237305
vt 0.893555 0.222412
vt 0.873291 0.241943
vt 0.885254 0.227783
vt 0.893555 0.216553
vt 0.886719 0.217285
vt 0.888184 0.210205
vt 0.880127 0.222900
vt 0.882080 0.199951
vt 0.898926 0.202393
vt 0.887207 0.201660
vt 0.870605 0.234131
vt 0.886719 0.195557
vt 0.898193 0.191162
vt 0.887207 0.189209
vt 0.875977 0.205322
vt 0.879883 0.181152
vt 0.876465 0.188965
vt 0.872070 0.198486
vt 0.875488 0.187012
vt 0.870850 0.209717
vt 0.886719 0.178467
vt 0.893311 0.181885
vt 0.865723 0.198975
vt 0.869141 0.223877
vt 0.864746 0.219727
vt 0.865723 0.229980
vt 0.864014 0.246094
vt 0.863770 0.257568
vt 0.859619 0.239746
vt 0.861084 0.229980
vt 0.862305 0.213379
vt 0.852051 0.229248
vt 0.863281 0.195557
vt 0.858887 0.251465
vt 0.855469 0.214111
vt 0.867920 0.259521
vt 0.861572 0.285889
vt 0.860840 0.271973
vt 0.848877 0.301758
vt 0.856445 0.286377
vt 0.859619 0.265625
vt 0.855225 0.281250
vt 0.852295 0.289795
vt 0.841553 0.308594
vt 0.846924 0.300781
vt 0.840820 0.300537
vt 0.846436 0.291016
vt 0.850342 0.281738
vt 0.854004 0.269043
vt 0.832520 0.308594
vt 0.843018 0.293701
vt 0.833984 0.302734
vt 0.821533 0.301758
vt 0.813232 0.306641
vt 0.809326 0.314697
vt 0.809082 0.310303
vt 0.819092 0.301270
vt 0.801758 0.302979
vt 0.795410 0.308594
vt 0.818359 0.299561
vt 0.823975 0.293945
vt 0.790527 0.299072
vt 0.830078 0.284912
vt 0.816406 0.295898
vt 0.802002 0.290039
vt 0.792725 0.292969
vt 0.820801 0.290039
vt 0.805420 0.290039
vt 0.794434 0.282715
vt 0.781494 0.284912
vt 0.776855 0.285400
vt 0.778564 0.296631
vt 0.815430 0.292969
vt 0.806885 0.288818
vt 0.817139 0.289551
vt 0.800781 0.284912
vt 0.814209 0.286133
vt 0.817383 0.286133
vt 0.820801 0.282471
vt 0.819580 0.278809
vt 0.810303 0.274658
vt 0.828369 0.273438
vt 0.827393 0.270996
vt 0.835938 0.274902
vt 0.817383 0.268799
vt 0.805664 0.276123
vt 0.829102 0.264404
vt 0.804932 0.275635
vt 0.805664 0.268311
vt 0.794922 0.279785
vt 0.814209 0.262451
vt 0.789307 0.273926
vt 0.801025 0.256836
vt 0.807373 0.250488
vt 0.789307 0.276855
vt 0.779053 0.276123
vt 0.782959 0.269287
vt 0.769531 0.272217
vt 0.767822 0.282715
vt 0.772217 0.267334
vt 0.760498 0.271973
vt 0.764893 0.265869
vt 0.764893 0.251221
vt 0.758057 0.257812
vt 0.778076 0.257080
vt 0.773926 0.249512
vt 0.781250 0.259033
vt 0.777100 0.246094
vt 0.771240 0.244385
vt 0.758057 0.247070
vt 0.748047 0.249512
vt 0.763184 0.239014
vt 0.771240 0.235596
vt 0.792236 0.257324
vt 0.784424 0.253418
vt 0.801025 0.243164
vt 0.792725 0.241455
vt 0.783447 0.244385
vt 0.779541 0.235352
vt 0.801758 0.233643
vt 0.809814 0.237549
vt 0.789307 0.229004
vt 0.773438 0.232178
vt 0.779297 0.220459
vt 0.799561 0.223389
vt 0.788330 0.217285
vt 0.811035 0.220703
vt 0.796143 0.207520
vt 0.774414 0.214355
vt 0.781250 0.208496
vt 0.787354 0.201904
vt 0.803711 0.212402
vt 0.771973 0.220947
vt 0.796631 0.193359
vt 0.804688 0.199219
vt 0.815674 0.205811
vt 0.767090 0.218994
vt 0.825928 0.212158
vt 0.815918 0.196533
vt 0.813477 0.187500
vt 0.829346 0.201416
vt 0.823975 0.224854
vt 0.838379 0.219727
vt 0.822266 0.239990
vt 0.816406 0.248535
vt 0.838135 0.228760
vt 0.828857 0.243164
vt 0.815674 0.259766
vt 0.829834 0.253906
vt 0.841797 0.257568
vt 0.841064 0.238037
vt 0.834717 0.272217
vt 0.846436 0.246582
vt 0.840088 0.210449
vt 0.843506 0.198486
vt 0.854492 0.247803
vt 0.854492 0.248291
vt 0.856689 0.249023
vt 0.854492 0.249023
vt 0.853027 0.259277
vt 0.850098 0.271240
vt 0.844971 0.283203
vt 0.575928 0.671631
vt 0.568359 0.672852
vt 0.561768 0.678711
vt 0.555176 0.676514
vt 0.557373 0.663330
vt 0.572266 0.665039
vt 0.555420 0.677734
vt 0.555420 0.677246
vt 0.555176 0.677246
vt 0.554688 0.677246
vt 0.550049 0.669678
vt 0.555176 0.662109
vt 0.558350 0.658936
vt 0.549316 0.654297
vt 0.547852 0.669434
vt 0.543457 0.675049
vt 0.536865 0.681885
vt 0.538574 0.672852
vt 0.535400 0.657227
vt 0.544434 0.651123
vt 0.546143 0.643066
vt 0.535645 0.641846
vt 0.543213 0.667969
vt 0.526367 0.648682
vt 0.535645 0.661621
vt 0.528076 0.638672
vt 0.530762 0.631836
vt 0.521729 0.633789
vt 0.518555 0.644287
vt 0.529541 0.654785
vt 0.517578 0.646484
vt 0.510254 0.639893
vt 0.513428 0.630127
vt 0.518555 0.624268
vt 0.523438 0.661133
vt 0.496826 0.635254
vt 0.533447 0.668701
vt 0.499023 0.638428
vt 0.487305 0.634277
vt 0.502197 0.629883
vt 0.507568 0.623779
vt 0.493896 0.624268
vt 0.489258 0.631592
vt 0.481934 0.631592
vt 0.488037 0.626953
vt 0.494629 0.614014
vt 0.482422 0.630127
vt 0.481201 0.627197
vt 0.485596 0.616699
vt 0.477783 0.614502
vt 0.473633 0.629883
vt 0.471680 0.614990
vt 0.466553 0.626465
vt 0.464844 0.630859
vt 0.466064 0.633545
vt 0.462402 0.625977
vt 0.461670 0.620361
vt 0.455322 0.623047
vt 0.446289 0.637207
vt 0.471924 0.637451
vt 0.454102 0.641846
vt 0.471191 0.647949
vt 0.460449 0.652100
vt 0.450195 0.652832
vt 0.440918 0.648682
vt 0.444824 0.640137
vt 0.443359 0.658447
vt 0.437012 0.655029
vt 0.431885 0.645996
vt 0.425537 0.668701
vt 0.440430 0.639648
vt 0.428955 0.615967
vt 0.420410 0.657227
vt 0.429443 0.682861
vt 0.421143 0.688232
vt 0.414062 0.678711
vt 0.412842 0.667725
vt 0.411621 0.691895
vt 0.419678 0.653564
vt 0.407227 0.681885
vt 0.422852 0.708984
vt 0.403564 0.697998
vt 0.427979 0.719971
vt 0.412842 0.703369
vt 0.418213 0.718994
vt 0.409912 0.719238
vt 0.431396 0.726318
vt 0.430176 0.728516
vt 0.405029 0.718262
vt 0.413574 0.722168
vt 0.425781 0.721436
vt 0.426758 0.724365
vt 0.419189 0.723389
vt 0.410156 0.723877
vt 0.414795 0.725098
vt 0.422363 0.731445
vt 0.408203 0.729248
vt 0.421875 0.736572
vt 0.409668 0.734863
vt 0.401367 0.733643
vt 0.402588 0.719971
vt 0.390625 0.724854
vt 0.391113 0.730469
vt 0.382568 0.728271
vt 0.398926 0.706543
vt 0.386963 0.709229
vt 0.403564 0.687012
vt 0.394287 0.684570
vt 0.385498 0.696533
vt 0.405762 0.678467
vt 0.397217 0.670654
vt 0.387939 0.676025
vt 0.409912 0.667236
vt 0.401855 0.659424
vt 0.393066 0.663330
vt 0.404541 0.652588
vt 0.415527 0.646240
vt 0.403076 0.642822
vt 0.426758 0.645508
vt 0.413574 0.636719
vt 0.434326 0.641846
vt 0.429932 0.645020
vt 0.430664 0.644531
vt 0.430664 0.644775
vt 0.422852 0.622070
vt 0.575928 0.257812
vt 0.599854 0.264160
vt 0.572510 0.277344
vt 0.600098 0.249512
vt 0.604248 0.245850
vt 0.598389 0.234375
vt 0.600830 0.272949
vt 0.609131 0.258057
vt 0.597656 0.294434
vt 0.571777 0.258545
vt 0.606689 0.280762
vt 0.607666 0.238525
vt 0.617676 0.269531
vt 0.621338 0.285645
vt 0.617432 0.245605
vt 0.629883 0.251221
vt 0.601562 0.223145
vt 0.615723 0.227051
vt 0.629639 0.231689
vt 0.606445 0.216797
vt 0.597168 0.208496
vt 0.599854 0.201416
vt 0.606934 0.192627
vt 0.617188 0.212646
vt 0.628418 0.217773
vt 0.623291 0.205566
vt 0.618896 0.195312
vt 0.631592 0.206299
vt 0.639893 0.220703
vt 0.628174 0.192627
vt 0.612793 0.174561
vt 0.601318 0.169189
vt 0.616211 0.162109
vt 0.633057 0.187256
vt 0.638672 0.205566
vt 0.599121 0.186279
vt 0.594971 0.189209
vt 0.639160 0.188477
vt 0.646484 0.206543
vt 0.653564 0.227783
vt 0.635254 0.170166
vt 0.658203 0.194092
vt 0.643066 0.243164
vt 0.657715 0.249023
vt 0.649658 0.268799
vt 0.635742 0.248047
vt 0.637451 0.275879
vt 0.651123 0.282227
vt 0.644775 0.294922
vt 0.657471 0.311768
vt 0.639648 0.304688
vt 0.639160 0.323242
vt 0.629883 0.313232
vt 0.619873 0.313232
vt 0.614502 0.331055
vt 0.626465 0.342773
vt 0.594971 0.348145
vt 0.604736 0.303467
vt 0.597412 0.317627
vt 0.586914 0.315674
vt 0.591309 0.333984
vt 0.570801 0.342773
vt 0.563477 0.334473
vt 0.585693 0.324707
vt 0.586670 0.302246
vt 0.564697 0.329834
vt 0.562012 0.293701
vt 0.553955 0.303467
vt 0.572998 0.320801
vt 0.559570 0.286133
vt 0.548096 0.310547
vt 0.546143 0.318359
vt 0.539795 0.322021
vt 0.518311 0.320801
vt 0.532227 0.312988
vt 0.502441 0.314941
vt 0.551270 0.301025
vt 0.529541 0.281982
vt 0.544434 0.249268
vt 0.475586 0.188721
vt 0.528809 0.144775
vt 0.567383 0.226807
vt 0.573975 0.233887
vt 0.594971 0.223389
vt 0.568359 0.212646
vt 0.565674 0.201416
vt 0.554932 0.172852
vt 0.563965 0.189209
vt 0.590820 0.173584
vt 0.557861 0.170898
vt 0.547607 0.155273
vt 0.554199 0.161377
vt 0.584717 0.160400
vt 0.593018 0.166748
vt 0.582764 0.150635
vt 0.590820 0.145996
vt 0.574219 0.138916
vt 0.581787 0.134277
vt 0.538818 0.146973
vt 0.529053 0.132568
vt 0.533691 0.133301
vt 0.551758 0.122559
vt 0.578369 0.118164
vt 0.583008 0.104736
vt 0.583252 0.117920
vt 0.592285 0.114746
vt 0.591064 0.122559
vt 0.591797 0.136230
vt 0.605225 0.125977
vt 0.596436 0.105225
vt 0.606201 0.146729
vt 0.617432 0.106934
vt 0.627197 0.123779
vt 0.631836 0.108887
vt 0.613037 0.135986
vt 0.642578 0.115967
vt 0.625732 0.148438
vt 0.646729 0.128906
vt 0.652832 0.135742
vt 0.643311 0.109375
vt 0.652100 0.146973
vt 0.648682 0.184570
vt 0.659424 0.165527
vt 0.304932 0.702148
vt 0.273438 0.707275
vt 0.275879 0.690674
vt 0.255371 0.697266
vt 0.260742 0.677979
vt 0.254883 0.700928
vt 0.284180 0.688965
vt 0.236084 0.682373
vt 0.257812 0.663818
vt 0.284180 0.714844
vt 0.263916 0.714600
vt 0.239014 0.694336
vt 0.306885 0.728516
vt 0.227539 0.680176
vt 0.233398 0.666748
vt 0.312500 0.722656
vt 0.337402 0.720947
vt 0.334229 0.726318
vt 0.362549 0.714355
vt 0.253174 0.660889
vt 0.247559 0.644287
vt 0.226562 0.641846
vt 0.367920 0.708008
vt 0.378174 0.725830
vt 0.243652 0.629639
vt 0.213379 0.616455
vt 0.247803 0.634277
vt 0.245605 0.611816
vt 0.231445 0.588867
vt 0.225342 0.591553
vt 0.256592 0.591553
vt 0.298096 0.659912
vt 0.244385 0.567627
vt 0.229248 0.578125
vt 0.253906 0.549072
vt 0.299561 0.621582
vt 0.317627 0.699463
vt 0.227295 0.560059
vt 0.330078 0.702881
vt 0.343018 0.693359
vt 0.350098 0.696777
vt 0.364014 0.686279
vt 0.382324 0.667236
vt 0.363037 0.681885
vt 0.327637 0.593506
vt 0.383789 0.651123
vt 0.396484 0.631348
vt 0.390625 0.627441
vt 0.397461 0.618164
vt 0.345459 0.584229
vt 0.281738 0.566895
vt 0.296387 0.559326
vt 0.270508 0.571777
vt 0.296387 0.548096
vt 0.261230 0.547852
vt 0.403809 0.606201
vt 0.409912 0.601562
vt 0.409912 0.592041
vt 0.354980 0.551758
vt 0.337646 0.561523
vt 0.307617 0.535645
vt 0.299316 0.536621
vt 0.287354 0.539062
vt 0.283691 0.526855
vt 0.270020 0.533447
vt 0.280273 0.520508
vt 0.249268 0.540039
vt 0.260010 0.514160
vt 0.235107 0.548828
vt 0.237061 0.537598
vt 0.245361 0.518311
vt 0.213135 0.547363
vt 0.229980 0.533447
vt 0.549316 0.513916
vt 0.573730 0.515625
vt 0.540771 0.531738
vt 0.571289 0.527100
vt 0.588379 0.521973
vt 0.525879 0.518066
vt 0.507812 0.526611
vt 0.569092 0.499756
vt 0.591797 0.491455
vt 0.594971 0.505371
vt 0.606445 0.512451
vt 0.602295 0.524658
vt 0.546143 0.491943
vt 0.607910 0.495850
vt 0.529541 0.502441
vt 0.506104 0.501221
vt 0.604736 0.482422
vt 0.622559 0.495117
vt 0.619141 0.478271
vt 0.636475 0.486084
vt 0.623291 0.508545
vt 0.639893 0.485596
vt 0.650635 0.464600
vt 0.640869 0.468750
vt 0.654053 0.449951
vt 0.630859 0.452881
vt 0.642822 0.435303
vt 0.619385 0.432861
vt 0.617676 0.464111
vt 0.606201 0.449707
vt 0.601807 0.469482
vt 0.599365 0.433105
vt 0.615967 0.397705
vt 0.586426 0.454834
vt 0.586426 0.476562
vt 0.574707 0.488770
vt 0.574219 0.476807
vt 0.543701 0.479736
vt 0.555664 0.463623
vt 0.537842 0.468994
vt 0.518555 0.488525
vt 0.517090 0.474365
vt 0.497314 0.481689
vt 0.523926 0.450928
vt 0.557129 0.442871
vt 0.582520 0.432373
vt 0.573975 0.427246
vt 0.583252 0.406250
vt 0.551514 0.409424
vt 0.566162 0.406006
vt 0.592773 0.399902
vt 0.559814 0.398193
vt 0.602539 0.388672
vt 0.610107 0.378906
vt 0.604248 0.360840
vt 0.587158 0.374268
vt 0.585938 0.398438
vt 0.584473 0.385010
vt 0.566895 0.375488
vt 0.570801 0.402100
vt 0.569092 0.393066
vt 0.566895 0.393311
vt 0.565430 0.385498
vt 0.551270 0.384033
vt 0.536377 0.400146
vt 0.540039 0.394043
vt 0.550049 0.371826
vt 0.562256 0.370117
vt 0.544922 0.363281
vt 0.565186 0.358398
vt 0.521484 0.375732
vt 0.509521 0.375977
vt 0.510742 0.384766
vt 0.540527 0.378174
vt 0.524658 0.386719
vt 0.512451 0.398682
vt 0.509033 0.410645
vt 0.512207 0.414551
vt 0.492920 0.400635
vt 0.494141 0.379639
vt 0.479980 0.394287
vt 0.485107 0.420410
vt 0.470703 0.407959
vt 0.463867 0.390137
vt 0.462891 0.408203
vt 0.532959 0.414795
vt 0.507080 0.438721
vt 0.509033 0.464355
vt 0.495117 0.455811
vt 0.498047 0.472412
vt 0.484619 0.469971
vt 0.476807 0.445801
vt 0.461182 0.451416
vt 0.438232 0.402588
vt 0.441406 0.442871
vt 0.424561 0.408691
vt 0.421875 0.433838
vt 0.465576 0.470703
vt 0.450439 0.480957
vt 0.470703 0.496582
vt 0.478271 0.486816
vt 0.489502 0.501953
vt 0.489502 0.516602
vt 0.422119 0.443604
vt 0.404297 0.433105
vt 0.400391 0.444092
vt 0.412598 0.464111
vt 0.402832 0.464844
vt 0.438721 0.472412
vt 0.449463 0.494141
vt 0.421143 0.484863
vt 0.031738 0.925781
vt 0.036865 0.920166
vt 0.035645 0.925293
vt 0.036621 0.932129
vt 0.041016 0.924561
vt 0.039307 0.929199
vt 0.045166 0.938721
vt 0.039307 0.940430
vt 0.048584 0.928467
vt 0.043945 0.921387
vt 0.044434 0.918701
vt 0.050781 0.921143
vt 0.039551 0.915283
vt 0.051514 0.932129
vt 0.044678 0.916016
vt 0.038818 0.909424
vt 0.052002 0.916260
vt 0.047607 0.909668
vt 0.041016 0.905762
vt 0.037842 0.904297
vt 0.041748 0.902344
vt 0.047363 0.907227
vt 0.052979 0.905518
vt 0.058594 0.908691
vt 0.061523 0.912109
vt 0.060303 0.904785
vt 0.052734 0.902100
vt 0.042236 0.897949
vt 0.046143 0.893066
vt 0.041260 0.895508
vt 0.061768 0.896973
vt 0.056641 0.883057
vt 0.045166 0.883545
vt 0.063232 0.904785
vt 0.063477 0.905518
vt 0.063477 0.906006
vt 0.066406 0.905029
vt 0.068115 0.895752
vt 0.065186 0.913818
vt 0.051270 0.875488
vt 0.045898 0.874756
vt 0.071045 0.902588
vt 0.062500 0.921143
vt 0.071289 0.922607
vt 0.077148 0.919922
vt 0.068848 0.933105
vt 0.079590 0.933105
vt 0.060059 0.930908
vt 0.074463 0.945801
vt 0.076172 0.949707
vt 0.067627 0.941895
vt 0.062988 0.949219
vt 0.065430 0.936035
vt 0.060059 0.934326
vt 0.059082 0.946289
vt 0.062500 0.941895
vt 0.061523 0.938721
vt 0.054688 0.938965
vt 0.047607 0.943359
vt 0.051758 0.951904
vt 0.048584 0.955078
vt 0.043213 0.943115
vt 0.042969 0.951172
vt 0.698730 0.556641
vt 0.698486 0.561523
vt 0.692627 0.558350
vt 0.689941 0.553955
vt 0.693848 0.552246
vt 0.691162 0.546387
vt 0.686279 0.546875
vt 0.685059 0.541504
vt 0.685791 0.557373
vt 0.689941 0.561279
vt 0.680664 0.557861
vt 0.681885 0.562012
vt 0.691650 0.564941
vt 0.681396 0.566406
vt 0.697021 0.569336
vt 0.701660 0.569336
vt 0.695068 0.577148
vt 0.690430 0.577393
vt 0.686523 0.569580
vt 0.697510 0.585205
vt 0.700439 0.582031
vt 0.694336 0.585693
vt 0.700195 0.595215
vt 0.697266 0.610596
vt 0.687012 0.580322
vt 0.692383 0.597412
vt 0.689941 0.604980
vt 0.680664 0.583984
vt 0.685303 0.602539
vt 0.677490 0.568848
vt 0.685547 0.605713
vt 0.686035 0.610107
vt 0.675537 0.611572
vt 0.673828 0.608887
vt 0.681885 0.595703
vt 0.675049 0.605713
vt 0.667969 0.612793
vt 0.671387 0.616699
vt 0.665527 0.614014
vt 0.664795 0.610107
vt 0.666016 0.605713
vt 0.673584 0.599609
vt 0.659668 0.611328
vt 0.669434 0.618896
vt 0.654785 0.598633
vt 0.654541 0.625488
vt 0.648682 0.625000
vt 0.668457 0.595703
vt 0.674072 0.596436
vt 0.679199 0.592773
vt 0.675293 0.589844
vt 0.670166 0.591064
vt 0.659912 0.589600
vt 0.666748 0.582764
vt 0.670410 0.585449
vt 0.673584 0.582520
vt 0.675537 0.579590
vt 0.666016 0.572021
vt 0.664307 0.565918
vt 0.653320 0.575684
vt 0.673340 0.563477
vt 0.663086 0.558350
vt 0.672852 0.559326
vt 0.666992 0.558105
vt 0.677490 0.550781
vt 0.666016 0.553223
vt 0.676270 0.547852
vt 0.674805 0.545410
vt 0.663086 0.551270
vt 0.677002 0.540283
vt 0.686768 0.538086
vt 0.682861 0.536377
vt 0.679443 0.535645
vt 0.672119 0.534424
vt 0.679932 0.529541
vt 0.669922 0.524658
vt 0.660400 0.531006
vt 0.658447 0.521973
vt 0.655029 0.529053
vt 0.656006 0.551270
vt 0.647705 0.541504
vt 0.649414 0.527832
vt 0.650146 0.520020
vt 0.658691 0.515381
vt 0.656006 0.562500
vt 0.645752 0.555420
vt 0.642334 0.527344
vt 0.638916 0.536377
vt 0.639893 0.521240
vt 0.646973 0.513916
vt 0.626709 0.514404
vt 0.620361 0.524414
vt 0.620850 0.532471
vt 0.609131 0.535645
vt 0.631104 0.533691
vt 0.617920 0.545166
vt 0.609131 0.543701
vt 0.592285 0.549072
vt 0.632080 0.546631
vt 0.604492 0.550537
vt 0.614258 0.555176
vt 0.642090 0.550049
vt 0.603760 0.557861
vt 0.572998 0.563721
vt 0.630371 0.551514
vt 0.629883 0.555176
vt 0.587158 0.572998
vt 0.613525 0.563477
vt 0.630615 0.564941
vt 0.640137 0.574463
vt 0.602295 0.573242
vt 0.622803 0.579590
vt 0.570801 0.566895
vt 0.644531 0.590088
vt 0.631592 0.593750
vt 0.649658 0.587402
vt 0.653564 0.589111
vt 0.649902 0.588135
vt 0.650146 0.588867
vt 0.641357 0.626221
vt 0.632568 0.623535
vt 0.627686 0.613281
vt 0.629150 0.625000
vt 0.623779 0.594971
vt 0.623779 0.613770
vt 0.617676 0.624756
vt 0.620361 0.597412
vt 0.611328 0.588867
vt 0.610352 0.581299
vt 0.603271 0.580322
vt 0.614258 0.596924
vt 0.609863 0.616211
vt 0.612549 0.597168
vt 0.606934 0.621338
vt 0.609131 0.605225
vt 0.604980 0.600830
vt 0.595947 0.621826
vt 0.605225 0.615967
vt 0.600586 0.613525
vt 0.600586 0.591309
vt 0.588623 0.627686
vt 0.595703 0.617188
vt 0.599365 0.606445
vt 0.587158 0.616943
vt 0.599609 0.600098
vt 0.593018 0.608154
vt 0.590576 0.612549
vt 0.597168 0.582520
vt 0.594238 0.591064
vt 0.588623 0.601074
vt 0.591064 0.589600
vt 0.598145 0.575928
vt 0.590820 0.581787
vt 0.587891 0.589600
vt 0.591064 0.575195
vt 0.584961 0.584229
vt 0.584473 0.597900
vt 0.582031 0.592773
vt 0.574219 0.583740
vt 0.575928 0.591309
vt 0.579834 0.600586
vt 0.584717 0.607666
vt 0.575684 0.603271
vt 0.578125 0.610107
vt 0.569092 0.601318
vt 0.583008 0.616699
vt 0.587646 0.623047
vt 0.578369 0.616699
vt 0.572510 0.610107
vt 0.570557 0.613037
vt 0.567627 0.615234
vt 0.582275 0.627686
vt 0.576904 0.631592
vt 0.563232 0.597900
vt 0.562256 0.606445
vt 0.562012 0.613525
vt 0.558350 0.628418
vt 0.555908 0.613281
vt 0.570068 0.582764
vt 0.566162 0.573486
vt 0.555420 0.591064
vt 0.561279 0.577148
vt 0.561035 0.564697
vt 0.554199 0.556641
vt 0.551270 0.593506
vt 0.547607 0.558105
vt 0.548340 0.578125
vt 0.555420 0.568115
vt 0.544189 0.554932
vt 0.542725 0.598389
vt 0.542969 0.567139
vt 0.535645 0.557861
vt 0.536133 0.581055
vt 0.543457 0.613770
vt 0.540283 0.620605
vt 0.536377 0.553711
vt 0.537842 0.562988
vt 0.532959 0.569580
vt 0.525146 0.561523
vt 0.530029 0.554688
vt 0.530762 0.552246
vt 0.521484 0.550781
vt 0.527100 0.556885
vt 0.515869 0.553467
vt 0.517578 0.549805
vt 0.517822 0.561035
vt 0.520264 0.570312
vt 0.508545 0.570312
vt 0.505615 0.562500
vt 0.522705 0.579102
vt 0.513916 0.578125
vt 0.505615 0.578613
vt 0.502930 0.568115
vt 0.510742 0.592285
vt 0.528320 0.594482
vt 0.502441 0.593018
vt 0.492676 0.586914
vt 0.497559 0.608643
vt 0.484863 0.604248
vt 0.511719 0.613770
vt 0.520020 0.599121
vt 0.526611 0.613525
vt 0.533203 0.621582
vt 0.525635 0.602539
vt 0.257080 0.873779
vt 0.261719 0.889893
vt 0.246338 0.885254
vt 0.252197 0.898682
vt 0.269043 0.888428
vt 0.268066 0.903076
vt 0.270020 0.914062
vt 0.247803 0.914307
vt 0.308838 0.910645
vt 0.325195 0.934814
vt 0.328613 0.927734
vt 0.330322 0.909912
vt 0.316650 0.893066
vt 0.347412 0.899170
vt 0.306641 0.901611
vt 0.274170 0.871826
vt 0.257812 0.848389
vt 0.263672 0.841797
vt 0.334229 0.881592
vt 0.311035 0.887695
vt 0.289062 0.850586
vt 0.279541 0.826416
vt 0.303711 0.869385
vt 0.314697 0.875488
vt 0.314941 0.847412
vt 0.303711 0.827881
vt 0.286133 0.812256
vt 0.312012 0.810791
vt 0.328369 0.831787
vt 0.341553 0.814697
vt 0.327393 0.873535
vt 0.332275 0.849121
vt 0.337646 0.833496
vt 0.336914 0.857422
vt 0.342285 0.829590
vt 0.347168 0.813721
vt 0.352539 0.803223
vt 0.350342 0.832764
vt 0.363281 0.805908
vt 0.367188 0.821777
vt 0.385742 0.804443
vt 0.361084 0.825928
vt 0.364990 0.838379
vt 0.377930 0.833496
vt 0.356934 0.834229
vt 0.373047 0.839844
vt 0.354736 0.844727
vt 0.371582 0.850830
vt 0.381348 0.848633
vt 0.366211 0.855957
vt 0.365723 0.877930
vt 0.362305 0.848633
vt 0.348877 0.889404
vt 0.346436 0.880615
vt 0.350830 0.859131
vt 0.343018 0.856934
vt 0.342041 0.881836
vt 0.540283 0.667969
vt 0.537842 0.670654
vt 0.535156 0.671875
vt 0.529541 0.676758
vt 0.522705 0.683105
vt 0.526123 0.690186
vt 0.384277 0.322021
vt 0.389404 0.328613
vt 0.375244 0.326416
vt 0.369873 0.316650
vt 0.367920 0.323242
vt 0.375732 0.329102
vt 0.368164 0.329102
vt 0.389648 0.309326
vt 0.371826 0.304932
vt 0.378906 0.334473
vt 0.367920 0.333740
vt 0.362061 0.338379
vt 0.397949 0.333496
vt 0.383057 0.341064
vt 0.403320 0.302246
vt 0.400879 0.312500
vt 0.404785 0.319336
vt 0.405518 0.327881
vt 0.415039 0.311768
vt 0.419678 0.325684
vt 0.419678 0.327637
vt 0.416260 0.333496
vt 0.421387 0.290039
vt 0.416260 0.336914
vt 0.431396 0.331055
vt 0.430908 0.325928
vt 0.421631 0.313965
vt 0.430176 0.314453
vt 0.437988 0.321777
vt 0.431152 0.295410
vt 0.441406 0.330811
vt 0.451660 0.326904
vt 0.449463 0.337646
vt 0.446045 0.317627
vt 0.448242 0.309570
vt 0.446777 0.317383
vt 0.447510 0.317383
vt 0.461426 0.334229
vt 0.460449 0.315918
vt 0.464111 0.296143
vt 0.447510 0.297607
vt 0.450195 0.288086
vt 0.461670 0.283203
vt 0.431885 0.277100
vt 0.452148 0.274902
vt 0.468994 0.278809
vt 0.433105 0.259766
vt 0.463379 0.275146
vt 0.453613 0.261475
vt 0.465576 0.263184
vt 0.455078 0.251221
vt 0.422119 0.273438
vt 0.434326 0.243164
vt 0.410400 0.285156
vt 0.421387 0.252197
vt 0.412354 0.270020
vt 0.392578 0.293945
vt 0.370117 0.297607
vt 0.370117 0.287598
vt 0.396973 0.282715
vt 0.372803 0.275635
vt 0.399170 0.268799
vt 0.374756 0.260742
vt 0.407715 0.254639
vt 0.404541 0.243896
vt 0.374512 0.250000
vt 0.371338 0.254150
vt 0.375488 0.240234
vt 0.421875 0.236328
vt 0.372070 0.229248
vt 0.375488 0.226318
vt 0.398438 0.227783
vt 0.374023 0.211670
vt 0.433838 0.230957
vt 0.418457 0.225586
vt 0.437256 0.218018
vt 0.409668 0.212402
vt 0.425049 0.216064
vt 0.391357 0.199951
vt 0.375732 0.200439
vt 0.423340 0.201904
vt 0.377686 0.185303
vt 0.437744 0.209961
vt 0.438965 0.200439
vt 0.456055 0.212402
vt 0.466797 0.203369
vt 0.467773 0.216309
vt 0.439209 0.191895
vt 0.468262 0.189209
vt 0.461670 0.226074
vt 0.477783 0.226318
vt 0.441406 0.231445
vt 0.463867 0.238037
vt 0.477539 0.242676
vt 0.453125 0.242920
vt 0.465820 0.249268
vt 0.468750 0.257568
vt 0.479492 0.250000
vt 0.475098 0.266846
vt 0.475098 0.282227
vt 0.484375 0.272705
vt 0.474121 0.296387
vt 0.480713 0.291016
vt 0.467041 0.306641
vt 0.485107 0.308105
vt 0.484375 0.322998
vt 0.466064 0.322266
vt 0.474121 0.307129
vt 0.471680 0.334961
vt 0.480225 0.335449
vt 0.472168 0.338135
vt 0.488037 0.344727
vt 0.486816 0.350342
vt 0.474365 0.342773
vt 0.490479 0.364258
vt 0.481201 0.354980
vt 0.463135 0.349854
vt 0.473633 0.355957
vt 0.454834 0.344482
vt 0.443604 0.339844
vt 0.443848 0.352539
vt 0.430908 0.335205
vt 0.452637 0.372559
vt 0.469971 0.380371
vt 0.485596 0.378906
vt 0.476807 0.386475
vt 0.454346 0.376221
vt 0.467529 0.383789
vt 0.458496 0.381592
vt 0.452881 0.381592
vt 0.451416 0.378418
vt 0.421631 0.371338
vt 0.424316 0.374756
vt 0.430176 0.383057
vt 0.388672 0.372314
vt 0.382812 0.369629
vt 0.381592 0.374512
vt 0.376953 0.373291
vt 0.363525 0.358643
vt 0.362061 0.356445
vt 0.356445 0.362061
vt 0.367188 0.356934
vt 0.357422 0.349609
vt 0.385742 0.368164
vt 0.375732 0.339844
vt 0.387939 0.359131
vt 0.414307 0.361816
vt 0.382812 0.343750
vt 0.425049 0.349854
vt 0.423584 0.346680
vt 0.416260 0.351562
vt 0.407959 0.355225
vt 0.409424 0.353027
vt 0.410400 0.345215
vt 0.398438 0.349609
vt 0.391113 0.347900
vt 0.390137 0.345703
vt 0.220703 0.680420
vt 0.210693 0.685303
vt 0.209961 0.677734
vt 0.217285 0.670410
vt 0.223633 0.671875
vt 0.194092 0.682129
vt 0.194336 0.689453
vt 0.182861 0.692383
vt 0.222900 0.658203
vt 0.215820 0.661133
vt 0.215820 0.652100
vt 0.192871 0.662354
vt 0.197998 0.671631
vt 0.182129 0.686279
vt 0.170410 0.692871
vt 0.181396 0.674072
vt 0.194824 0.648193
vt 0.219482 0.642090
vt 0.212891 0.639404
vt 0.185059 0.656250
vt 0.190674 0.635254
vt 0.213623 0.632812
vt 0.181152 0.645264
vt 0.173584 0.651611
vt 0.177246 0.635254
vt 0.176758 0.626709
vt 0.202148 0.620361
vt 0.169189 0.638428
vt 0.165039 0.620361
vt 0.173584 0.613281
vt 0.172363 0.658691
vt 0.160400 0.610107
vt 0.158936 0.618408
vt 0.153076 0.624512
vt 0.163086 0.655273
vt 0.165283 0.664795
vt 0.160156 0.644531
vt 0.157715 0.635498
vt 0.151855 0.655273
vt 0.134033 0.652344
vt 0.146240 0.666260
vt 0.134766 0.637207
vt 0.129883 0.664795
vt 0.125244 0.648193
vt 0.130615 0.621582
vt 0.122559 0.637451
vt 0.122803 0.627686
vt 0.115967 0.640625
vt 0.115234 0.629395
vt 0.118408 0.617676
vt 0.149170 0.614746
vt 0.156250 0.598389
vt 0.121338 0.607422
vt 0.145752 0.605469
vt 0.142334 0.595703
vt 0.139893 0.584961
vt 0.116943 0.593506
vt 0.134766 0.574463
vt 0.108887 0.581543
vt 0.100586 0.592285
vt 0.110352 0.607422
vt 0.112549 0.619873
vt 0.100830 0.613525
vt 0.105957 0.629395
vt 0.110352 0.647705
vt 0.099609 0.640381
vt 0.120850 0.654785
vt 0.111084 0.663818
vt 0.102051 0.654297
vt 0.125244 0.675781
vt 0.132812 0.676758
vt 0.118652 0.678223
vt 0.150879 0.675537
vt 0.107666 0.675049
vt 0.090332 0.678467
vt 0.131104 0.692871
vt 0.112305 0.684326
vt 0.101562 0.685303
vt 0.111816 0.710938
vt 0.125977 0.705322
vt 0.109619 0.716553
vt 0.104736 0.722656
vt 0.111328 0.716553
vt 0.130127 0.710205
vt 0.134033 0.703369
vt 0.135742 0.705322
vt 0.159424 0.698975
vt 0.139893 0.701904
vt 0.158691 0.696045
vt 0.160156 0.687500
vt 0.142822 0.684570
vt 0.168213 0.679443
vt 0.177002 0.675293
vt 0.379639 0.954590
vt 0.365479 0.947510
vt 0.380127 0.952393
vt 0.386719 0.959717
vt 0.387939 0.955566
vt 0.380859 0.962158
vt 0.374023 0.954590
vt 0.364014 0.951904
vt 0.350098 0.949219
vt 0.350830 0.946289
vt 0.339600 0.944092
vt 0.324219 0.950439
vt 0.327393 0.946045
vt 0.315674 0.948242
vt 0.313477 0.953857
vt 0.286621 0.957031
vt 0.330811 0.955078
vt 0.351318 0.951416
vt 0.344971 0.958496
vt 0.369873 0.959473
vt 0.362549 0.962646
vt 0.379150 0.964600
vt 0.387695 0.964600
vt 0.368408 0.969238
vt 0.359863 0.965088
vt 0.350098 0.965576
vt 0.347412 0.969482
vt 0.344971 0.967529
vt 0.335693 0.967285
vt 0.330322 0.966797
vt 0.334473 0.969727
vt 0.325195 0.969238
vt 0.314453 0.965088
vt 0.301270 0.963135
vt 0.286865 0.959229
vt 0.311035 0.965820
vt 0.267822 0.959229
vt 0.265625 0.953125
vt 0.266113 0.968262
vt 0.293945 0.963623
vt 0.283936 0.964844
vt 0.276367 0.969482
vt 0.258301 0.969971
vt 0.297852 0.986572
vt 0.259766 0.978271
vt 0.263184 0.985352
vt 0.260010 0.984375
vt 0.254150 0.986084
vt 0.281006 0.983643
vt 0.269287 0.993164
vt 0.281250 0.994385
vt 0.292969 0.989258
vt 0.292969 0.996094
vt 0.298828 0.989746
vt 0.301758 0.995117
vt 0.303711 0.990234
vt 0.304688 0.998535
vt 0.324707 0.993164
vt 0.351318 0.992920
vt 0.353271 0.996826
vt 0.355713 0.992676
vt 0.359619 1.000000
vt 0.358643 0.989258
vt 0.360107 0.992676
vt 0.364990 0.992920
vt 0.380127 0.981934
vt 0.378906 0.994873
vt 0.390869 0.992188
vt 0.390625 0.974609
vt 0.894531 0.907959
vt 0.894531 0.914062
vt 0.885742 0.906006
vt 0.903076 0.923340
vt 0.892822 0.904541
vt 0.891113 0.926758
vt 0.895752 0.894775
vt 0.903320 0.903809
vt 0.887695 0.898682
vt 0.881348 0.897217
vt 0.901367 0.890137
vt 0.887451 0.912354
vt 0.884521 0.914062
vt 0.891846 0.916992
vt 0.889648 0.923828
vt 0.879150 0.918945
vt 0.882080 0.920898
vt 0.879883 0.924805
vt 0.899658 0.938965
vt 0.887207 0.932617
vt 0.878906 0.931152
vt 0.893555 0.939697
vt 0.885010 0.946289
vt 0.874023 0.926270
vt 0.874756 0.921875
vt 0.863037 0.931152
vt 0.866943 0.938232
vt 0.863525 0.922852
vt 0.876221 0.916992
vt 0.865479 0.916992
vt 0.877441 0.896729
vt 0.876709 0.892090
vt 0.860107 0.891846
vt 0.850830 0.892090
vt 0.849121 0.915527
vt 0.849365 0.919678
vt 0.851807 0.927002
vt 0.866943 0.938721
vt 0.862793 0.935791
vt 0.848877 0.932861
vt 0.861816 0.938477
vt 0.850098 0.935059
vt 0.844238 0.922363
vt 0.835693 0.937012
vt 0.844238 0.942139
vt 0.841309 0.925781
vt 0.824219 0.932861
vt 0.821045 0.936523
vt 0.830078 0.942871
vt 0.828369 0.927246
vt 0.806396 0.931885
vt 0.808105 0.936279
vt 0.797363 0.936279
vt 0.808350 0.928223
vt 0.785400 0.934326
vt 0.784180 0.940186
vt 0.794678 0.929199
vt 0.772217 0.924316
vt 0.780029 0.926758
vt 0.798340 0.922852
vt 0.789551 0.923584
vt 0.778076 0.924316
vt 0.777344 0.921143
vt 0.792480 0.919678
vt 0.812500 0.922852
vt 0.761719 0.924805
vt 0.768799 0.928955
vt 0.760986 0.921143
vt 0.758545 0.928223
vt 0.756348 0.926270
vt 0.758057 0.922119
vt 0.758789 0.909180
vt 0.761475 0.907715
vt 0.772461 0.919678
vt 0.770508 0.909668
vt 0.762939 0.888428
vt 0.759277 0.887207
vt 0.773682 0.912354
vt 0.772217 0.887695
vt 0.763916 0.885254
vt 0.763184 0.882080
vt 0.758545 0.882568
vt 0.774658 0.878174
vt 0.772949 0.884521
vt 0.774902 0.889648
vt 0.777100 0.882812
vt 0.790039 0.891357
vt 0.790771 0.887207
vt 0.790527 0.883301
vt 0.784424 0.913574
vt 0.794922 0.902344
vt 0.801758 0.913818
vt 0.808105 0.890137
vt 0.812012 0.918213
vt 0.820801 0.913330
vt 0.830811 0.919922
vt 0.834229 0.922852
vt 0.831787 0.913330
vt 0.834961 0.919189
vt 0.834473 0.913086
vt 0.833252 0.890625
vt 0.845947 0.917969
vt 0.846191 0.911621
vt 0.835205 0.893066
vt 0.847900 0.891846
vt 0.836670 0.886230
vt 0.848389 0.886475
vt 0.852295 0.885986
vt 0.848145 0.882812
vt 0.867188 0.886475
vt 0.834961 0.882812
vt 0.860352 0.875977
vt 0.844482 0.866943
vt 0.829102 0.882080
vt 0.845459 0.852539
vt 0.866699 0.856445
vt 0.878662 0.885742
vt 0.882080 0.887939
vt 0.886719 0.892090
vt 0.890137 0.881592
vt 0.890137 0.854736
vt 0.902344 0.864258
vt 0.869873 0.847168
vt 0.884033 0.838867
vt 0.904541 0.837891
vt 0.857422 0.836426
vt 0.871582 0.826660
vt 0.903809 0.822266
vt 0.857178 0.828857
vt 0.842529 0.833008
vt 0.855225 0.813721
vt 0.843994 0.814453
vt 0.867920 0.815430
vt 0.833984 0.813232
vt 0.878418 0.818115
vt 0.874268 0.804932
vt 0.888916 0.806885
vt 0.886963 0.807129
vt 0.888916 0.798828
vt 0.897461 0.795654
vt 0.898438 0.800781
vt 0.828857 0.845459
vt 0.822021 0.824707
vt 0.826172 0.812256
vt 0.815918 0.811279
vt 0.811279 0.822754
vt 0.814453 0.841064
vt 0.801270 0.832031
vt 0.801758 0.815430
vt 0.791260 0.814209
vt 0.784668 0.835693
vt 0.779297 0.822510
vt 0.767822 0.829346
vt 0.802002 0.845947
vt 0.776367 0.834961
vt 0.771484 0.838135
vt 0.786621 0.843994
vt 0.777588 0.856445
vt 0.795166 0.848145
vt 0.803223 0.884766
vt 0.807373 0.856445
vt 0.818359 0.884766
vt 0.818115 0.858154
vt 0.817139 0.859375
vt 0.818604 0.869629
vt 0.816162 0.850586
vt 0.818848 0.857910
vt 0.822021 0.862061
vt 0.823730 0.878662
vt 0.825684 0.869873
vt 0.831787 0.865479
vt 0.822754 0.887939
vt 0.822998 0.892578
vt 0.262939 0.128662
vt 0.235352 0.125244
vt 0.262207 0.125000
vt 0.238281 0.127441
vt 0.232910 0.126953
vt 0.238037 0.130859
vt 0.262695 0.132080
vt 0.272461 0.131348
vt 0.267334 0.126221
vt 0.269043 0.114502
vt 0.269775 0.135986
vt 0.265381 0.141602
vt 0.273682 0.144775
vt 0.275879 0.125732
vt 0.273438 0.121582
vt 0.276367 0.107910
vt 0.276367 0.118408
vt 0.294189 0.116455
vt 0.276611 0.121094
vt 0.280762 0.135254
vt 0.297852 0.118652
vt 0.317139 0.114746
vt 0.302734 0.101074
vt 0.319336 0.117432
vt 0.307617 0.122314
vt 0.330566 0.114502
vt 0.309570 0.143555
vt 0.321777 0.136475
vt 0.329102 0.127930
vt 0.303955 0.150635
vt 0.333008 0.146240
vt 0.329346 0.158691
vt 0.337891 0.137451
vt 0.358643 0.144531
vt 0.353027 0.154541
vt 0.353027 0.133789
vt 0.344482 0.169434
vt 0.342285 0.118652
vt 0.354492 0.122314
vt 0.347656 0.111816
vt 0.338379 0.111572
vt 0.343018 0.102539
vt 0.350342 0.103760
vt 0.349609 0.097656
vt 0.359619 0.102539
vt 0.356689 0.091797
vt 0.324219 0.173340
vt 0.347412 0.179199
vt 0.302734 0.164307
vt 0.330566 0.187500
vt 0.345703 0.188477
vt 0.351074 0.195312
vt 0.343994 0.196777
vt 0.313477 0.179199
vt 0.333496 0.205078
vt 0.273926 0.158203
vt 0.315918 0.191895
vt 0.299316 0.176025
vt 0.288330 0.180664
vt 0.296387 0.186523
vt 0.304688 0.195068
vt 0.311768 0.206787
vt 0.297852 0.195557
vt 0.273682 0.181641
vt 0.274170 0.173096
vt 0.272461 0.194580
vt 0.267578 0.187012
vt 0.273193 0.205811
vt 0.269287 0.206299
vt 0.309570 0.215088
vt 0.273682 0.220703
vt 0.314209 0.225342
vt 0.303223 0.232178
vt 0.320801 0.228027
vt 0.318359 0.217041
vt 0.342529 0.215332
vt 0.360596 0.201660
vt 0.330322 0.230957
vt 0.366211 0.232178
vt 0.346436 0.246094
vt 0.325684 0.248047
vt 0.345703 0.259277
vt 0.316650 0.239502
vt 0.322754 0.256836
vt 0.301514 0.250977
vt 0.284424 0.244629
vt 0.323242 0.265381
vt 0.275635 0.264648
vt 0.339355 0.275391
vt 0.350586 0.266357
vt 0.323242 0.276123
vt 0.335938 0.284424
vt 0.359619 0.292480
vt 0.291504 0.282959
vt 0.342529 0.293945
vt 0.311523 0.289062
vt 0.331055 0.297363
vt 0.341064 0.303955
vt 0.315186 0.300537
vt 0.289551 0.291992
vt 0.332520 0.313232
vt 0.344727 0.312988
vt 0.348145 0.325195
vt 0.342285 0.320557
vt 0.305420 0.298340
vt 0.315674 0.312256
vt 0.306396 0.302734
vt 0.305908 0.302734
vt 0.302979 0.307129
vt 0.304688 0.302734
vt 0.320557 0.325928
vt 0.301514 0.323975
vt 0.324707 0.330566
vt 0.338623 0.327148
vt 0.344238 0.331543
vt 0.343750 0.340332
vt 0.350342 0.341309
vt 0.353027 0.352539
vt 0.331543 0.336670
vt 0.343262 0.349609
vt 0.351074 0.363037
vt 0.340332 0.357666
vt 0.334229 0.352051
vt 0.323975 0.347900
vt 0.329590 0.365234
vt 0.313232 0.343018
vt 0.326416 0.367188
vt 0.302734 0.342285
vt 0.311279 0.363281
vt 0.289551 0.341309
vt 0.282715 0.360352
vt 0.278320 0.336914
vt 0.285889 0.324951
vt 0.275879 0.318604
vt 0.279541 0.315430
vt 0.291992 0.311523
vt 0.276367 0.301514
vt 0.272217 0.291992
vt 0.272705 0.302002
vt 0.275391 0.279053
vt 0.271484 0.276611
vt 0.265381 0.286377
vt 0.263672 0.299072
vt 0.272217 0.261719
vt 0.242188 0.291260
vt 0.236572 0.298584
vt 0.274170 0.253174
vt 0.273926 0.245605
vt 0.267090 0.258057
vt 0.265137 0.272949
vt 0.239990 0.280029
vt 0.245850 0.267822
vt 0.239990 0.261719
vt 0.266602 0.245117
vt 0.244629 0.253174
vt 0.240723 0.245850
vt 0.235596 0.273682
vt 0.236328 0.284668
vt 0.236084 0.257812
vt 0.231934 0.278320
vt 0.231689 0.267822
vt 0.233398 0.290771
vt 0.229492 0.298340
vt 0.233643 0.300293
vt 0.229004 0.300293
vt 0.228271 0.283447
vt 0.222900 0.295166
vt 0.221680 0.307373
vt 0.218994 0.297119
vt 0.218262 0.285400
vt 0.213135 0.295654
vt 0.221924 0.278809
vt 0.218750 0.270508
vt 0.227539 0.273682
vt 0.223389 0.260010
vt 0.220459 0.255371
vt 0.223877 0.243408
vt 0.228760 0.259033
vt 0.232910 0.257812
vt 0.229980 0.249268
vt 0.229492 0.242432
vt 0.225098 0.232178
vt 0.232178 0.250000
vt 0.235107 0.248535
vt 0.229248 0.227539
vt 0.235107 0.242920
vt 0.248535 0.242920
vt 0.235107 0.231201
vt 0.231201 0.228516
vt 0.241211 0.231934
vt 0.241943 0.229492
vt 0.253662 0.233887
vt 0.261963 0.242188
vt 0.270752 0.241455
vt 0.267090 0.232422
vt 0.267090 0.235352
vt 0.262451 0.230957
vt 0.271484 0.231689
vt 0.269287 0.228516
vt 0.277344 0.241699
vt 0.280518 0.242432
vt 0.276611 0.230469
vt 0.273682 0.228027
vt 0.263184 0.215820
vt 0.262207 0.209473
vt 0.263428 0.199219
vt 0.241699 0.211670
vt 0.243164 0.195312
vt 0.237793 0.210693
vt 0.243652 0.182861
vt 0.237793 0.196289
vt 0.232910 0.202393
vt 0.236084 0.217041
vt 0.235596 0.225830
vt 0.232910 0.223633
vt 0.230225 0.214600
vt 0.231201 0.225586
vt 0.237793 0.184326
vt 0.230225 0.203857
vt 0.226318 0.215820
vt 0.222656 0.212891
vt 0.226074 0.202393
vt 0.221436 0.218018
vt 0.232422 0.195068
vt 0.218018 0.205078
vt 0.215576 0.209961
vt 0.222412 0.187500
vt 0.215820 0.196777
vt 0.228516 0.187256
vt 0.234619 0.184570
vt 0.229736 0.174072
vt 0.219971 0.180908
vt 0.215576 0.181885
vt 0.218994 0.170654
vt 0.223877 0.172119
vt 0.236572 0.173584
vt 0.233154 0.171143
vt 0.240967 0.172607
vt 0.219727 0.159668
vt 0.214111 0.160400
vt 0.215576 0.152100
vt 0.222168 0.153320
vt 0.214844 0.144531
vt 0.215332 0.139160
vt 0.229736 0.166992
vt 0.225098 0.143066
vt 0.216797 0.136230
vt 0.226318 0.146973
vt 0.228027 0.156006
vt 0.232422 0.140625
vt 0.219727 0.137695
vt 0.231934 0.159424
vt 0.234375 0.155273
vt 0.235840 0.159180
vt 0.241211 0.170166
vt 0.238281 0.154785
vt 0.242676 0.157471
vt 0.264404 0.173096
vt 0.255371 0.181396
vt 0.265625 0.170410
vt 0.270752 0.169189
vt 0.263672 0.157471
vt 0.269287 0.158447
vt 0.262939 0.152832
vt 0.249023 0.154053
vt 0.239258 0.145752
vt 0.235352 0.140869
vt 0.231934 0.130859
vt 0.227539 0.126465
vt 0.220947 0.119141
vt 0.221191 0.116699
vt 0.213623 0.110840
vt 0.229248 0.118652
vt 0.216064 0.109375
vt 0.226074 0.107422
vt 0.234131 0.116943
vt 0.239014 0.114746
vt 0.238281 0.122314
vt 0.250000 0.118164
vt 0.259033 0.122559
vt 0.261719 0.116211
vt 0.250244 0.106689
vt 0.261719 0.105957
vt 0.261230 0.787354
vt 0.255859 0.805908
vt 0.252441 0.794922
vt 0.281494 0.806641
vt 0.293457 0.786377
vt 0.288086 0.803467
vt 0.260498 0.779053
vt 0.311035 0.770752
vt 0.373779 0.796631
vt 0.273438 0.765625
vt 0.304932 0.763428
vt 0.358887 0.770508
vt 0.253662 0.775635
vt 0.241455 0.797119
vt 0.274902 0.753906
vt 0.238525 0.777100
vt 0.411865 0.793457
vt 0.289062 0.745605
vt 0.283203 0.737549
vt 0.305908 0.748779
vt 0.276855 0.740967
vt 0.310547 0.760254
vt 0.309082 0.751465
vt 0.269775 0.744385
vt 0.266602 0.721436
vt 0.252930 0.751709
vt 0.249268 0.723389
vt 0.241943 0.726318
vt 0.347656 0.746826
vt 0.312988 0.744385
vt 0.375244 0.739258
vt 0.351074 0.759521
vt 0.369873 0.764404
vt 0.372559 0.759521
vt 0.404053 0.780273
vt 0.416504 0.775146
vt 0.379639 0.748047
vt 0.414795 0.759033
vt 0.416504 0.750000
vt 0.418457 0.757080
vt 0.422119 0.756348
vt 0.422363 0.772705
vt 0.075684 0.112549
vt 0.072998 0.108643
vt 0.077393 0.096436
vt 0.091553 0.101318
vt 0.079590 0.123047
vt 0.071777 0.123779
vt 0.074463 0.134033
vt 0.065918 0.123535
vt 0.070312 0.135986
vt 0.072754 0.151123
vt 0.068359 0.110352
vt 0.069580 0.156250
vt 0.076416 0.163574
vt 0.065430 0.135010
vt 0.064941 0.116211
vt 0.071289 0.093018
vt 0.060547 0.125488
vt 0.062012 0.116699
vt 0.061279 0.104492
vt 0.059814 0.112549
vt 0.055664 0.095459
vt 0.042725 0.113281
vt 0.039062 0.113037
vt 0.036133 0.103027
vt 0.039795 0.128662
vt 0.062744 0.136475
vt 0.064209 0.148193
vt 0.054688 0.151123
vt 0.065186 0.157959
vt 0.035889 0.125244
vt 0.034180 0.118408
vt 0.031006 0.129150
vt 0.033203 0.143799
vt 0.030029 0.155029
vt 0.037842 0.152588
vt 0.034912 0.158691
vt 0.028809 0.158691
vt 0.032471 0.163574
vt 0.036377 0.177734
vt 0.032471 0.179443
vt 0.033203 0.181152
vt 0.052979 0.162354
vt 0.039307 0.164062
vt 0.046875 0.176025
vt 0.039307 0.172363
vt 0.044678 0.179688
vt 0.041748 0.181885
vt 0.036377 0.181641
vt 0.039551 0.187744
vt 0.049561 0.192383
vt 0.054443 0.191650
vt 0.057617 0.188721
vt 0.067871 0.201660
vt 0.061523 0.173828
vt 0.072510 0.185303
vt 0.072754 0.195068
vt 0.071289 0.177490
vt 0.076172 0.181641
vt 0.079834 0.201416
vt 0.069092 0.168701
vt 0.081299 0.190918
vt 0.080811 0.176025
vt 0.082764 0.172607
vt 0.085449 0.174561
vt 0.093262 0.179688
vt 0.081787 0.183350
vt 0.089355 0.193115
vt 0.088135 0.181152
vt 0.094482 0.187988
vt 0.059326 0.765869
vt 0.061035 0.765625
vt 0.067871 0.780273
vt 0.062744 0.775879
vt 0.069824 0.788818
vt 0.075195 0.783203
vt 0.076904 0.793701
vt 0.079834 0.811523
vt 0.063477 0.762451
vt 0.076172 0.777588
vt 0.071289 0.765381
vt 0.076416 0.772461
vt 0.085205 0.787598
vt 0.090332 0.762451
vt 0.083984 0.796875
vt 0.086182 0.813232
vt 0.087646 0.798828
vt 0.095947 0.767090
vt 0.105225 0.787842
vt 0.096191 0.763184
vt 0.094971 0.755615
vt 0.104980 0.757080
vt 0.104248 0.764893
vt 0.111816 0.778564
vt 0.121582 0.799805
vt 0.095215 0.801758
vt 0.113037 0.804199
vt 0.115723 0.806152
vt 0.121826 0.803711
vt 0.112305 0.810547
vt 0.088867 0.810059
vt 0.090576 0.818848
vt 0.107178 0.820801
vt 0.118164 0.812500
vt 0.121826 0.811523
vt 0.125977 0.811523
vt 0.123291 0.814941
vt 0.115723 0.814697
vt 0.119385 0.824463
vt 0.105225 0.837402
vt 0.093750 0.825928
vt 0.090088 0.830566
vt 0.094727 0.834717
vt 0.084717 0.821533
vt 0.087402 0.835205
vt 0.089111 0.834961
vt 0.091553 0.844482
vt 0.082275 0.849121
vt 0.093018 0.852783
vt 0.094482 0.848145
vt 0.095947 0.863770
vt 0.096680 0.842773
vt 0.098389 0.852783
vt 0.101318 0.863281
vt 0.101562 0.871338
vt 0.110107 0.861572
vt 0.105469 0.854004
vt 0.111084 0.849854
vt 0.114502 0.854248
vt 0.115234 0.835938
vt 0.124512 0.827148
vt 0.120361 0.838379
vt 0.126465 0.834717
vt 0.123047 0.842529
vt 0.913086 0.459473
vt 0.893555 0.467529
vt 0.889893 0.452148
vt 0.898438 0.481201
vt 0.928467 0.468750
vt 0.920898 0.438965
vt 0.927979 0.448242
vt 0.912354 0.425781
vt 0.891357 0.426270
vt 0.936768 0.416504
vt 0.942139 0.445068
vt 0.943604 0.475586
vt 0.955566 0.456299
vt 0.945068 0.430664
vt 0.957275 0.445312
vt 0.967773 0.466064
vt 0.969971 0.481934
vt 0.970703 0.455566
vt 0.976562 0.463867
vt 0.976318 0.476074
vt 0.972412 0.449707
vt 0.955078 0.429932
vt 0.963135 0.438721
vt 0.945557 0.408936
vt 0.971680 0.443115
vt 0.983154 0.455811
vt 0.960693 0.429199
vt 0.952881 0.416016
vt 0.968262 0.432373
vt 0.975586 0.441162
vt 0.978271 0.434326
vt 0.979736 0.416016
vt 0.960938 0.420654
vt 0.977295 0.410889
vt 0.983154 0.415771
vt 0.956543 0.406250
vt 0.969238 0.402100
vt 0.943604 0.392090
vt 0.962402 0.388916
vt 0.968750 0.390625
vt 0.952148 0.395020
vt 0.978271 0.398926
vt 0.990234 0.403320
vt 0.949219 0.381592
vt 0.960938 0.373047
vt 0.970703 0.383301
vt 0.987793 0.389893
vt 0.981689 0.378662
vt 0.964355 0.369385
vt 0.969238 0.370361
vt 0.979980 0.369873
vt 0.979736 0.360840
vt 0.968262 0.359863
vt 0.964111 0.351074
vt 0.976074 0.347168
vt 0.958984 0.358398
vt 0.965576 0.337891
vt 0.959473 0.344727
vt 0.949463 0.370361
vt 0.948730 0.360107
vt 0.941650 0.365234
vt 0.944336 0.352539
vt 0.949463 0.349854
vt 0.951660 0.337891
vt 0.962158 0.332275
vt 0.946533 0.342041
vt 0.950684 0.321777
vt 0.944824 0.329102
vt 0.940674 0.346436
vt 0.939209 0.356689
vt 0.938721 0.336182
vt 0.925049 0.347168
vt 0.935791 0.368408
vt 0.926025 0.332275
vt 0.930420 0.322998
vt 0.930908 0.305176
vt 0.914062 0.330322
vt 0.911621 0.346680
vt 0.924072 0.357910
vt 0.902344 0.362061
vt 0.904053 0.339355
vt 0.907471 0.362549
vt 0.924072 0.368408
vt 0.900879 0.368896
vt 0.927979 0.373779
vt 0.886475 0.357910
vt 0.902100 0.376221
vt 0.927246 0.381104
vt 0.891113 0.375244
vt 0.879883 0.377197
vt 0.879639 0.361328
vt 0.898682 0.380127
vt 0.894531 0.390381
vt 0.900635 0.382080
vt 0.904785 0.392822
vt 0.897705 0.393311
vt 0.881836 0.392822
vt 0.891846 0.399902
vt 0.876221 0.386719
vt 0.895996 0.400391
vt 0.873047 0.373535
vt 0.868896 0.381348
vt 0.871582 0.367188
vt 0.866211 0.377441
vt 0.914062 0.407471
vt 0.924805 0.392578
vt 0.933594 0.405029
vt 0.938965 0.390625
vt 0.937988 0.379395
vt 0.880859 0.004883
vt 0.877930 0.013428
vt 0.868408 0.007812
vt 0.927490 0.690674
vt 0.905029 0.687012
vt 0.918701 0.666016
vt 0.937500 0.672607
vt 0.919922 0.700195
vt 0.899414 0.699463
vt 0.948486 0.692627
vt 0.948242 0.659668
vt 0.941162 0.720215
vt 0.916504 0.720703
vt 0.958496 0.671875
vt 0.895020 0.715820
vt 0.960205 0.698730
vt 0.969971 0.666016
vt 0.951416 0.708984
vt 0.955078 0.718750
vt 0.909912 0.741455
vt 0.895508 0.726074
vt 0.900635 0.740234
vt 0.972168 0.691406
vt 0.976562 0.682861
vt 0.985107 0.681641
vt 0.984375 0.672607
vt 0.981934 0.691650
vt 0.967285 0.703125
vt 0.976074 0.700928
vt 0.989990 0.687744
vt 0.967285 0.708984
vt 0.956055 0.724121
vt 0.986572 0.697998
vt 0.978271 0.703613
vt 0.972656 0.708984
vt 0.987305 0.719238
vt 0.967529 0.715088
vt 0.976562 0.726562
vt 0.979492 0.727783
vt 0.984863 0.726562
vt 0.977783 0.736328
vt 0.962402 0.722168
vt 0.968262 0.726074
vt 0.969727 0.737061
vt 0.971680 0.739990
vt 0.971924 0.747803
vt 0.989258 0.746094
vt 0.981445 0.755615
vt 0.976807 0.765381
vt 0.956299 0.731689
vt 0.960693 0.753906
vt 0.963623 0.758545
vt 0.962646 0.770264
vt 0.973389 0.778076
vt 0.961426 0.766602
vt 0.960449 0.780518
vt 0.973877 0.790527
vt 0.962646 0.791016
vt 0.956787 0.766846
vt 0.955322 0.777100
vt 0.960449 0.791016
vt 0.965576 0.800049
vt 0.948486 0.760742
vt 0.957031 0.791260
vt 0.959473 0.802246
vt 0.947510 0.778320
vt 0.948975 0.799316
vt 0.951904 0.810791
vt 0.947754 0.787842
vt 0.944824 0.793701
vt 0.947510 0.816162
vt 0.942139 0.775146
vt 0.943604 0.800293
vt 0.943604 0.817139
vt 0.939209 0.789307
vt 0.939941 0.802490
vt 0.944336 0.825684
vt 0.924316 0.830566
vt 0.924072 0.822998
vt 0.934326 0.806152
vt 0.922119 0.812744
vt 0.920410 0.801270
vt 0.922852 0.787109
vt 0.912598 0.790283
vt 0.912842 0.802734
vt 0.937744 0.778320
vt 0.923828 0.777832
vt 0.937988 0.764160
vt 0.942871 0.761475
vt 0.950439 0.745850
vt 0.945801 0.742920
vt 0.940674 0.749512
vt 0.945801 0.733398
vt 0.942627 0.741699
vt 0.942383 0.735352
vt 0.931152 0.741943
vt 0.927246 0.754883
vt 0.926758 0.767090
vt 0.911377 0.753662
vt 0.925049 0.766602
vt 0.925781 0.766846
vt 0.923096 0.769531
vt 0.903076 0.748779
vt 0.906738 0.766357
vt 0.908691 0.773682
vt 0.910889 0.781738
vt 0.903809 0.795654
vt 0.906982 0.775879
vt 0.904785 0.770020
vt 0.892578 0.783691
vt 0.898926 0.771240
vt 0.895996 0.759521
vt 0.904785 0.757324
vt 0.901611 0.752930
vt 0.894287 0.749512
vt 0.885010 0.754395
vt 0.883301 0.749268
vt 0.887207 0.746094
vt 0.899658 0.744385
vt 0.895996 0.738281
vt 0.893311 0.741943
vt 0.888184 0.741943
vt 0.060791 0.879883
vt 0.059082 0.873047
vt 0.050049 0.867676
vt 0.070068 0.887451
vt 0.056152 0.866455
vt 0.071045 0.870361
vt 0.072510 0.854004
vt 0.074463 0.883057
vt 0.076172 0.858887
vt 0.071533 0.845215
vt 0.085449 0.864990
vt 0.074951 0.876221
vt 0.083252 0.871826
vt 0.097412 0.877930
vt 0.088623 0.879639
vt 0.095215 0.885498
vt 0.104492 0.885010
vt 0.101562 0.893555
vt 0.082031 0.890625
vt 0.092041 0.895996
vt 0.100098 0.909912
vt 0.084961 0.903076
vt 0.074707 0.893311
vt 0.093018 0.915039
vt 0.096924 0.926514
vt 0.082275 0.913330
vt 0.086670 0.934814
vt 0.103516 0.941406
vt 0.103760 0.946289
vt 0.088867 0.948730
vt 0.758057 0.035645
vt 0.763428 0.041992
vt 0.755615 0.054199
vt 0.761963 0.050537
vt 0.750244 0.051514
vt 0.755371 0.059082
vt 0.770264 0.058838
vt 0.750732 0.058350
vt 0.772461 0.069092
vt 0.751221 0.062744
vt 0.785889 0.065430
vt 0.788330 0.075684
vt 0.786377 0.058350
vt 0.800537 0.062012
vt 0.801514 0.070312
vt 0.748291 0.061035
vt 0.741699 0.067383
vt 0.738525 0.059326
vt 0.735840 0.052734
vt 0.731445 0.062744
vt 0.737793 0.073975
vt 0.729248 0.059326
vt 0.722168 0.067383
vt 0.709473 0.069336
vt 0.722168 0.059814
vt 0.723145 0.057861
vt 0.716309 0.048096
vt 0.718018 0.040527
vt 0.699463 0.049561
vt 0.711914 0.062256
vt 0.715820 0.058105
vt 0.705811 0.054932
vt 0.712158 0.059082
vt 0.703125 0.057861
vt 0.695312 0.058350
vt 0.727783 0.987549
vt 0.737061 0.969727
vt 0.733398 0.980713
vt 0.743896 0.968506
vt 0.721191 0.988037
vt 0.714844 1.000000
vt 0.745605 0.961670
vt 0.714355 0.995117
vt 0.709961 0.997559
vt 0.711914 0.992676
vt 0.750000 0.965332
vt 0.723877 0.978516
vt 0.718750 0.964111
vt 0.709473 0.982666
vt 0.730957 0.973633
vt 0.732178 0.960693
vt 0.738525 0.961426
vt 0.724609 0.955322
vt 0.731934 0.956299
vt 0.746338 0.949707
vt 0.730225 0.949463
vt 0.719971 0.950439
vt 0.712891 0.939941
vt 0.716064 0.951416
vt 0.749268 0.952637
vt 0.751953 0.944580
vt 0.754150 0.953857
vt 0.755615 0.946777
vt 0.756104 0.939697
vt 0.749512 0.942139
vt 0.758301 0.939453
vt 0.759277 0.946289
vt 0.757568 0.962402
vt 0.770020 0.967773
vt 0.766602 0.952393
vt 0.769287 0.959961
vt 0.780762 0.967773
vt 0.779785 0.972168
vt 0.779785 0.957520
vt 0.793457 0.968018
vt 0.800049 0.971680
vt 0.788574 0.964355
vt 0.798828 0.963623
vt 0.785156 0.961182
vt 0.804199 0.958008
vt 0.782959 0.958252
vt 0.799805 0.952393
vt 0.817383 0.951172
vt 0.779053 0.953857
vt 0.792725 0.945068
vt 0.776367 0.950439
vt 0.774170 0.947510
vt 0.766113 0.945801
vt 0.766602 0.943604
vt 0.771240 0.941895
vt 0.772217 0.944092
vt 0.774658 0.937744
vt 0.043457 0.000000
vt 0.047363 0.005859
vt 0.043457 0.007812
vt 0.039551 0.010010
vt 0.042725 0.013672
vt 0.036865 0.018066
vt 0.038086 0.022217
vt 0.034424 0.020508
vt 0.043701 0.021484
vt 0.050537 0.003418
vt 0.058838 0.000244
vt 0.047363 0.013184
vt 0.041260 0.027588
vt 0.051514 0.015869
vt 0.060547 0.009033
vt 0.060303 0.005127
vt 0.065674 0.003174
vt 0.070068 0.000244
vt 0.068848 0.006836
vt 0.069336 0.011230
vt 0.058838 0.020508
vt 0.079102 0.009766
vt 0.074951 0.015381
vt 0.043945 0.031982
vt 0.039795 0.031006
vt 0.051758 0.028320
vt 0.050049 0.030518
vt 0.047119 0.041992
vt 0.056396 0.027344
vt 0.062988 0.036621
vt 0.060547 0.023926
vt 0.064941 0.020752
vt 0.069092 0.025391
vt 0.071045 0.040039
vt 0.077393 0.029785
vt 0.078369 0.021484
vt 0.070068 0.018066
vt 0.080078 0.015137
vt 0.945312 0.064697
vt 0.948975 0.062500
vt 0.949463 0.065674
vt 0.940186 0.046631
vt 0.942627 0.067383
vt 0.952637 0.061279
vt 0.936768 0.049316
vt 0.934082 0.054688
vt 0.931641 0.043457
vt 0.941406 0.070801
vt 0.932373 0.035889
vt 0.952148 0.069092
vt 0.950439 0.070801
vt 0.957031 0.072754
vt 0.961182 0.065186
vt 0.956055 0.064453
vt 0.956787 0.060791
vt 0.960205 0.053467
vt 0.954590 0.049316
vt 0.959229 0.041992
vt 0.953369 0.040283
vt 0.960938 0.033691
vt 0.954102 0.032227
vt 0.949951 0.042480
vt 0.948242 0.053223
vt 0.942139 0.042236
vt 0.945068 0.034180
vt 0.937744 0.032227
vt 0.931152 0.025879
vt 0.941895 0.022949
vt 0.947510 0.017822
vt 0.934326 0.024658
vt 0.934814 0.019043
vt 0.638428 0.898682
vt 0.644531 0.897949
vt 0.640137 0.902100
vt 0.632324 0.899902
vt 0.631836 0.893555
vt 0.639160 0.893555
vt 0.644775 0.892334
vt 0.641113 0.889160
vt 0.636963 0.886719
vt 0.656250 0.886719
vt 0.666748 0.886475
vt 0.647949 0.886230
vt 0.643311 0.884277
vt 0.647949 0.873779
vt 0.654297 0.872314
vt 0.664062 0.881592
vt 0.676025 0.882812
vt 0.659912 0.875732
vt 0.657715 0.872559
vt 0.654541 0.867676
vt 0.663086 0.864746
vt 0.655762 0.864014
vt 0.672119 0.873047
vt 0.657227 0.856201
vt 0.652100 0.860840
vt 0.669678 0.863281
vt 0.680908 0.864258
vt 0.646484 0.843262
vt 0.646973 0.855713
vt 0.633789 0.826660
vt 0.633301 0.835938
vt 0.618408 0.814697
vt 0.643555 0.829102
vt 0.624512 0.815918
vt 0.628662 0.814453
vt 0.621094 0.809570
vt 0.614746 0.807129
vt 0.619629 0.801514
vt 0.624756 0.805176
vt 0.622559 0.799561
vt 0.627197 0.800781
vt 0.627930 0.806396
vt 0.630127 0.803467
vt 0.639893 0.818604
vt 0.643311 0.816162
vt 0.645752 0.814453
vt 0.655518 0.830078
vt 0.656738 0.823242
vt 0.655273 0.818848
vt 0.659912 0.820312
vt 0.663086 0.827881
vt 0.663330 0.816406
vt 0.675049 0.815186
vt 0.657471 0.836914
vt 0.669678 0.834473
vt 0.689453 0.832031
vt 0.664551 0.853760
vt 0.677979 0.854248
vt 0.687500 0.840576
vt 0.715088 0.858398
vt 0.708496 0.825195
vt 0.723877 0.839600
vt 0.721680 0.856689
vt 0.732910 0.868652
vt 0.708008 0.866699
vt 0.729492 0.876465
vt 0.704590 0.875244
vt 0.728516 0.882568
vt 0.711670 0.880615
vt 0.728271 0.888428
vt 0.697266 0.882324
vt 0.710205 0.888672
vt 0.727539 0.895264
vt 0.697021 0.890137
vt 0.679932 0.888672
vt 0.687256 0.895752
vt 0.705811 0.896973
vt 0.715576 0.896973
vt 0.720703 0.900635
vt 0.709473 0.902100
vt 0.689941 0.903076
vt 0.728027 0.907227
vt 0.702148 0.909424
vt 0.704346 0.916748
vt 0.711426 0.906738
vt 0.712891 0.914307
vt 0.719238 0.923584
vt 0.719727 0.908203
vt 0.728027 0.913818
vt 0.731445 0.918701
vt 0.085938 0.966553
vt 0.081299 0.967041
vt 0.082031 0.963135
vt 0.072510 0.996094
vt 0.082031 0.992676
vt 0.079346 1.000000
vt 0.072021 0.982666
vt 0.064453 0.995361
vt 0.076660 0.964111
vt 0.075439 0.959229
vt 0.072510 0.971191
vt 0.064941 0.980713
vt 0.059082 0.991699
vt 0.064453 0.973877
vt 0.059570 0.977783
vt 0.070557 0.962158
vt 0.071533 0.956055
vt 0.060547 0.969238
vt 0.054443 0.974854
vt 0.066162 0.959229
vt 0.064453 0.954834
vt 0.056152 0.967285
vt 0.052979 0.964111
vt 0.049316 0.969238
vt 0.050537 0.959717
vt 0.044922 0.960449
vt 0.046387 0.966064
vt 0.041992 0.961670
vt 0.044922 0.968750
vt 0.038330 0.963623
vt 0.126465 0.920654
vt 0.125732 0.892090
vt 0.135254 0.893555
vt 0.114014 0.907715
vt 0.107910 0.912109
vt 0.109375 0.893066
vt 0.115967 0.928467
vt 0.115723 0.958252
vt 0.107910 0.957764
vt 0.120361 0.983643
vt 0.113281 0.988037
vt 0.125488 0.965576
vt 0.133057 0.985352
vt 0.122559 0.927002
vt 0.127930 0.941406
vt 0.139160 0.965332
vt 0.145020 0.987793
vt 0.133057 0.939209
vt 0.146973 0.962402
vt 0.156738 0.981201
vt 0.141357 0.932617
vt 0.144043 0.892822
vt 0.148193 0.904785
vt 0.152344 0.894287
vt 0.151611 0.929199
vt 0.158447 0.894043
vt 0.152832 0.960693
vt 0.161377 0.931396
vt 0.165283 0.895020
vt 0.158691 0.954102
vt 0.161377 0.962402
vt 0.164307 0.975586
vt 0.167725 0.979980
vt 0.169189 0.942627
vt 0.167969 0.963623
vt 0.177246 0.963379
vt 0.178467 0.979980
vt 0.174316 0.990234
vt 0.177002 0.947266
vt 0.186279 0.954102
vt 0.191406 0.988525
vt 0.180664 0.923584
vt 0.170410 0.915039
vt 0.171875 0.894531
vt 0.166992 0.887451
vt 0.180664 0.894531
vt 0.191162 0.919678
vt 0.190186 0.886963
vt 0.193848 0.955811
vt 0.199951 0.903564
vt 0.201416 0.883789
vt 0.205322 0.965088
vt 0.202881 0.997070
vt 0.211670 0.998779
vt 0.200684 0.947998
vt 0.200439 0.924805
vt 0.210205 0.939209
vt 0.212158 0.968506
vt 0.220459 0.988037
vt 0.209961 0.904297
vt 0.215820 0.895508
vt 0.218018 0.906006
vt 0.219238 0.938232
vt 0.220459 0.969727
vt 0.225342 0.897949
vt 0.230225 0.883789
vt 0.228760 0.918457
vt 0.229980 0.937500
vt 0.230469 0.971191
vt 0.230225 0.989258
vt 0.238281 0.988525
vt 0.238281 0.941650
vt 0.240967 0.922119
vt 0.231689 0.905762
vt 0.236084 0.894043
vt 0.243896 0.894287
vt 0.237305 0.885498
vt 0.859863 0.653809
vt 0.838867 0.636230
vt 0.845947 0.633789
vt 0.846924 0.622314
vt 0.861816 0.641602
vt 0.888184 0.666504
vt 0.848145 0.657471
vt 0.830811 0.640625
vt 0.880859 0.674805
vt 0.898438 0.673584
vt 0.890381 0.681885
vt 0.865479 0.669678
vt 0.875732 0.682129
vt 0.888184 0.688232
vt 0.843750 0.663818
vt 0.829102 0.648682
vt 0.841309 0.670898
vt 0.825195 0.654297
vt 0.825928 0.665771
vt 0.870850 0.690430
vt 0.884766 0.694580
vt 0.840088 0.681152
vt 0.862793 0.701172
vt 0.879150 0.706299
vt 0.826660 0.683594
vt 0.823730 0.659180
vt 0.840820 0.690430
vt 0.859131 0.713379
vt 0.889160 0.719971
vt 0.826904 0.694336
vt 0.803467 0.682861
vt 0.819824 0.703613
vt 0.864258 0.726562
vt 0.850098 0.717773
vt 0.826904 0.720703
vt 0.796631 0.708984
vt 0.792969 0.721436
vt 0.797363 0.728760
vt 0.861328 0.737305
vt 0.883545 0.738037
vt 0.825195 0.733398
vt 0.804443 0.736572
vt 0.786377 0.735107
vt 0.863525 0.747803
vt 0.878662 0.756348
vt 0.800293 0.748535
vt 0.820801 0.742920
vt 0.860840 0.754883
vt 0.876709 0.769531
vt 0.863525 0.766113
vt 0.824707 0.752930
vt 0.856445 0.770508
vt 0.867676 0.774902
vt 0.861572 0.780029
vt 0.820801 0.758789
vt 0.819092 0.767090
vt 0.798340 0.759033
vt 0.781250 0.760986
vt 0.776367 0.768555
vt 0.790527 0.766113
vt 0.775391 0.773682
vt 0.792480 0.770996
vt 0.777344 0.783936
vt 0.833984 0.781738
vt 0.863525 0.790527
vt 0.838135 0.793213
vt 0.857910 0.801025
vt 0.791992 0.778809
vt 0.841797 0.802734
vt 0.790527 0.787354
vt 0.808350 0.797607
vt 0.808105 0.806641
vt 0.784424 0.797119
vt 0.775391 0.806396
vt 0.773438 0.796631
vt 0.766113 0.798584
vt 0.768066 0.791992
vt 0.766357 0.785400
vt 0.905029 0.635010
vt 0.914795 0.638184
vt 0.906738 0.653076
vt 0.338379 0.533691
vt 0.320801 0.515869
vt 0.321289 0.506836
vt 0.359375 0.536865
vt 0.370361 0.552490
vt 0.389893 0.554932
vt 0.388428 0.567139
vt 0.387451 0.548096
vt 0.357666 0.525146
vt 0.392334 0.544922
vt 0.326904 0.502197
vt 0.316162 0.498291
vt 0.316162 0.491211
vt 0.362305 0.520752
vt 0.332275 0.496582
vt 0.322021 0.479980
vt 0.314941 0.479736
vt 0.359863 0.506836
vt 0.378662 0.520996
vt 0.405762 0.541016
vt 0.391602 0.517578
vt 0.367432 0.495361
vt 0.345703 0.491699
vt 0.343750 0.479492
vt 0.324707 0.468750
vt 0.393311 0.505371
vt 0.408447 0.519775
vt 0.406006 0.508057
vt 0.321533 0.463623
vt 0.332520 0.460693
vt 0.398682 0.499756
vt 0.414062 0.501221
vt 0.375000 0.482422
vt 0.401611 0.493164
vt 0.420166 0.497559
vt 0.407715 0.486572
vt 0.421875 0.491943
vt 0.380371 0.474854
vt 0.349121 0.454590
vt 0.355713 0.472656
vt 0.342773 0.458740
vt 0.340576 0.451660
vt 0.345947 0.445312
vt 0.336914 0.448486
vt 0.326660 0.454834
vt 0.322998 0.454346
vt 0.326172 0.438232
vt 0.314697 0.474121
vt 0.307373 0.488525
vt 0.321533 0.437500
vt 0.318848 0.427002
vt 0.326172 0.422363
vt 0.317627 0.451172
vt 0.318848 0.418701
vt 0.312744 0.467041
vt 0.324707 0.411865
vt 0.312256 0.437988
vt 0.310303 0.425781
vt 0.315918 0.407959
vt 0.277100 0.427734
vt 0.279297 0.437256
vt 0.292236 0.452393
vt 0.317871 0.398682
vt 0.326172 0.396484
vt 0.301270 0.403320
vt 0.320557 0.387695
vt 0.323486 0.379150
vt 0.307129 0.375488
vt 0.302979 0.384277
vt 0.296387 0.366455
vt 0.289795 0.378906
vt 0.235107 0.375977
vt 0.286865 0.389404
vt 0.234619 0.383789
vt 0.274902 0.409424
vt 0.231201 0.396240
vt 0.236572 0.405518
vt 0.300781 0.415283
vt 0.284668 0.420898
vt 0.234375 0.413818
vt 0.251709 0.427246
vt 0.229980 0.425049
vt 0.265625 0.443359
vt 0.241943 0.434082
vt 0.222900 0.439453
vt 0.235596 0.442139
vt 0.221680 0.448242
vt 0.284180 0.461914
vt 0.263428 0.451416
vt 0.277588 0.467041
vt 0.305664 0.475098
vt 0.301025 0.480469
vt 0.295410 0.483398
vt 0.293945 0.491943
vt 0.272461 0.472168
vt 0.287109 0.484863
vt 0.283936 0.489990
vt 0.245850 0.473145
vt 0.252930 0.470947
vt 0.215332 0.451416
vt 0.254883 0.461670
vt 0.810303 0.414307
vt 0.792725 0.409180
vt 0.802246 0.400879
vt 0.791748 0.415527
vt 0.807373 0.422852
vt 0.786865 0.422852
vt 0.813965 0.410645
vt 0.802979 0.431152
vt 0.782959 0.436523
vt 0.836670 0.425537
vt 0.829102 0.437256
vt 0.815918 0.402832
vt 0.804443 0.389404
vt 0.817871 0.389648
vt 0.845947 0.409424
vt 0.857910 0.424072
vt 0.842529 0.435303
vt 0.866455 0.440674
vt 0.872803 0.427490
vt 0.869873 0.434570
vt 0.875732 0.438232
vt 0.873535 0.445068
vt 0.880859 0.430908
vt 0.864258 0.447998
vt 0.881836 0.421875
vt 0.887451 0.415771
vt 0.885742 0.413574
vt 0.875732 0.418945
vt 0.880859 0.408936
vt 0.870850 0.408936
vt 0.858887 0.403809
vt 0.852051 0.391357
vt 0.871338 0.406738
vt 0.869629 0.393066
vt 0.846191 0.440918
vt 0.845215 0.440430
vt 0.845947 0.447021
vt 0.861816 0.456787
vt 0.847412 0.457275
vt 0.871582 0.452148
vt 0.877930 0.442871
vt 0.869873 0.460938
vt 0.876953 0.456543
vt 0.859619 0.467773
vt 0.874756 0.469727
vt 0.877441 0.467285
vt 0.867676 0.471191
vt 0.843506 0.465332
vt 0.880859 0.465576
vt 0.880371 0.469727
vt 0.856201 0.480469
vt 0.876465 0.477295
vt 0.879395 0.478027
vt 0.865967 0.481934
vt 0.873047 0.482666
vt 0.873535 0.491211
vt 0.869141 0.494873
vt 0.863525 0.490723
vt 0.860596 0.499268
vt 0.853271 0.489746
vt 0.833740 0.481445
vt 0.831055 0.473389
vt 0.838623 0.469238
vt 0.806885 0.454590
vt 0.828369 0.489014
vt 0.806152 0.472900
vt 0.851562 0.497559
vt 0.805176 0.482178
vt 0.808105 0.466309
vt 0.789551 0.470215
vt 0.823975 0.495361
vt 0.791260 0.482178
vt 0.769531 0.474365
vt 0.784668 0.486816
vt 0.790527 0.462646
vt 0.769287 0.460693
vt 0.790283 0.453613
vt 0.771729 0.447021
vt 0.793701 0.493164
vt 0.777344 0.496582
vt 0.769531 0.491211
vt 0.797607 0.441162
vt 0.821777 0.439453
vt 0.824219 0.448486
vt 0.801025 0.502197
vt 0.819336 0.499023
vt 0.779541 0.510010
vt 0.769531 0.499756
vt 0.771484 0.515137
vt 0.815674 0.516602
vt 0.797852 0.519043
vt 0.793701 0.526367
vt 0.768066 0.520264
vt 0.788330 0.528076
vt 0.787842 0.532227
vt 0.814209 0.528564
vt 0.816406 0.521484
vt 0.819580 0.536865
vt 0.827393 0.527344
vt 0.846680 0.520996
vt 0.846924 0.534424
vt 0.847656 0.528076
vt 0.855469 0.529785
vt 0.847412 0.516357
vt 0.825439 0.540527
vt 0.815674 0.560547
vt 0.845459 0.541504
vt 0.825195 0.549072
vt 0.844482 0.552734
vt 0.826416 0.558350
vt 0.853271 0.546631
vt 0.844727 0.563965
vt 0.826172 0.567871
vt 0.846924 0.573730
vt 0.851318 0.572266
vt 0.851807 0.579590
vt 0.855225 0.580811
vt 0.852051 0.563721
vt 0.855713 0.570801
vt 0.852295 0.555176
vt 0.856445 0.557861
vt 0.858643 0.573242
vt 0.858643 0.584717
vt 0.860840 0.577637
vt 0.862305 0.570557
vt 0.860107 0.561523
vt 0.865234 0.564941
vt 0.873779 0.570801
vt 0.868408 0.557617
vt 0.875977 0.560547
vt 0.862549 0.556641
vt 0.861084 0.552246
vt 0.877197 0.552979
vt 0.884033 0.556641
vt 0.868164 0.546875
vt 0.878662 0.548828
vt 0.883789 0.551270
vt 0.864990 0.546143
vt 0.884521 0.549316
vt 0.885010 0.549561
vt 0.888184 0.550537
vt 0.885498 0.546143
vt 0.880127 0.543701
vt 0.887451 0.538086
vt 0.890625 0.545410
vt 0.874268 0.538818
vt 0.882080 0.533936
vt 0.865479 0.538574
vt 0.865723 0.530762
vt 0.862549 0.539062
vt 0.858887 0.543701
vt 0.860352 0.533691
vt 0.854980 0.537354
vt 0.863037 0.523926
vt 0.866699 0.516357
vt 0.857666 0.521484
vt 0.864746 0.513916
vt 0.868408 0.524658
vt 0.871338 0.518311
vt 0.881836 0.527344
vt 0.887695 0.528809
vt 0.893311 0.535156
vt 0.883057 0.521484
vt 0.890381 0.522949
vt 0.895264 0.527588
vt 0.891602 0.514893
vt 0.895752 0.518555
vt 0.884277 0.513672
vt 0.872559 0.508545
vt 0.888672 0.504150
vt 0.895508 0.507080
vt 0.875977 0.504150
vt 0.869873 0.503906
vt 0.873779 0.500244
vt 0.876465 0.497070
vt 0.890137 0.495850
vt 0.877441 0.489258
vt 0.890625 0.489990
vt 0.891602 0.483887
vt 0.867432 0.503174
vt 0.859863 0.508057
vt 0.857666 0.513428
vt 0.850586 0.503418
vt 0.849121 0.509033
vt 0.852051 0.513916
vt 0.825928 0.510498
vt 0.817383 0.504150
vt 0.814697 0.511719
vt 0.705078 0.954834
vt 0.700195 0.959961
vt 0.686523 0.947021
vt 0.707275 0.946045
vt 0.697266 0.942139
vt 0.687988 0.937988
vt 0.682373 0.930908
vt 0.694580 0.935303
vt 0.703613 0.930176
vt 0.696777 0.939453
vt 0.702881 0.936523
vt 0.704102 0.942871
vt 0.711426 0.945801
vt 0.204346 0.719971
vt 0.187744 0.724365
vt 0.201904 0.707031
vt 0.187744 0.710938
vt 0.198975 0.694336
vt 0.160400 0.735352
vt 0.133789 0.736816
vt 0.192627 0.732422
vt 0.196045 0.741455
vt 0.217529 0.729248
vt 0.127686 0.757080
vt 0.120117 0.751221
vt 0.116943 0.759277
vt 0.121582 0.770020
vt 0.200928 0.749268
vt 0.224121 0.740234
vt 0.168701 0.755615
vt 0.208740 0.761475
vt 0.220459 0.759033
vt 0.183838 0.758545
vt 0.182617 0.770996
vt 0.192139 0.779053
vt 0.160889 0.772217
vt 0.166016 0.779541
vt 0.159180 0.773438
vt 0.156738 0.768799
vt 0.148682 0.779297
vt 0.145264 0.774170
vt 0.150879 0.774170
vt 0.150391 0.774658
vt 0.138672 0.781250
vt 0.134521 0.771973
vt 0.142578 0.755371
vt 0.131348 0.764160
vt 0.128662 0.780273
vt 0.133301 0.792236
vt 0.143799 0.794434
vt 0.137939 0.806885
vt 0.127930 0.795654
vt 0.132812 0.812500
vt 0.149414 0.816406
vt 0.142822 0.822998
vt 0.167236 0.800049
vt 0.175049 0.784424
vt 0.175781 0.783691
vt 0.176514 0.783447
vt 0.182373 0.784912
vt 0.195801 0.785645
vt 0.229492 0.770020
vt 0.233887 0.758057
vt 0.204346 0.793213
vt 0.230225 0.779541
vt 0.171387 0.815918
vt 0.205078 0.804932
vt 0.230713 0.799805
vt 0.158691 0.835693
vt 0.182129 0.820801
vt 0.214111 0.812500
vt 0.232910 0.809570
vt 0.244385 0.806641
vt 0.249023 0.815430
vt 0.187012 0.827148
vt 0.192871 0.831055
vt 0.234375 0.817139
vt 0.163574 0.841797
vt 0.194824 0.836426
vt 0.233154 0.826904
vt 0.255127 0.825684
vt 0.200195 0.843018
vt 0.204834 0.849121
vt 0.258789 0.836670
vt 0.167236 0.848877
vt 0.167236 0.856201
vt 0.167236 0.866943
vt 0.158447 0.868408
vt 0.154297 0.857422
vt 0.152832 0.869141
vt 0.148193 0.858643
vt 0.151123 0.845459
vt 0.144043 0.846436
vt 0.146973 0.833984
vt 0.139404 0.832275
vt 0.140381 0.844727
vt 0.144775 0.862793
vt 0.136719 0.834229
vt 0.130371 0.817871
vt 0.130859 0.830322
vt 0.134521 0.837646
vt 0.137695 0.851807
vt 0.135254 0.843262
vt 0.124268 0.854980
vt 0.621338 0.093994
vt 0.618896 0.082031
vt 0.624268 0.088379
vt 0.626221 0.082031
vt 0.638184 0.092773
vt 0.637207 0.103516
vt 0.652344 0.101562
vt 0.650391 0.096436
vt 0.642578 0.092285
vt 0.639404 0.087646
vt 0.657227 0.089111
vt 0.627686 0.076904
vt 0.624756 0.069824
vt 0.637451 0.077393
vt 0.662109 0.087891
vt 0.637451 0.067383
vt 0.618164 0.063232
vt 0.612793 0.066650
vt 0.600342 0.064209
vt 0.593262 0.058350
vt 0.587891 0.062744
vt 0.577393 0.055176
vt 0.585693 0.049561
vt 0.605957 0.056885
vt 0.619873 0.056641
vt 0.608154 0.045410
vt 0.587891 0.041260
vt 0.610596 0.050293
vt 0.618164 0.031494
vt 0.608887 0.027832
vt 0.595215 0.024170
vt 0.583740 0.021484
vt 0.598633 0.006836
vt 0.616211 0.014404
vt 0.625732 0.034668
vt 0.632568 0.020264
vt 0.618652 0.005371
vt 0.638428 0.040527
vt 0.640625 0.017334
vt 0.634521 0.058594
vt 0.646484 0.026367
vt 0.646729 0.062744
vt 0.648193 0.046387
vt 0.650879 0.029541
vt 0.656982 0.051758
vt 0.653809 0.071777
vt 0.667725 0.085449
vt 0.666260 0.058594
vt 0.676514 0.068604
vt 0.687256 0.052002
vt 0.672363 0.042725
vt 0.662109 0.036865
vt 0.677246 0.039307
vt 0.691650 0.046387
vt 0.666260 0.031738
vt 0.681152 0.035645
vt 0.698242 0.041992
vt 0.687256 0.030518
vt 0.704590 0.035400
vt 0.673584 0.021973
vt 0.664551 0.024414
vt 0.654785 0.012695
vt 0.648926 0.018311
vt 0.644775 0.004883
vt 0.641357 0.019775
vt 0.640137 0.018555
vt 0.639404 0.020508
vt 0.640869 0.019531
vt 0.640381 0.019531
vt 0.976074 0.234131
vt 0.988525 0.236084
vt 0.990234 0.252197
vt 0.988525 0.233154
vt 0.976318 0.230225
vt 0.985352 0.228516
vt 0.956543 0.226562
vt 0.978027 0.208984
vt 0.987061 0.179443
vt 0.986328 0.148926
vt 0.968018 0.145752
vt 0.989014 0.142578
vt 0.961182 0.147217
vt 0.958252 0.154541
vt 0.952148 0.145996
vt 0.949463 0.151367
vt 0.938232 0.146973
vt 0.951416 0.154053
vt 0.939453 0.156738
vt 0.935547 0.151367
vt 0.948730 0.163818
vt 0.948242 0.181641
vt 0.938477 0.180420
vt 0.935547 0.181396
vt 0.908936 0.217773
vt 0.934570 0.197998
vt 0.939697 0.201416
vt 0.949219 0.198730
vt 0.947021 0.204834
vt 0.938232 0.219727
vt 0.934326 0.221436
vt 0.923828 0.224609
vt 0.915039 0.226318
vt 0.937256 0.224121
vt 0.924805 0.230469
vt 0.916748 0.250000
vt 0.946045 0.225586
vt 0.948242 0.225586
vt 0.947510 0.229736
vt 0.943848 0.233398
vt 0.956543 0.239014
vt 0.943359 0.245605
vt 0.969971 0.253662
vt 0.984619 0.256592
vt 0.925781 0.249023
vt 0.919678 0.252930
vt 0.933594 0.250488
vt 0.951416 0.252197
vt 0.973389 0.259033
vt 0.988037 0.260010
vt 0.928955 0.259521
vt 0.916504 0.260986
vt 0.912109 0.283203
vt 0.937988 0.260742
vt 0.922852 0.281982
vt 0.919922 0.294434
vt 0.954834 0.263184
vt 0.970215 0.266357
vt 0.983887 0.273682
vt 0.975342 0.277100
vt 0.944092 0.269531
vt 0.936523 0.284180
vt 0.929932 0.297852
vt 0.958740 0.280029
vt 0.975342 0.283447
vt 0.943604 0.292236
vt 0.942627 0.304199
vt 0.956299 0.302979
vt 0.979248 0.295898
vt 0.954590 0.312500
vt 0.973389 0.308838
vt 0.258057 0.044434
vt 0.262695 0.022949
vt 0.270508 0.028564
vt 0.267334 0.045898
vt 0.264404 0.049805
vt 0.272217 0.049805
vt 0.278809 0.034424
vt 0.278076 0.021240
vt 0.285889 0.023682
vt 0.282471 0.039307
vt 0.281250 0.052734
vt 0.280273 0.056885
vt 0.291748 0.027344
vt 0.301270 0.018799
vt 0.294922 0.038330
vt 0.304932 0.029053
vt 0.291992 0.057373
vt 0.286621 0.058594
vt 0.303711 0.037354
vt 0.298340 0.058838
vt 0.297852 0.062500
vt 0.308594 0.041016
vt 0.312012 0.030762
vt 0.320801 0.035400
vt 0.305420 0.063477
vt 0.315674 0.042969
vt 0.306396 0.058838
vt 0.309814 0.062500
vt 0.315186 0.066162
vt 0.322510 0.044678
vt 0.324219 0.068115
vt 0.321777 0.071289
vt 0.329102 0.072754
vt 0.331299 0.068848
vt 0.203857 0.214355
vt 0.212891 0.218262
vt 0.210693 0.222656
vt 0.208252 0.222412
vt 0.201660 0.207764
vt 0.203857 0.206299
vt 0.199219 0.213623
vt 0.193848 0.192871
vt 0.200684 0.197266
vt 0.200684 0.190430
vt 0.194580 0.202881
vt 0.196777 0.182373
vt 0.202148 0.180908
vt 0.191406 0.181885
vt 0.199219 0.171631
vt 0.202881 0.163818
vt 0.208496 0.176025
vt 0.208496 0.163818
vt 0.187988 0.185303
vt 0.205078 0.141846
vt 0.210205 0.141113
vt 0.209961 0.126953
vt 0.180908 0.186279
vt 0.185791 0.176514
vt 0.200439 0.127930
vt 0.210205 0.125488
vt 0.199219 0.145020
vt 0.197998 0.124756
vt 0.193359 0.128174
vt 0.195068 0.164307
vt 0.192627 0.175537
vt 0.202637 0.120850
vt 0.214111 0.121338
vt 0.208496 0.117920
vt 0.203369 0.117432
vt 0.189941 0.163330
vt 0.197998 0.117432
vt 0.207275 0.108643
vt 0.191895 0.120850
vt 0.191162 0.115723
vt 0.195312 0.114990
vt 0.186279 0.124756
vt 0.180420 0.123047
vt 0.185791 0.117432
vt 0.180176 0.119141
vt 0.173584 0.117676
vt 0.163086 0.122070
vt 0.164062 0.118408
vt 0.157471 0.119385
vt 0.153076 0.123047
vt 0.148926 0.120361
vt 0.153809 0.126953
vt 0.167725 0.125488
vt 0.173096 0.129395
vt 0.140137 0.124756
vt 0.143311 0.113525
vt 0.140137 0.120850
vt 0.135498 0.121582
vt 0.129150 0.125244
vt 0.160156 0.128662
vt 0.133301 0.129639
vt 0.145996 0.129150
vt 0.153564 0.129639
vt 0.139648 0.130859
vt 0.159668 0.142090
vt 0.145752 0.144531
vt 0.135986 0.145020
vt 0.154053 0.165527
vt 0.163574 0.143311
vt 0.168945 0.147949
vt 0.160889 0.179199
vt 0.144531 0.168701
vt 0.150635 0.182373
vt 0.143066 0.181885
vt 0.156006 0.182617
vt 0.156982 0.200684
vt 0.139404 0.166504
vt 0.135498 0.183838
vt 0.135010 0.165527
vt 0.160645 0.196777
vt 0.163330 0.209473
vt 0.135010 0.166992
vt 0.135010 0.166260
vt 0.129883 0.167236
vt 0.126953 0.185059
vt 0.164551 0.194580
vt 0.168457 0.209961
vt 0.162354 0.186035
vt 0.169189 0.191406
vt 0.171387 0.177979
vt 0.176025 0.144775
vt 0.186523 0.196777
vt 0.178955 0.168213
vt 0.180420 0.202881
vt 0.187012 0.217773
vt 0.171631 0.217285
vt 0.182129 0.223877
vt 0.192627 0.220459
vt 0.176514 0.227295
vt 0.178467 0.229980
vt 0.173828 0.225342
vt 0.176270 0.239502
vt 0.179932 0.235107
vt 0.174072 0.238281
vt 0.173096 0.231445
vt 0.197998 0.218018
vt 0.196777 0.223145
vt 0.202637 0.220459
vt 0.210205 0.228027
vt 0.205566 0.225830
vt 0.201416 0.223145
vt 0.200195 0.225830
vt 0.205566 0.228027
vt 0.208008 0.231934
vt 0.204102 0.229492
vt 0.202881 0.230713
vt 0.209229 0.240479
vt 0.656982 0.987305
vt 0.659912 0.982666
vt 0.664795 0.987549
vt 0.639160 0.990234
vt 0.660156 0.993408
vt 0.643555 0.983643
vt 0.623047 0.981445
vt 0.649170 0.979736
vt 0.669189 0.971191
vt 0.636230 0.975342
vt 0.646240 0.975830
vt 0.660889 0.967773
vt 0.644043 0.976562
vt 0.652100 0.970215
vt 0.657715 0.958740
vt 0.659180 0.943848
vt 0.647217 0.972168
vt 0.652588 0.966553
vt 0.642090 0.969238
vt 0.656738 0.945801
vt 0.627930 0.974365
vt 0.650879 0.964355
vt 0.653809 0.957031
vt 0.619141 0.968018
vt 0.627686 0.970947
vt 0.606689 0.975830
vt 0.654053 0.952637
vt 0.649414 0.956543
vt 0.614746 0.963867
vt 0.644043 0.964355
vt 0.598633 0.970459
vt 0.634766 0.966797
vt 0.643066 0.958008
vt 0.625244 0.967041
vt 0.630127 0.963135
vt 0.622803 0.962402
vt 0.645264 0.953125
vt 0.635498 0.957764
vt 0.629150 0.959473
vt 0.621826 0.959473
vt 0.634766 0.953125
vt 0.628418 0.955811
vt 0.613281 0.958252
vt 0.621582 0.954834
vt 0.601074 0.950684
vt 0.630371 0.953125
vt 0.629639 0.952881
vt 0.628662 0.953125
vt 0.629883 0.948975
vt 0.614746 0.952881
vt 0.625732 0.942871
vt 0.638428 0.949463
vt 0.635254 0.944824
vt 0.622070 0.940430
vt 0.644531 0.949707
vt 0.635986 0.939209
vt 0.643311 0.945068
vt 0.651123 0.949219
vt 0.648926 0.945312
vt 0.648438 0.941650
vt 0.648438 0.939453
vt 0.656250 0.938965
vt 0.635498 0.933594
vt 0.622559 0.937500
vt 0.642578 0.929932
vt 0.662109 0.930908
vt 0.644775 0.918701
vt 0.632324 0.928711
vt 0.614746 0.933105
vt 0.607910 0.940430
vt 0.628906 0.922363
vt 0.637451 0.915039
vt 0.611084 0.929443
vt 0.629395 0.905762
vt 0.618896 0.910156
vt 0.621094 0.898926
vt 0.615234 0.922852
vt 0.600586 0.933350
vt 0.605713 0.919189
vt 0.593750 0.924072
vt 0.595459 0.935791
vt 0.584717 0.930420
vt 0.596924 0.939697
vt 0.598145 0.916504
vt 0.605225 0.904785
vt 0.591064 0.914307
vt 0.584473 0.935791
vt 0.588623 0.943848
vt 0.588135 0.960205
vt 0.588623 0.974854
vt 0.579102 0.971436
vt 0.572998 0.978760
vt 0.583740 0.953857
vt 0.582764 0.942871
vt 0.580322 0.963379
vt 0.577637 0.953613
vt 0.575439 0.970703
vt 0.576416 0.961182
vt 0.569824 0.978027
vt 0.573730 0.959229
vt 0.571533 0.969727
vt 0.568848 0.963867
vt 0.570312 0.957764
vt 0.567383 0.983643
vt 0.566650 0.988037
vt 0.565674 0.976562
vt 0.566895 0.967773
vt 0.562988 0.987061
vt 0.556396 0.998047
vt 0.566895 0.962891
vt 0.565430 0.970947
vt 0.562500 0.971191
vt 0.556152 0.989746
vt 0.552490 0.998047
vt 0.557129 0.985352
vt 0.563965 0.982178
vt 0.558594 0.980713
vt 0.560791 0.977783
vt 0.562744 0.974121
vt 0.560303 0.977539
vt 0.556885 0.979980
vt 0.555908 0.984131
vt 0.557373 0.978271
vt 0.550537 0.985596
vt 0.552002 0.986572
vt 0.552002 0.982666
vt 0.547363 0.987793
vt 0.557617 0.976562
vt 0.560791 0.969727
vt 0.553467 0.978271
vt 0.545166 0.985107
vt 0.557129 0.970215
vt 0.543457 0.980713
vt 0.563965 0.961182
vt 0.569336 0.949463
vt 0.554932 0.966064
vt 0.545410 0.978760
vt 0.561523 0.958496
vt 0.566650 0.948242
vt 0.558838 0.956055
vt 0.552734 0.959961
vt 0.547363 0.969238
vt 0.549561 0.960693
vt 0.554443 0.953857
vt 0.560791 0.947754
vt 0.552002 0.951660
vt 0.544678 0.955322
vt 0.544434 0.962158
vt 0.544434 0.950684
vt 0.563232 0.944336
vt 0.558350 0.945557
vt 0.553467 0.941895
vt 0.543945 0.945557
vt 0.545166 0.940186
vt 0.552979 0.935547
vt 0.566650 0.938477
vt 0.560547 0.935791
vt 0.553955 0.929443
vt 0.550537 0.926514
vt 0.563232 0.929199
vt 0.569824 0.938721
vt 0.566406 0.926514
vt 0.557373 0.921143
vt 0.551025 0.921631
vt 0.549072 0.919678
vt 0.549561 0.915039
vt 0.544434 0.912109
vt 0.555420 0.912842
vt 0.558838 0.914795
vt 0.563232 0.924316
vt 0.561035 0.914307
vt 0.565430 0.918213
vt 0.568848 0.925293
vt 0.561523 0.910889
vt 0.571045 0.915283
vt 0.571777 0.936523
vt 0.576416 0.924316
vt 0.573975 0.930908
vt 0.573242 0.913574
vt 0.565674 0.906982
vt 0.580322 0.932373
vt 0.580811 0.925781
vt 0.576660 0.945312
vt 0.571533 0.947510
vt 0.585449 0.923340
vt 0.582764 0.917236
vt 0.577637 0.913818
vt 0.571045 0.905518
vt 0.581543 0.907471
vt 0.592773 0.901855
vt 0.577393 0.901367
vt 0.573975 0.893799
vt 0.584717 0.892334
vt 0.589355 0.895996
vt 0.590332 0.884521
vt 0.585449 0.879883
vt 0.601807 0.880859
vt 0.594482 0.872559
vt 0.602783 0.891602
vt 0.617188 0.887695
vt 0.611328 0.893555
vt 0.609131 0.902100
vt 0.060059 0.553223
vt 0.075928 0.550537
vt 0.065186 0.565186
vt 0.055664 0.553955
vt 0.070557 0.536133
vt 0.083252 0.561523
vt 0.055420 0.537598
vt 0.086914 0.537598
vt 0.045166 0.529053
vt 0.038574 0.531982
vt 0.052002 0.557129
vt 0.050293 0.524414
vt 0.042480 0.513916
vt 0.065918 0.522217
vt 0.060791 0.575684
vt 0.050293 0.571533
vt 0.055176 0.581055
vt 0.088623 0.519287
vt 0.060303 0.512207
vt 0.042725 0.498291
vt 0.079346 0.509033
vt 0.063232 0.504150
vt 0.061279 0.483154
vt 0.080811 0.487549
vt 0.091309 0.501709
vt 0.095703 0.512695
vt 0.096924 0.538574
vt 0.102783 0.506836
vt 0.101318 0.514893
vt 0.100830 0.529541
vt 0.114990 0.522949
vt 0.093262 0.549072
vt 0.105713 0.558838
vt 0.100586 0.562988
vt 0.106934 0.538330
vt 0.109619 0.529541
vt 0.110596 0.570801
vt 0.115479 0.528320
vt 0.118896 0.526611
vt 0.126221 0.536865
vt 0.119873 0.541504
vt 0.135498 0.553711
vt 0.128174 0.557617
vt 0.119141 0.548340
vt 0.125000 0.562500
vt 0.132080 0.564453
vt 0.129395 0.569824
vt 0.116699 0.567383
vt 0.113770 0.557373
vt 0.089600 0.572021
vt 0.096924 0.583984
vt 0.069336 0.575439
vt 0.075439 0.586914
vt 0.086670 0.601074
vt 0.079346 0.603760
vt 0.070801 0.590332
vt 0.075439 0.611816
vt 0.068115 0.596191
vt 0.057373 0.593018
vt 0.717773 0.261719
vt 0.722412 0.254395
vt 0.720459 0.264893
vt 0.725830 0.253906
vt 0.718750 0.254395
vt 0.714600 0.257812
vt 0.713867 0.264404
vt 0.718506 0.248535
vt 0.705566 0.263672
vt 0.704346 0.270508
vt 0.713623 0.247803
vt 0.702393 0.270020
vt 0.721924 0.242676
vt 0.705322 0.253418
vt 0.697266 0.264404
vt 0.724121 0.247314
vt 0.729004 0.249023
vt 0.730225 0.259766
vt 0.734131 0.261230
vt 0.736328 0.256836
vt 0.735840 0.248047
vt 0.730957 0.236572
vt 0.724854 0.236572
vt 0.739258 0.235107
vt 0.732666 0.223877
vt 0.729736 0.232178
vt 0.730957 0.219971
vt 0.743164 0.216553
vt 0.722656 0.220947
vt 0.728516 0.212158
vt 0.742676 0.208984
vt 0.727539 0.206299
vt 0.740967 0.202881
vt 0.720215 0.228027
vt 0.731201 0.197510
vt 0.745361 0.197510
vt 0.727539 0.187744
vt 0.754395 0.190918
vt 0.723633 0.199707
vt 0.728516 0.179443
vt 0.716064 0.206299
vt 0.715576 0.189941
vt 0.712891 0.197266
vt 0.714600 0.211914
vt 0.709229 0.199951
vt 0.702148 0.187744
vt 0.713623 0.180420
vt 0.751221 0.175049
vt 0.751221 0.169189
vt 0.733643 0.171143
vt 0.752686 0.162598
vt 0.740234 0.162354
vt 0.720703 0.173828
vt 0.730225 0.167969
vt 0.700928 0.181152
vt 0.710449 0.168457
vt 0.694336 0.178223
vt 0.753418 0.152100
vt 0.744141 0.151611
vt 0.732178 0.157471
vt 0.713867 0.159668
vt 0.737549 0.139160
vt 0.745850 0.137939
vt 0.740479 0.133545
vt 0.730225 0.125732
vt 0.714111 0.151123
vt 0.701416 0.162109
vt 0.713135 0.140381
vt 0.711670 0.130127
vt 0.716309 0.116211
vt 0.705811 0.120117
vt 0.698486 0.144775
vt 0.700195 0.127930
vt 0.698242 0.113281
vt 0.694092 0.154785
vt 0.693115 0.140625
vt 0.692139 0.121826
vt 0.686279 0.105469
vt 0.696533 0.159668
vt 0.684082 0.120605
vt 0.677734 0.104736
vt 0.683594 0.133545
vt 0.684570 0.153320
vt 0.687500 0.166504
vt 0.677002 0.147705
vt 0.672852 0.133301
vt 0.676514 0.159424
vt 0.670410 0.153809
vt 0.675049 0.115234
vt 0.667236 0.118896
vt 0.670898 0.109863
vt 0.669922 0.097168
vt 0.664062 0.099365
vt 0.675537 0.162354
vt 0.681641 0.166016
vt 0.686768 0.173828
vt 0.682617 0.163574
vt 0.683350 0.161865
vt 0.682861 0.163818
vt 0.683350 0.164062
vt 0.688721 0.173340
vt 0.693359 0.184326
vt 0.692383 0.172852
vt 0.701660 0.191650
vt 0.696045 0.189697
vt 0.699951 0.193359
vt 0.704346 0.198486
vt 0.708740 0.205322
vt 0.704834 0.202393
vt 0.694336 0.204346
vt 0.688232 0.199219
vt 0.710938 0.211182
vt 0.699219 0.211182
vt 0.691162 0.206055
vt 0.685059 0.199219
vt 0.713379 0.217285
vt 0.703613 0.221680
vt 0.715332 0.224121
vt 0.684082 0.213867
vt 0.679932 0.218262
vt 0.682617 0.221191
vt 0.689209 0.217773
vt 0.681885 0.225830
vt 0.717285 0.235107
vt 0.697998 0.219482
vt 0.687988 0.227295
vt 0.680176 0.236816
vt 0.687256 0.237305
vt 0.692383 0.230713
vt 0.694336 0.240234
vt 0.705566 0.230225
vt 0.687744 0.244141
vt 0.712891 0.234619
vt 0.704590 0.241455
vt 0.701172 0.248047
vt 0.717773 0.242188
vt 0.708252 0.246094
vt 0.710449 0.248779
vt 0.702637 0.257568
vt 0.696533 0.253418
vt 0.689941 0.250000
vt 0.685303 0.249023
vt 0.688721 0.259521
vt 0.683350 0.261719
vt 0.695312 0.260010
vt 0.679932 0.273193
vt 0.689941 0.263916
vt 0.689453 0.271973
vt 0.685791 0.281006
vt 0.668945 0.286865
vt 0.697510 0.271484
vt 0.703613 0.275635
vt 0.696045 0.276611
vt 0.667969 0.295654
vt 0.688477 0.283447
vt 0.692383 0.285400
vt 0.697021 0.290283
vt 0.685303 0.290039
vt 0.691895 0.292725
vt 0.682861 0.297607
vt 0.666504 0.301025
vt 0.692871 0.299561
vt 0.671875 0.307617
vt 0.685059 0.306396
vt 0.691162 0.308838
vt 0.678223 0.315186
vt 0.663818 0.323242
vt 0.959473 0.089111
vt 0.966797 0.075684
vt 0.969238 0.082275
vt 0.946533 0.083740
vt 0.941162 0.100098
vt 0.910156 0.066650
vt 0.888428 0.072754
vt 0.921143 0.103516
vt 0.877197 0.084473
vt 0.939209 0.117920
vt 0.952881 0.117676
vt 0.911865 0.111328
vt 0.869873 0.096680
vt 0.917969 0.125732
vt 0.938477 0.131836
vt 0.928955 0.140625
vt 0.907959 0.134521
vt 0.863281 0.103271
vt 0.921875 0.142822
vt 0.911621 0.145996
vt 0.897949 0.177490
vt 0.927002 0.155518
vt 0.057129 0.655518
vt 0.058594 0.649658
vt 0.060547 0.654297
vt 0.061523 0.665771
vt 0.055664 0.659912
vt 0.064941 0.663086
vt 0.062500 0.652344
vt 0.058350 0.673096
vt 0.041748 0.662842
vt 0.050293 0.677246
vt 0.063721 0.675781
vt 0.060791 0.686279
vt 0.068359 0.661865
vt 0.048096 0.683350
vt 0.038818 0.678223
vt 0.042969 0.689453
vt 0.054932 0.690674
vt 0.062988 0.697754
vt 0.051270 0.700195
vt 0.045898 0.698730
vt 0.037354 0.702148
vt 0.031738 0.697266
vt 0.039307 0.710693
vt 0.048340 0.707764
vt 0.050537 0.714600
vt 0.040527 0.719238
vt 0.060059 0.704102
vt 0.052002 0.721191
vt 0.061279 0.711670
vt 0.053711 0.727295
vt 0.043945 0.731445
vt 0.064209 0.722412
vt 0.068848 0.708740
vt 0.070068 0.715088
vt 0.070557 0.706299
vt 0.074463 0.718750
vt 0.072998 0.724609
vt 0.055908 0.730469
vt 0.051514 0.733154
vt 0.069824 0.731934
vt 0.080811 0.738770
vt 0.076172 0.741699
vt 0.081787 0.734375
vt 0.063721 0.742920
vt 0.068848 0.751709
vt 0.061768 0.744629
vt 0.058105 0.744141
vt 0.059326 0.758057
vt 0.083008 0.730225
vt 0.085693 0.737793
vt 0.078613 0.721924
vt 0.087402 0.729248
vt 0.091309 0.738037
vt 0.085205 0.721680
vt 0.074951 0.711426
vt 0.080566 0.710205
vt 0.083984 0.713379
vt 0.087646 0.705811
vt 0.073242 0.702881
vt 0.084229 0.702637
vt 0.087402 0.698730
vt 0.100586 0.701660
vt 0.097168 0.698730
vt 0.078857 0.694092
vt 0.083984 0.688965
vt 0.085693 0.683105
vt 0.079834 0.680176
vt 0.080811 0.664307
vt 0.071533 0.696533
vt 0.073730 0.683105
vt 0.077637 0.667725
vt 0.068115 0.693604
vt 0.068359 0.684570
vt 0.068848 0.674561
vt 0.069092 0.669189
vt 0.074951 0.665039
vt 0.078613 0.657715
vt 0.075684 0.656494
vt 0.068848 0.655518
vt 0.083740 0.648682
vt 0.072754 0.648682
vt 0.081299 0.648438
vt 0.083008 0.638428
vt 0.079346 0.646729
vt 0.082764 0.635010
vt 0.073486 0.641846
vt 0.421631 0.781006
vt 0.443359 0.774170
vt 0.439209 0.781494
vt 0.444336 0.791016
vt 0.420166 0.790771
vt 0.417236 0.798584
vt 0.492188 0.778320
vt 0.497070 0.768799
vt 0.519043 0.775146
vt 0.449951 0.804199
vt 0.423584 0.811279
vt 0.485840 0.791016
vt 0.515381 0.785400
vt 0.528564 0.781494
vt 0.528320 0.769287
vt 0.532715 0.771240
vt 0.533203 0.788330
vt 0.525879 0.794434
vt 0.512939 0.796631
vt 0.490967 0.803711
vt 0.517578 0.804688
vt 0.450684 0.816650
vt 0.425049 0.827637
vt 0.503662 0.815918
vt 0.448730 0.827881
vt 0.425781 0.843018
vt 0.506592 0.831299
vt 0.452393 0.840088
vt 0.427002 0.855225
vt 0.520264 0.811035
vt 0.521973 0.821045
vt 0.528809 0.806152
vt 0.530762 0.824951
vt 0.523438 0.833496
vt 0.534424 0.802490
vt 0.537598 0.789062
vt 0.541748 0.776123
vt 0.539795 0.802979
vt 0.540771 0.787354
vt 0.535400 0.815918
vt 0.544922 0.801270
vt 0.545898 0.811768
vt 0.556396 0.801270
vt 0.540039 0.821045
vt 0.538818 0.829346
vt 0.535156 0.839600
vt 0.546387 0.838867
vt 0.544434 0.848389
vt 0.525635 0.848389
vt 0.547607 0.830566
vt 0.550049 0.819824
vt 0.562500 0.819824
vt 0.553955 0.828125
vt 0.565918 0.833252
vt 0.553223 0.837646
vt 0.568359 0.842529
vt 0.549316 0.847900
vt 0.553955 0.845947
vt 0.569824 0.854248
vt 0.555420 0.856201
vt 0.573242 0.862305
vt 0.549316 0.854492
vt 0.542725 0.861328
vt 0.531250 0.861084
vt 0.558594 0.865723
vt 0.555420 0.867676
vt 0.575684 0.869385
vt 0.579590 0.876953
vt 0.564941 0.876953
vt 0.495850 0.865479
vt 0.492920 0.875244
vt 0.458496 0.872803
vt 0.435791 0.875000
vt 0.457031 0.862793
vt 0.432861 0.866943
vt 0.488281 0.856445
vt 0.454590 0.852783
vt 0.480469 0.843262
vt 0.510010 0.843018
vt 0.663086 0.713623
vt 0.678955 0.704102
vt 0.692139 0.709717
vt 0.666504 0.703369
vt 0.667725 0.725342
vt 0.656982 0.723877
vt 0.692871 0.723877
vt 0.651611 0.734131
vt 0.671387 0.745117
vt 0.705566 0.733887
vt 0.706787 0.719238
vt 0.646973 0.743896
vt 0.642334 0.738770
vt 0.684082 0.766846
vt 0.650146 0.763916
vt 0.635254 0.757080
vt 0.701416 0.760010
vt 0.713623 0.741455
vt 0.640625 0.758545
vt 0.672363 0.782959
vt 0.644775 0.786865
vt 0.685303 0.783203
vt 0.687500 0.787354
vt 0.661621 0.794189
vt 0.675049 0.799561
vt 0.653076 0.805420
vt 0.667236 0.808594
vt 0.635742 0.797607
vt 0.682617 0.799072
vt 0.678955 0.808350
vt 0.683105 0.811035
vt 0.705078 0.817383
vt 0.632812 0.782471
vt 0.705322 0.808594
vt 0.706787 0.818604
vt 0.620605 0.789307
vt 0.710449 0.802002
vt 0.724121 0.788818
vt 0.718018 0.790527
vt 0.712646 0.779785
vt 0.630371 0.774170
vt 0.703857 0.765137
vt 0.719238 0.741943
vt 0.734863 0.745605
vt 0.727539 0.733887
vt 0.620117 0.778076
vt 0.612549 0.791748
vt 0.610596 0.800049
vt 0.596924 0.806885
vt 0.597412 0.811035
vt 0.583984 0.816162
vt 0.583008 0.805664
vt 0.574951 0.816650
vt 0.572266 0.804199
vt 0.563232 0.812988
vt 0.576904 0.790283
vt 0.592041 0.795410
vt 0.588379 0.783447
vt 0.606201 0.790283
vt 0.602295 0.779541
vt 0.594971 0.768311
vt 0.610352 0.781494
vt 0.609863 0.768066
vt 0.598389 0.754639
vt 0.620605 0.765625
vt 0.613037 0.755859
vt 0.608154 0.741211
vt 0.632568 0.743408
vt 0.638184 0.729004
vt 0.632324 0.726318
vt 0.625732 0.739990
vt 0.616943 0.729492
vt 0.598145 0.721436
vt 0.403320 0.069092
vt 0.415039 0.069580
vt 0.408691 0.076172
vt 0.418945 0.057617
vt 0.427246 0.076172
vt 0.412598 0.091797
vt 0.426514 0.083984
vt 0.441406 0.081543
vt 0.442627 0.072998
vt 0.455078 0.083008
vt 0.468018 0.074707
vt 0.447021 0.054932
vt 0.467041 0.049805
vt 0.425781 0.048584
vt 0.444092 0.045654
vt 0.469238 0.033447
vt 0.443604 0.032959
vt 0.436279 0.040283
vt 0.416504 0.042236
vt 0.404297 0.046875
vt 0.423340 0.033936
vt 0.433838 0.029053
vt 0.439209 0.026855
vt 0.416504 0.039062
vt 0.413818 0.041992
vt 0.426514 0.026367
vt 0.423096 0.021973
vt 0.422363 0.026123
vt 0.415527 0.032959
vt 0.418945 0.021484
vt 0.261963 0.490234
vt 0.270752 0.495850
vt 0.256104 0.491699
vt 0.260254 0.488037
vt 0.249756 0.488525
vt 0.251221 0.493164
vt 0.239746 0.490479
vt 0.254883 0.487549
vt 0.256836 0.486572
vt 0.265137 0.488525
vt 0.248047 0.485352
vt 0.242676 0.483154
vt 0.245850 0.487061
vt 0.240967 0.484619
vt 0.230469 0.480957
vt 0.238037 0.486084
vt 0.233154 0.490723
vt 0.240479 0.497559
vt 0.221436 0.482178
vt 0.226807 0.493164
vt 0.222412 0.479492
vt 0.235840 0.500732
vt 0.226318 0.486084
vt 0.212646 0.489014
vt 0.222656 0.498535
vt 0.228516 0.506836
vt 0.212402 0.495361
vt 0.216309 0.503662
vt 0.218262 0.508789
vt 0.211670 0.509766
vt 0.202881 0.499023
vt 0.198975 0.490967
vt 0.196533 0.499268
vt 0.205322 0.514160
vt 0.222412 0.525146
vt 0.183594 0.487549
vt 0.186768 0.503662
vt 0.212158 0.529297
vt 0.203125 0.519287
vt 0.198730 0.525635
vt 0.208008 0.537354
vt 0.187256 0.514160
vt 0.177979 0.501221
vt 0.181641 0.517822
vt 0.195312 0.534424
vt 0.204102 0.540771
vt 0.194336 0.553223
vt 0.187012 0.547852
vt 0.182617 0.560303
vt 0.173584 0.552246
vt 0.177490 0.526123
vt 0.169678 0.532227
vt 0.163330 0.540771
vt 0.169922 0.512207
vt 0.152100 0.543457
vt 0.145020 0.537598
vt 0.169189 0.500244
vt 0.171387 0.485107
vt 0.126709 0.527588
vt 0.128662 0.508301
vt 0.145264 0.497803
vt 0.157715 0.499268
vt 0.163330 0.491211
vt 0.157227 0.481689
vt 0.133057 0.497559
vt 0.114990 0.504150
vt 0.151123 0.476562
vt 0.162354 0.479736
vt 0.172119 0.480469
vt 0.137207 0.480225
vt 0.155518 0.474609
vt 0.124756 0.481689
vt 0.139893 0.482910
vt 0.137939 0.479736
vt 0.134766 0.477295
vt 0.138428 0.479248
vt 0.145264 0.474121
vt 0.145508 0.469727
vt 0.140625 0.470947
vt 0.135254 0.468262
vt 0.123779 0.474365
vt 0.116455 0.477783
vt 0.130615 0.463623
vt 0.115723 0.469727
vt 0.135742 0.463135
vt 0.127197 0.459229
vt 0.124268 0.452637
vt 0.122803 0.454590
vt 0.130371 0.458252
vt 0.125977 0.450195
vt 0.130859 0.454590
vt 0.137207 0.459229
vt 0.143555 0.463867
vt 0.142822 0.453369
vt 0.133057 0.446289
vt 0.126465 0.442139
vt 0.150146 0.468262
vt 0.149414 0.453857
vt 0.129150 0.441406
vt 0.120850 0.437744
vt 0.136475 0.446045
vt 0.155273 0.460205
vt 0.156738 0.471436
vt 0.164062 0.474854
vt 0.161621 0.461670
vt 0.155029 0.455078
vt 0.167236 0.461182
vt 0.162842 0.456543
vt 0.173096 0.477783
vt 0.159668 0.451172
vt 0.175781 0.464600
vt 0.181396 0.479980
vt 0.188965 0.484619
vt 0.157959 0.433594
vt 0.200439 0.487061
vt 0.211182 0.485840
vt 0.213135 0.482666
vt 0.205566 0.484131
vt 0.197021 0.483887
vt 0.206787 0.474854
vt 0.209473 0.471680
vt 0.196289 0.474365
vt 0.188721 0.481689
vt 0.187256 0.471924
vt 0.197021 0.471680
vt 0.189453 0.469727
vt 0.202148 0.469238
vt 0.206055 0.461670
vt 0.210693 0.456787
vt 0.200439 0.456299
vt 0.196777 0.449707
vt 0.205078 0.450439
vt 0.211182 0.445801
vt 0.209961 0.423828
vt 0.217529 0.433350
vt 0.201904 0.446777
vt 0.203613 0.427979
vt 0.192627 0.444336
vt 0.200684 0.408203
vt 0.193359 0.410400
vt 0.182861 0.446289
vt 0.190430 0.449707
vt 0.185059 0.410645
vt 0.182617 0.461182
vt 0.173828 0.459229
vt 0.177490 0.441650
vt 0.173340 0.432617
vt 0.180664 0.394043
vt 0.169922 0.408691
vt 0.173828 0.447754
vt 0.168945 0.454346
vt 0.171875 0.448486
vt 0.171143 0.445068
vt 0.164062 0.444336
vt 0.165527 0.431396
vt 0.161621 0.421387
vt 0.166016 0.399902
vt 0.160156 0.395996
vt 0.153564 0.427979
vt 0.156738 0.416016
vt 0.151367 0.419922
vt 0.154053 0.394531
vt 0.144043 0.451172
vt 0.144775 0.436279
vt 0.139404 0.436279
vt 0.135010 0.431641
vt 0.143555 0.418945
vt 0.147705 0.404541
vt 0.148193 0.389160
vt 0.137207 0.414307
vt 0.130371 0.429199
vt 0.122314 0.434814
vt 0.124756 0.426270
vt 0.074707 0.399170
vt 0.082520 0.405029
vt 0.071777 0.406006
vt 0.081543 0.414307
vt 0.089844 0.402588
vt 0.096191 0.413818
vt 0.092041 0.421387
vt 0.075439 0.422119
vt 0.074463 0.392822
vt 0.116455 0.427002
vt 0.109375 0.435303
vt 0.109619 0.409912
vt 0.119629 0.424072
vt 0.105225 0.399170
vt 0.127930 0.399170
vt 0.091309 0.392334
vt 0.107910 0.391357
vt 0.128662 0.388916
vt 0.079834 0.384766
vt 0.108643 0.382812
vt 0.127686 0.379639
vt 0.096436 0.382324
vt 0.086670 0.374756
vt 0.076172 0.379883
vt 0.065430 0.383789
vt 0.068359 0.377686
vt 0.079834 0.369385
vt 0.084229 0.360352
vt 0.096191 0.373535
vt 0.093506 0.363525
vt 0.089111 0.352539
vt 0.100098 0.355225
vt 0.101074 0.372070
vt 0.104248 0.366699
vt 0.110596 0.362793
vt 0.110840 0.375732
vt 0.134521 0.372070
vt 0.114014 0.369873
vt 0.119873 0.364990
vt 0.133789 0.367432
vt 0.752686 0.482910
vt 0.760742 0.487793
vt 0.756348 0.489258
vt 0.763428 0.482422
vt 0.753906 0.490234
vt 0.761230 0.467773
vt 0.747314 0.492432
vt 0.738525 0.484375
vt 0.744141 0.494141
vt 0.747070 0.478027
vt 0.748291 0.464844
vt 0.753418 0.452393
vt 0.722900 0.472168
vt 0.731201 0.484131
vt 0.723633 0.461914
vt 0.710693 0.473633
vt 0.726318 0.486816
vt 0.743896 0.499756
vt 0.766846 0.448486
vt 0.762695 0.442139
vt 0.750488 0.441406
vt 0.703125 0.464111
vt 0.696777 0.452148
vt 0.725586 0.442383
vt 0.759033 0.426025
vt 0.764404 0.426514
vt 0.768066 0.422852
vt 0.747559 0.416748
vt 0.744629 0.420654
vt 0.738525 0.436279
vt 0.707275 0.427979
vt 0.718994 0.414307
vt 0.719727 0.410645
vt 0.694336 0.410645
vt 0.688232 0.433594
vt 0.773926 0.409424
vt 0.675781 0.451904
vt 0.688477 0.457764
vt 0.680176 0.460205
vt 0.754150 0.409424
vt 0.753906 0.407715
vt 0.754883 0.406494
vt 0.751465 0.398438
vt 0.774658 0.403320
vt 0.737549 0.396973
vt 0.752441 0.393555
vt 0.774414 0.367920
vt 0.744873 0.386230
vt 0.753662 0.365723
vt 0.767334 0.310791
vt 0.751465 0.312500
vt 0.773193 0.306152
vt 0.744141 0.307861
vt 0.743164 0.313232
vt 0.748047 0.357666
vt 0.740723 0.312500
vt 0.726562 0.311279
vt 0.739502 0.350830
vt 0.732178 0.315430
vt 0.730469 0.327637
vt 0.735840 0.382080
vt 0.732666 0.343506
vt 0.731689 0.385254
vt 0.718506 0.388428
vt 0.706055 0.407715
vt 0.704346 0.379883
vt 0.688965 0.402100
vt 0.694336 0.375732
vt 0.677734 0.398682
vt 0.685059 0.370117
vt 0.669678 0.355225
vt 0.675049 0.363281
vt 0.671631 0.388428
vt 0.663818 0.383057
vt 0.668457 0.356689
vt 0.663330 0.349609
vt 0.659668 0.340332
vt 0.659424 0.328369
vt 0.654541 0.358643
vt 0.645020 0.363770
vt 0.656250 0.374512
vt 0.655273 0.377197
vt 0.644043 0.366943
vt 0.644531 0.373047
vt 0.635498 0.363770
vt 0.653076 0.380615
vt 0.641846 0.385254
vt 0.658936 0.385986
vt 0.648438 0.392578
vt 0.639893 0.403809
vt 0.666504 0.393555
vt 0.651855 0.405762
vt 0.644775 0.413818
vt 0.634521 0.422852
vt 0.649414 0.430420
vt 0.655518 0.416260
vt 0.660156 0.400146
vt 0.665771 0.407471
vt 0.678467 0.404053
vt 0.668457 0.415039
vt 0.685303 0.417236
vt 0.674072 0.426270
vt 0.662842 0.429932
vt 0.660645 0.443359
vt 0.667725 0.455078
vt 0.679443 0.467529
vt 0.660645 0.465088
vt 0.687988 0.471680
vt 0.677002 0.474854
vt 0.701660 0.477295
vt 0.688965 0.480957
vt 0.707520 0.482422
vt 0.663818 0.482666
vt 0.652588 0.478271
vt 0.643311 0.493408
vt 0.673828 0.488037
vt 0.657959 0.504883
vt 0.664551 0.511230
vt 0.684082 0.492188
vt 0.676025 0.514160
vt 0.695557 0.495117
vt 0.695557 0.519043
vt 0.691895 0.522949
vt 0.714600 0.495605
vt 0.708984 0.518555
vt 0.715088 0.527588
vt 0.717041 0.503418
vt 0.723389 0.523926
vt 0.730469 0.508789
vt 0.740967 0.515625
vt 0.737793 0.533936
vt 0.732910 0.538086
vt 0.715332 0.533203
vt 0.725098 0.540283
vt 0.696289 0.530273
vt 0.807373 0.043457
vt 0.803711 0.048584
vt 0.798828 0.043457
vt 0.802979 0.039062
vt 0.812988 0.051025
vt 0.808594 0.053223
vt 0.814453 0.041016
vt 0.814209 0.029053
vt 0.812500 0.058838
vt 0.821533 0.057373
vt 0.817383 0.062500
vt 0.842529 0.030029
vt 0.829102 0.018555
vt 0.846436 0.016846
vt 0.853516 0.034424
vt 0.851562 0.045410
vt 0.841797 0.057617
vt 0.853027 0.056641
vt 0.830566 0.073975
vt 0.842041 0.075195
vt 0.823486 0.073486
vt 0.813721 0.068115
vt 0.817383 0.074219
vt 0.823975 0.094727
vt 0.834229 0.078857
vt 0.838623 0.079590
vt 0.843018 0.086182
vt 0.830811 0.091553
vt 0.836182 0.091797
vt 0.827393 0.093018
vt 0.827393 0.104736
vt 0.826172 0.119141
vt 0.831787 0.107666
vt 0.830811 0.116211
vt 0.835449 0.121582
vt 0.835205 0.117188
vt 0.836182 0.111572
vt 0.841064 0.120117
vt 0.839600 0.126221
vt 0.844482 0.122803
vt 0.845459 0.117188
vt 0.840576 0.115723
vt 0.843506 0.110596
vt 0.847412 0.112061
vt 0.840088 0.108398
vt 0.844971 0.095947
vt 0.848145 0.094238
vt 0.841309 0.095459
vt 0.846436 0.089111
vt 0.851562 0.089111
vt 0.846436 0.086670
vt 0.854980 0.088867
vt 0.837646 0.105957
vt 0.838135 0.107178
vt 0.837891 0.107178
vt 0.837891 0.107910
vt 0.837891 0.107178
vt 0.070801 0.831299
vt 0.074707 0.831299
vt 0.073242 0.834229
vt 0.064453 0.815674
vt 0.076904 0.834717
vt 0.077637 0.829590
vt 0.074219 0.820801
vt 0.073975 0.839355
vt 0.068115 0.810547
vt 0.070557 0.836914
vt 0.069092 0.839111
vt 0.065918 0.835205
vt 0.068359 0.833496
vt 0.058838 0.798096
vt 0.062500 0.798096
vt 0.068848 0.803467
vt 0.061523 0.787598
vt 0.053955 0.802490
vt 0.062500 0.821289
vt 0.049316 0.807129
vt 0.062256 0.827637
vt 0.062012 0.833252
vt 0.055176 0.820801
vt 0.052734 0.824707
vt 0.044434 0.808594
vt 0.047119 0.818359
vt 0.040283 0.809082
vt 0.035645 0.815918
vt 0.974365 0.936768
vt 0.975098 0.923340
vt 0.986816 0.928711
vt 0.986572 0.941162
vt 0.995117 0.936768
vt 0.990723 0.946045
vt 0.999268 0.942383
vt 0.995361 0.951172
vt 0.991455 0.951172
vt 1.000000 0.957520
vt 0.994873 0.957031
vt 0.985352 0.948975
vt 0.979004 0.952637
vt 0.978027 0.944580
vt 0.963623 0.935791
vt 0.958252 0.941406
vt 0.964844 0.926270
vt 0.955811 0.929443
vt 0.963379 0.919434
vt 0.969727 0.908691
vt 0.977295 0.910645
vt 0.969971 0.904541
vt 0.958496 0.905273
vt 0.954346 0.915771
vt 0.945068 0.934570
vt 0.956543 0.899658
vt 0.967041 0.899658
vt 0.947754 0.914551
vt 0.948486 0.922852
vt 0.947754 0.928223
vt 0.938232 0.926270
vt 0.942383 0.912842
vt 0.949463 0.902344
vt 0.931641 0.911133
vt 0.937500 0.899658
vt 0.935791 0.894531
vt 0.930664 0.896973
vt 0.929199 0.922607
vt 0.927979 0.928711
vt 0.920166 0.917480
vt 0.921875 0.908203
vt 0.918945 0.921387
vt 0.914062 0.906494
vt 0.913330 0.917480
vt 0.912109 0.923340
vt 0.909424 0.918213
vt 0.908691 0.905518
vt 0.909424 0.893066
vt 0.916992 0.894043
vt 0.913330 0.887207
vt 0.923340 0.890137
vt 0.921143 0.885254
vt 0.931396 0.889404
vt 0.914062 0.884277
vt 0.920898 0.850830
vt 0.907715 0.868652
vt 0.924561 0.860352
vt 0.931885 0.862305
vt 0.940918 0.863281
vt 0.947510 0.867432
vt 0.939697 0.891602
vt 0.946777 0.894287
vt 0.957275 0.871094
vt 0.958008 0.897217
vt 0.964600 0.870117
vt 0.970215 0.875488
vt 0.901855 0.531982
vt 0.899902 0.520996
vt 0.911133 0.529053
vt 0.911621 0.517334
vt 0.904053 0.543701
vt 0.917725 0.529785
vt 0.914795 0.537842
vt 0.916748 0.548828
vt 0.905029 0.551758
vt 0.908691 0.558105
vt 0.897461 0.558838
vt 0.903320 0.567871
vt 0.899170 0.570801
vt 0.913330 0.565674
vt 0.906982 0.579102
vt 0.902832 0.582520
vt 0.924561 0.559082
vt 0.893311 0.572754
vt 0.886963 0.576172
vt 0.884766 0.575684
vt 0.908936 0.584717
vt 0.891846 0.575928
vt 0.897217 0.583252
vt 0.910156 0.595459
vt 0.914551 0.588135
vt 0.920166 0.577881
vt 0.918701 0.596924
vt 0.928955 0.570557
vt 0.926270 0.589355
vt 0.933838 0.580811
vt 0.938477 0.578369
vt 0.941895 0.590088
vt 0.931641 0.598877
vt 0.925049 0.606445
vt 0.936035 0.608887
vt 0.918701 0.605713
vt 0.925049 0.617188
vt 0.906006 0.598145
vt 0.917480 0.614258
vt 0.938721 0.617676
vt 0.928467 0.623291
vt 0.923584 0.628662
vt 0.914795 0.621826
vt 0.946045 0.601074
vt 0.950684 0.606689
vt 0.947510 0.589600
vt 0.951904 0.601074
vt 0.954834 0.606201
vt 0.956299 0.604248
vt 0.954590 0.596191
vt 0.970459 0.601318
vt 0.967285 0.590332
vt 0.981689 0.587891
vt 0.977539 0.583496
vt 0.952148 0.587646
vt 0.969971 0.576660
vt 0.946533 0.581787
vt 0.960693 0.574219
vt 0.987061 0.570801
vt 0.976562 0.566162
vt 0.953857 0.568848
vt 0.981201 0.554443
vt 0.969971 0.549072
vt 0.940674 0.572266
vt 0.949219 0.565430
vt 0.939941 0.556396
vt 0.969482 0.537354
vt 0.934326 0.562012
vt 0.933350 0.570068
vt 0.943604 0.542969
vt 0.956787 0.530518
vt 0.934814 0.544678
vt 0.926514 0.548828
vt 0.928955 0.559326
vt 0.934570 0.534912
vt 0.947754 0.522949
vt 0.943604 0.515137
vt 0.954102 0.502686
vt 0.920166 0.544922
vt 0.921631 0.539307
vt 0.928955 0.525879
vt 0.941650 0.506348
vt 0.927002 0.512695
vt 0.939697 0.496338
vt 0.915283 0.517334
vt 0.923096 0.506592
vt 0.933594 0.491943
vt 0.912109 0.507812
vt 0.914307 0.509277
vt 0.931396 0.489502
vt 0.913086 0.503906
vt 0.928955 0.486328
vt 0.021240 0.381592
vt 0.017578 0.381348
vt 0.018555 0.370850
vt 0.010742 0.374756
vt 0.001953 0.372070
vt 0.002930 0.367432
vt 0.009766 0.366943
vt 0.001953 0.362793
vt 0.010498 0.385010
vt 0.004150 0.380371
vt 0.018311 0.387695
vt 0.011475 0.395508
vt 0.005371 0.395752
vt 0.018311 0.397949
vt 0.021729 0.395508
vt 0.024414 0.385986
vt 0.024170 0.396484
vt 0.024658 0.372314
vt 0.036377 0.388428
vt 0.064209 0.399658
vt 0.059814 0.388672
vt 0.061035 0.381836
vt 0.036133 0.378906
vt 0.058594 0.375000
vt 0.037354 0.370850
vt 0.054688 0.369873
vt 0.069580 0.367920
vt 0.035645 0.365967
vt 0.053223 0.363525
vt 0.075195 0.360352
vt 0.051025 0.356445
vt 0.081543 0.350830
vt 0.037598 0.359619
vt 0.074219 0.343750
vt 0.024414 0.360107
vt 0.033936 0.352539
vt 0.048096 0.346924
vt 0.063477 0.339355
vt 0.079590 0.339600
vt 0.078125 0.333008
vt 0.033447 0.345215
vt 0.059326 0.333984
vt 0.069336 0.327148
vt 0.040527 0.332764
vt 0.074219 0.316650
vt 0.024414 0.351318
vt 0.031006 0.339355
vt 0.022461 0.332764
vt 0.023193 0.343994
vt 0.019043 0.353271
vt 0.017578 0.344971
vt 0.021484 0.359375
vt 0.021484 0.370605
vt 0.017822 0.361572
vt 0.009766 0.360840
vt 0.010010 0.351807
vt 0.000977 0.356689
vt 0.008301 0.344727
vt 0.000244 0.350586
vt 0.000000 0.346436
vt 0.006592 0.400146
vt 0.015381 0.404541
vt 0.006348 0.407959
vt 0.015381 0.415039
vt 0.011475 0.419678
vt 0.006592 0.415283
vt 0.015381 0.424561
vt 0.023193 0.417725
vt 0.022949 0.427979
vt 0.010742 0.427002
vt 0.003662 0.417969
vt 0.006592 0.429688
vt 0.014893 0.431885
vt 0.022217 0.438232
vt 0.009766 0.440430
vt 0.006592 0.440918
vt 0.005859 0.453857
vt 0.014404 0.439697
vt 0.021240 0.447510
vt 0.011719 0.449951
vt 0.018066 0.452148
vt 0.018555 0.455322
vt 0.008057 0.455811
vt 0.004883 0.461670
vt 0.016846 0.461670
vt 0.013916 0.468994
vt 0.003662 0.467529
vt 0.762451 0.233398
vt 0.765381 0.229736
vt 0.750000 0.223389
vt 0.760254 0.224854
vt 0.760742 0.212402
vt 0.768311 0.207520
vt 0.750244 0.203369
vt 0.773438 0.198486
vt 0.771729 0.211670
vt 0.774414 0.200928
vt 0.772705 0.187012
vt 0.754150 0.181396
vt 0.777588 0.186768
vt 0.775391 0.174561
vt 0.758057 0.168701
vt 0.778809 0.186523
vt 0.783936 0.179932
vt 0.776123 0.200684
vt 0.779785 0.189209
vt 0.782471 0.195801
vt 0.787842 0.194824
vt 0.786377 0.180420
vt 0.792480 0.188477
vt 0.804443 0.179932
vt 0.794434 0.174805
vt 0.798584 0.166016
vt 0.791748 0.169434
vt 0.782471 0.163818
vt 0.771240 0.162842
vt 0.791504 0.156006
vt 0.781250 0.152832
vt 0.787598 0.148193
vt 0.796631 0.147217
vt 0.801270 0.149658
vt 0.813232 0.142822
vt 0.797119 0.140625
vt 0.807129 0.157471
vt 0.798096 0.163818
vt 0.805420 0.161621
vt 0.822266 0.152100
vt 0.812744 0.157959
vt 0.809814 0.164307
vt 0.819824 0.159668
vt 0.811523 0.176514
vt 0.819092 0.173096
vt 0.821777 0.179443
vt 0.825928 0.190186
vt 0.828125 0.167480
vt 0.837646 0.176270
vt 0.832764 0.197021
vt 0.833740 0.163086
vt 0.840088 0.189453
vt 0.856689 0.195801
vt 0.857666 0.182373
vt 0.845947 0.179688
vt 0.858887 0.176758
vt 0.851318 0.174805
vt 0.849365 0.166260
vt 0.853516 0.173096
vt 0.847412 0.156494
vt 0.850586 0.157715
vt 0.835449 0.152100
vt 0.853027 0.155273
vt 0.853516 0.160400
vt 0.860840 0.172607
vt 0.861328 0.158203
vt 0.849365 0.154785
vt 0.850098 0.148682
vt 0.847900 0.151123
vt 0.822510 0.154297
vt 0.836914 0.149414
vt 0.858398 0.148193
vt 0.855469 0.137939
vt 0.831543 0.140381
vt 0.820068 0.140869
vt 0.811523 0.133057
vt 0.832275 0.132812
vt 0.835693 0.137695
vt 0.838135 0.131836
vt 0.852783 0.130127
vt 0.831299 0.139648
vt 0.830566 0.139893
vt 0.831055 0.139893
vt 0.830566 0.139404
vt 0.863770 0.144287
vt 0.862549 0.128662
vt 0.860352 0.145264
vt 0.860596 0.145752
vt 0.861084 0.146240
vt 0.866699 0.152832
vt 0.868896 0.144775
vt 0.872559 0.155029
vt 0.867188 0.162842
vt 0.866943 0.173584
vt 0.871826 0.168945
vt 0.872559 0.145264
vt 0.885010 0.126709
vt 0.881836 0.137695
vt 0.879150 0.153320
vt 0.875000 0.169678
vt 0.887939 0.147705
vt 0.890137 0.134766
vt 0.885986 0.158203
vt 0.879639 0.169922
vt 0.885254 0.166748
vt 0.892822 0.170898
vt 0.870361 0.183838
vt 0.867920 0.189453
vt 0.868164 0.182617
vt 0.869385 0.184082
vt 0.869629 0.183594
vt 0.869385 0.183594
vt 0.869385 0.183594
vt 0.086182 0.429932
vt 0.097900 0.435303
vt 0.110840 0.446777
vt 0.100342 0.445068
vt 0.110107 0.451660
vt 0.110840 0.452148
vt 0.110596 0.457520
vt 0.095459 0.451904
vt 0.105713 0.462891
vt 0.081055 0.435791
vt 0.068848 0.430176
vt 0.082764 0.453369
vt 0.106201 0.469727
vt 0.081543 0.445801
vt 0.073486 0.439941
vt 0.067139 0.437012
vt 0.066895 0.445312
vt 0.074951 0.452393
vt 0.074463 0.462891
vt 0.085693 0.462402
vt 0.100830 0.478027
vt 0.223877 0.010010
vt 0.229004 0.012451
vt 0.227051 0.015137
vt 0.238037 0.017822
vt 0.222412 0.013428
vt 0.216797 0.011719
vt 0.237305 0.031738
vt 0.242920 0.031982
vt 0.244629 0.036133
vt 0.238281 0.037842
vt 0.242188 0.041260
vt 0.232666 0.039551
vt 0.232422 0.031494
vt 0.228516 0.032959
vt 0.226562 0.038818
vt 0.221680 0.018066
vt 0.223633 0.034668
vt 0.220703 0.022217
vt 0.219971 0.016846
vt 0.216797 0.016113
vt 0.213379 0.015869
vt 0.216309 0.020020
vt 0.212646 0.021240
vt 0.216797 0.025879
vt 0.219482 0.039062
vt 0.221191 0.043701
vt 0.216309 0.044678
vt 0.222656 0.046143
vt 0.222656 0.050781
vt 0.212646 0.060791
vt 0.220459 0.069092
vt 0.231445 0.048584
vt 0.244141 0.058838
vt 0.245850 0.054932
vt 0.238281 0.045654
vt 0.252686 0.054199
vt 0.253174 0.059082
vt 0.266113 0.056641
vt 0.235107 0.073242
vt 0.219482 0.086426
vt 0.259277 0.071533
vt 0.229980 0.098633
vt 0.217773 0.091064
vt 0.246094 0.081787
vt 0.259033 0.093262
vt 0.239990 0.104736
vt 0.274658 0.085938
vt 0.269043 0.098145
vt 0.279053 0.101807
vt 0.263672 0.070068
vt 0.268311 0.067871
vt 0.278320 0.076660
vt 0.295166 0.094482
vt 0.290039 0.107178
vt 0.281982 0.071533
vt 0.278809 0.063232
vt 0.288330 0.069336
vt 0.292236 0.078369
vt 0.294922 0.072021
vt 0.289795 0.085938
vt 0.306641 0.074219
vt 0.305908 0.086670
vt 0.312988 0.097412
vt 0.316162 0.086182
vt 0.311279 0.081055
vt 0.312744 0.076660
vt 0.322998 0.077881
vt 0.326904 0.080811
vt 0.328125 0.087402
vt 0.792236 0.584473
vt 0.805664 0.570312
vt 0.822021 0.572510
vt 0.806641 0.588379
vt 0.802490 0.592773
vt 0.775391 0.604248
vt 0.784912 0.585205
vt 0.801025 0.605957
vt 0.767334 0.602539
vt 0.802734 0.626221
vt 0.819092 0.624023
vt 0.768555 0.611816
vt 0.826172 0.635986
vt 0.760254 0.614014
vt 0.748291 0.592285
vt 0.792725 0.635986
vt 0.791992 0.644531
vt 0.783447 0.672363
vt 0.781982 0.652344
vt 0.762207 0.622314
vt 0.767090 0.724121
vt 0.753662 0.628418
vt 0.758545 0.630127
vt 0.757324 0.640137
vt 0.752686 0.641846
vt 0.777100 0.666016
vt 0.753906 0.650635
vt 0.773926 0.676514
vt 0.772461 0.672363
vt 0.745850 0.660400
vt 0.768066 0.678711
vt 0.767334 0.690674
vt 0.766357 0.684326
vt 0.766846 0.705811
vt 0.763672 0.694336
vt 0.751465 0.683838
vt 0.741211 0.673828
vt 0.749023 0.692139
vt 0.735352 0.686523
vt 0.737549 0.674072
vt 0.747070 0.699707
vt 0.761719 0.709229
vt 0.730957 0.699219
vt 0.760254 0.719727
vt 0.757324 0.727783
vt 0.729492 0.709229
vt 0.720947 0.711182
vt 0.730957 0.687988
vt 0.725098 0.701416
vt 0.719238 0.702148
vt 0.716309 0.711182
vt 0.722656 0.693848
vt 0.705078 0.694336
vt 0.705811 0.707764
vt 0.676758 0.695068
vt 0.728271 0.680908
vt 0.706055 0.684570
vt 0.687012 0.680176
vt 0.716309 0.675781
vt 0.733887 0.669434
vt 0.739746 0.657959
vt 0.721436 0.666016
vt 0.744873 0.648926
vt 0.726562 0.659180
vt 0.731934 0.651367
vt 0.748047 0.638184
vt 0.738037 0.639893
vt 0.735840 0.629150
vt 0.727051 0.636963
vt 0.719482 0.647949
vt 0.711182 0.660156
vt 0.742188 0.621826
vt 0.737305 0.608154
vt 0.727539 0.614990
vt 0.735352 0.596680
vt 0.718506 0.588379
vt 0.711426 0.587158
vt 0.714111 0.576416
vt 0.708984 0.596191
vt 0.713379 0.603516
vt 0.703369 0.608887
vt 0.701904 0.618164
vt 0.721436 0.625244
vt 0.713135 0.632324
vt 0.697021 0.631348
vt 0.709961 0.640381
vt 0.699951 0.651611
vt 0.690186 0.646484
vt 0.692139 0.630859
vt 0.703369 0.661621
vt 0.685791 0.643799
vt 0.682129 0.631592
vt 0.682373 0.658691
vt 0.701172 0.674316
vt 0.692871 0.665771
vt 0.679199 0.656250
vt 0.675293 0.672607
vt 0.672119 0.657959
vt 0.672363 0.645508
vt 0.670654 0.668945
vt 0.667236 0.685791
vt 0.655518 0.700439
vt 0.659424 0.689941
vt 0.664062 0.664307
vt 0.662598 0.658203
vt 0.660889 0.677734
vt 0.645996 0.703125
vt 0.648438 0.704346
vt 0.635498 0.711426
vt 0.618896 0.720459
vt 0.625488 0.714355
vt 0.638672 0.704102
vt 0.630859 0.703125
vt 0.647461 0.694824
vt 0.655029 0.675537
vt 0.640381 0.688965
vt 0.621582 0.695312
vt 0.629639 0.678223
vt 0.651123 0.670898
vt 0.653564 0.665527
vt 0.977051 0.956299
vt 0.967773 0.949219
vt 0.984375 0.960449
vt 0.974121 0.975098
vt 0.969238 0.967529
vt 0.952881 0.994629
vt 0.962402 0.996094
vt 0.964600 0.963379
vt 0.946533 0.985596
vt 0.958008 0.957031
vt 0.940186 0.982178
vt 0.947266 0.959961
vt 0.934814 0.981689
vt 0.953369 0.944092
vt 0.938477 0.956299
vt 0.930176 0.978760
vt 0.941895 0.939941
vt 0.932617 0.953857
vt 0.922852 0.978271
vt 0.932617 0.934570
vt 0.925293 0.950439
vt 0.903564 0.983398
vt 0.918945 0.946777
vt 0.901367 0.965332
vt 0.924561 0.931885
vt 0.911377 0.943359
vt 0.893311 0.960938
vt 0.917969 0.929688
vt 0.910889 0.929443
vt 0.905273 0.942383
vt 0.889893 0.958252
vt 0.878418 0.970459
vt 0.809814 0.074951
vt 0.804932 0.086426
vt 0.797852 0.078857
vt 0.792480 0.090332
vt 0.785645 0.082764
vt 0.803467 0.089600
vt 0.782227 0.093262
vt 0.774902 0.083740
vt 0.788818 0.094971
vt 0.790771 0.097168
vt 0.798828 0.093994
vt 0.775391 0.099121
vt 0.772705 0.095215
vt 0.765625 0.084229
vt 0.769043 0.081299
vt 0.762207 0.096191
vt 0.756836 0.085205
vt 0.782715 0.100342
vt 0.795166 0.120605
vt 0.788086 0.121094
vt 0.796387 0.101562
vt 0.798584 0.115479
vt 0.806641 0.115479
vt 0.821045 0.117920
vt 0.773438 0.103271
vt 0.784424 0.126465
vt 0.774414 0.128906
vt 0.766602 0.113281
vt 0.769043 0.134277
vt 0.763428 0.104004
vt 0.756836 0.101807
vt 0.756592 0.105225
vt 0.761230 0.128174
vt 0.771484 0.157959
vt 0.752441 0.123535
vt 0.758057 0.136719
vt 0.758545 0.157227
vt 0.754395 0.142090
vt 0.747070 0.104492
vt 0.739746 0.099854
vt 0.739258 0.102783
vt 0.756592 0.098145
vt 0.745850 0.096436
vt 0.752686 0.093262
vt 0.747070 0.085205
vt 0.728516 0.097656
vt 0.734131 0.101562
vt 0.721436 0.098389
vt 0.737061 0.085693
vt 0.741699 0.080322
vt 0.739258 0.095947
vt 0.730957 0.094727
vt 0.728516 0.085205
vt 0.728027 0.079102
vt 0.718994 0.077393
vt 0.722412 0.091064
vt 0.719238 0.083740
vt 0.711182 0.075439
vt 0.719727 0.094482
vt 0.710938 0.094238
vt 0.714600 0.089844
vt 0.704346 0.088867
vt 0.703613 0.080811
vt 0.711670 0.082031
vt 0.699463 0.073242
vt 0.107666 0.034424
vt 0.111816 0.030518
vt 0.114258 0.038574
vt 0.093994 0.042480
vt 0.094971 0.046631
vt 0.071289 0.045898
vt 0.065186 0.052246
vt 0.071533 0.055664
vt 0.116455 0.042725
vt 0.123291 0.034668
vt 0.098389 0.050049
vt 0.128174 0.041992
vt 0.094971 0.056396
vt 0.070801 0.060547
vt 0.118408 0.048828
vt 0.077148 0.064941
vt 0.128418 0.049316
vt 0.102783 0.063477
vt 0.103516 0.068115
vt 0.078857 0.072021
vt 0.123047 0.060059
vt 0.108643 0.072266
vt 0.085449 0.077148
vt 0.107910 0.079102
vt 0.133789 0.054199
vt 0.134766 0.064941
vt 0.122070 0.074707
vt 0.098877 0.095215
vt 0.112793 0.085938
vt 0.125000 0.082764
vt 0.136719 0.073242
vt 0.135742 0.060059
vt 0.140137 0.070801
vt 0.138672 0.078369
vt 0.122070 0.089600
vt 0.104736 0.109375
vt 0.111572 0.113281
vt 0.139160 0.083984
vt 0.123535 0.096680
vt 0.142334 0.080322
vt 0.139893 0.089600
vt 0.127197 0.101562
vt 0.113770 0.117188
vt 0.130371 0.107178
vt 0.118652 0.121582
vt 0.128906 0.117432
vt 0.142334 0.104248
vt 0.140625 0.096924
vt 0.145264 0.098145
vt 0.145752 0.105713
vt 0.143555 0.090820
vt 0.147461 0.098145
vt 0.154785 0.104736
vt 0.155273 0.109375
vt 0.156738 0.105469
vt 0.155029 0.100098
vt 0.156494 0.095459
vt 0.154785 0.094727
vt 0.154541 0.089111
vt 0.156738 0.080566
vt 0.145508 0.088867
vt 0.145020 0.081543
vt 0.153809 0.084717
vt 0.144531 0.074951
vt 0.153564 0.076904
vt 0.156250 0.070801
vt 0.159912 0.072754
vt 0.152344 0.070312
vt 0.151123 0.066406
vt 0.139404 0.061768
vt 0.154297 0.064453
vt 0.149170 0.061035
vt 0.137451 0.056641
vt 0.146484 0.055420
vt 0.151123 0.056396
vt 0.158203 0.066162
vt 0.154541 0.058350
vt 0.148926 0.051270
vt 0.136475 0.050537
vt 0.142334 0.046875
vt 0.132324 0.042480
vt 0.128906 0.036865
vt 0.137451 0.037354
vt 0.145264 0.044922
vt 0.152588 0.048340
vt 0.147705 0.040527
vt 0.166260 0.040527
vt 0.156494 0.055664
vt 0.164551 0.049805
vt 0.173096 0.046387
vt 0.157715 0.062012
vt 0.165771 0.055420
vt 0.166992 0.061279
vt 0.175537 0.050781
vt 0.181641 0.043457
vt 0.167725 0.069092
vt 0.173340 0.072998
vt 0.184082 0.068359
vt 0.180176 0.062988
vt 0.192871 0.059570
vt 0.187500 0.054443
vt 0.208008 0.050293
vt 0.201660 0.047363
vt 0.190430 0.048828
vt 0.189941 0.044922
vt 0.102295 0.133789
vt 0.095459 0.127441
vt 0.096680 0.127441
vt 0.106201 0.126709
vt 0.098389 0.147461
vt 0.094482 0.144531
vt 0.094238 0.168701
vt 0.111572 0.128174
vt 0.120361 0.125977
vt 0.106689 0.146484
vt 0.100098 0.164551
vt 0.099854 0.177734
vt 0.107910 0.166504
vt 0.104004 0.179443
vt 0.101318 0.185303
vt 0.109375 0.186279
vt 0.116211 0.168945
vt 0.117676 0.186279
vt 0.114502 0.141357
vt 0.120361 0.157959
vt 0.121094 0.127686
vt 0.122314 0.131348
vt 0.126221 0.150635
vt 0.125977 0.129395
vt 0.122559 0.131104
vt 0.122803 0.129150
vt 0.193848 0.147705
vt 0.191895 0.160889
vt 0.192139 0.162109
vt 0.191895 0.162598
vt 0.189941 0.145508
vt 0.185303 0.128418
vt 0.182617 0.144043
vt 0.184082 0.166260
vt 0.372559 0.086914
vt 0.387695 0.086670
vt 0.371582 0.089844
vt 0.388672 0.078125
vt 0.366211 0.085449
vt 0.372070 0.074219
vt 0.390625 0.064941
vt 0.397949 0.061768
vt 0.392334 0.056152
vt 0.383301 0.051514
vt 0.359375 0.064453
vt 0.356689 0.083008
vt 0.373535 0.061523
vt 0.352539 0.069336
vt 0.349609 0.082275
vt 0.342529 0.081787
vt 0.354492 0.056152
vt 0.344971 0.069580
vt 0.335938 0.079834
vt 0.365234 0.056152
vt 0.373535 0.049561
vt 0.343506 0.056885
vt 0.340576 0.057129
vt 0.349121 0.054932
vt 0.345459 0.046631
vt 0.336182 0.047852
vt 0.353027 0.041016
vt 0.355225 0.043701
vt 0.356689 0.050537
vt 0.348877 0.039551
vt 0.345703 0.036865
vt 0.332520 0.044678
vt 0.338135 0.035889
vt 0.351562 0.027588
vt 0.357666 0.029297
vt 0.354736 0.018799
vt 0.358887 0.018555
vt 0.361816 0.031494
vt 0.362061 0.019287
vt 0.361572 0.045410
vt 0.365234 0.038086
vt 0.366455 0.021973
vt 0.369629 0.036377
vt 0.370605 0.042969
vt 0.364746 0.044922
vt 0.376465 0.043213
vt 0.380127 0.044189
vt 0.386719 0.048584
vt 0.384033 0.045410
vt 0.394287 0.035156
vt 0.387939 0.046875
vt 0.395996 0.039062
vt 0.792236 0.018066
vt 0.790527 0.022217
vt 0.779297 0.024658
vt 0.771240 0.034180
vt 0.768555 0.032227
vt 0.768066 0.045410
vt 0.768066 0.027100
vt 0.763916 0.029297
vt 0.778076 0.020264
vt 0.764404 0.023682
vt 0.757324 0.025391
vt 0.755127 0.020508
vt 0.746094 0.020996
vt 0.764404 0.019775
vt 0.781006 0.014160
vt 0.790527 0.014648
vt 0.792725 0.008789
vt 0.796143 0.013916
vt 0.798340 0.010010
vt 0.802490 0.016113
vt 0.797852 0.020264
vt 0.800537 0.022217
vt 0.805420 0.026123
vt 0.802246 0.029541
vt 0.794678 0.024414
vt 0.796387 0.028076
vt 0.793213 0.040039
vt 0.782227 0.032959
vt 0.777344 0.041260
vt 0.771729 0.049072
vt 0.774170 0.053955
vt 0.042236 0.263672
vt 0.039551 0.258789
vt 0.042725 0.260986
vt 0.046143 0.265381
vt 0.038818 0.269287
vt 0.054199 0.256104
vt 0.034424 0.251709
vt 0.041260 0.252441
vt 0.057861 0.251709
vt 0.069092 0.257080
vt 0.059570 0.261719
vt 0.067383 0.260498
vt 0.071777 0.263184
vt 0.064209 0.264893
vt 0.068604 0.266113
vt 0.070801 0.272461
vt 0.050049 0.268311
vt 0.064453 0.268799
vt 0.065918 0.271240
vt 0.065674 0.274414
vt 0.054688 0.273193
vt 0.040771 0.273193
vt 0.055176 0.277588
vt 0.040771 0.277832
vt 0.043213 0.279541
vt 0.034912 0.283691
vt 0.524902 0.940430
vt 0.514404 0.942139
vt 0.519531 0.900879
vt 0.505127 0.896484
vt 0.515381 0.890869
vt 0.504150 0.879150
vt 0.505859 0.944580
vt 0.512207 0.945801
vt 0.494385 0.897461
vt 0.502441 0.948242
vt 0.514404 0.949463
vt 0.496094 0.944336
vt 0.484619 0.895508
vt 0.506592 0.953125
vt 0.515137 0.967285
vt 0.494141 0.952637
vt 0.503662 0.970947
vt 0.512939 0.978027
vt 0.486816 0.947998
vt 0.497070 0.973389
vt 0.481445 0.971680
vt 0.495605 0.977051
vt 0.481689 0.952393
vt 0.502197 0.980469
vt 0.511475 0.982178
vt 0.485596 0.974609
vt 0.491455 0.979004
vt 0.501465 0.983887
vt 0.511230 0.984131
vt 0.512451 0.986084
vt 0.497803 0.988037
vt 0.509277 0.992188
vt 0.494629 0.982666
vt 0.488770 0.987305
vt 0.489258 0.990723
vt 0.485352 0.983398
vt 0.479980 0.989014
vt 0.474854 0.994385
vt 0.472412 0.989746
vt 0.463867 0.986816
vt 0.464600 0.985107
vt 0.467529 0.980225
vt 0.479492 0.980225
vt 0.475342 0.976074
vt 0.465820 0.976807
vt 0.456543 0.978760
vt 0.464844 0.972412
vt 0.471191 0.956299
vt 0.466309 0.950684
vt 0.456055 0.974854
vt 0.452637 0.978760
vt 0.455322 0.969238
vt 0.452148 0.975342
vt 0.452637 0.983154
vt 0.454346 0.986572
vt 0.444824 0.983154
vt 0.444580 0.979004
vt 0.452637 0.967041
vt 0.433594 0.988281
vt 0.439209 0.990723
vt 0.442871 0.975342
vt 0.442871 0.968994
vt 0.451904 0.954346
vt 0.440674 0.979248
vt 0.423096 0.985840
vt 0.438721 0.976318
vt 0.440186 0.971191
vt 0.441650 0.955566
vt 0.439209 0.952637
vt 0.442139 0.947510
vt 0.451660 0.947021
vt 0.454590 0.952148
vt 0.452881 0.943115
vt 0.455566 0.947510
vt 0.467773 0.946045
vt 0.458008 0.929932
vt 0.439697 0.944336
vt 0.445312 0.926514
vt 0.485840 0.945312
vt 0.470947 0.928223
vt 0.467529 0.917725
vt 0.484619 0.917725
vt 0.451904 0.918213
vt 0.477295 0.892822
vt 0.488281 0.880859
vt 0.462891 0.906494
vt 0.468994 0.880859
vt 0.453125 0.904541
vt 0.460205 0.879639
vt 0.440918 0.905029
vt 0.440430 0.884277
vt 0.441162 0.914062
vt 0.433105 0.921387
vt 0.432129 0.936279
vt 0.426758 0.913574
vt 0.414551 0.927490
vt 0.435303 0.948486
vt 0.411865 0.938965
vt 0.391602 0.933105
vt 0.408447 0.913330
vt 0.409912 0.947998
vt 0.423340 0.901855
vt 0.393066 0.902588
vt 0.410645 0.905273
vt 0.432861 0.898438
vt 0.408447 0.892090
vt 0.397217 0.886963
vt 0.426270 0.890625
vt 0.425781 0.877441
vt 0.413086 0.874268
vt 0.414795 0.869873
vt 0.405518 0.878174
vt 0.398438 0.880859
vt 0.401367 0.866699
vt 0.404785 0.859619
vt 0.396973 0.860352
vt 0.570801 0.096680
vt 0.579102 0.096436
vt 0.560547 0.104248
vt 0.584717 0.090332
vt 0.590088 0.090820
vt 0.584717 0.087891
vt 0.596436 0.087402
vt 0.554199 0.103271
vt 0.550781 0.109619
vt 0.574707 0.089111
vt 0.587891 0.083984
vt 0.595947 0.082031
vt 0.591064 0.077393
vt 0.577637 0.085449
vt 0.585449 0.078369
vt 0.573486 0.083496
vt 0.567139 0.079346
vt 0.556885 0.087891
vt 0.550293 0.085693
vt 0.549561 0.090088
vt 0.548096 0.094482
vt 0.553467 0.098145
vt 0.542480 0.101074
vt 0.546875 0.092529
vt 0.542969 0.109619
vt 0.550293 0.115723
vt 0.539795 0.113037
vt 0.520752 0.072266
vt 0.530273 0.097656
vt 0.527344 0.102783
vt 0.516846 0.077881
vt 0.510010 0.069336
vt 0.531738 0.120605
vt 0.507080 0.073486
vt 0.501709 0.070557
vt 0.512939 0.082031
vt 0.503906 0.079346
vt 0.493896 0.077148
vt 0.523926 0.109863
vt 0.502930 0.087891
vt 0.494873 0.085449
vt 0.517334 0.114990
vt 0.521484 0.121826
vt 0.515625 0.120361
vt 0.508301 0.136719
vt 0.520020 0.129395
vt 0.507080 0.142822
vt 0.502197 0.146240
vt 0.501709 0.154785
vt 0.895264 0.583984
vt 0.884277 0.587158
vt 0.873779 0.594971
vt 0.871094 0.588379
vt 0.850586 0.606445
vt 0.853271 0.614746
vt 0.879395 0.600586
vt 0.854736 0.619629
vt 0.900146 0.592285
vt 0.886963 0.604248
vt 0.858643 0.626465
vt 0.870117 0.624512
vt 0.903809 0.601318
vt 0.893799 0.613037
vt 0.873535 0.632324
vt 0.910645 0.611328
vt 0.897217 0.621582
vt 0.902588 0.629639
vt 0.884277 0.639160
vt 0.870117 0.640381
vt 0.052979 0.219482
vt 0.046875 0.212646
vt 0.049561 0.210205
vt 0.044922 0.208008
vt 0.043701 0.212646
vt 0.040283 0.209473
vt 0.046387 0.216553
vt 0.039062 0.217529
vt 0.036377 0.212646
vt 0.032715 0.221191
vt 0.034912 0.233887
vt 0.052490 0.236084
vt 0.056641 0.234131
vt 0.054199 0.241943
vt 0.061768 0.239746
vt 0.049561 0.237793
vt 0.032715 0.238037
vt 0.024658 0.241699
vt 0.037842 0.234863
vt 0.041504 0.232910
vt 0.046631 0.237793
vt 0.041260 0.233154
vt 0.044678 0.227051
vt 0.204102 0.361816
vt 0.202393 0.354004
vt 0.208008 0.361816
vt 0.198486 0.359375
vt 0.202881 0.365234
vt 0.193359 0.356689
vt 0.198975 0.365234
vt 0.208740 0.372314
vt 0.208252 0.373291
vt 0.202637 0.383789
vt 0.207275 0.395752
vt 0.201660 0.393555
vt 0.205811 0.400635
vt 0.197998 0.384521
vt 0.192383 0.378174
vt 0.195557 0.391602
vt 0.199951 0.398193
vt 0.201660 0.403809
vt 0.195801 0.400879
vt 0.189697 0.385986
vt 0.189697 0.392334
vt 0.178711 0.374023
vt 0.182129 0.370605
vt 0.180908 0.368652
vt 0.186523 0.372070
vt 0.188721 0.357178
vt 0.184082 0.358887
vt 0.183105 0.345947
vt 0.182373 0.353027
vt 0.167725 0.369141
vt 0.161377 0.373779
vt 0.162842 0.378906
vt 0.162354 0.367188
vt 0.148193 0.376953
vt 0.167969 0.358398
vt 0.154297 0.370361
vt 0.149414 0.373779
vt 0.141357 0.369873
vt 0.153809 0.364014
vt 0.146973 0.367920
vt 0.166016 0.350586
vt 0.153320 0.359619
vt 0.145996 0.361084
vt 0.142334 0.355469
vt 0.136475 0.356201
vt 0.154541 0.347900
vt 0.168213 0.338623
vt 0.177979 0.337646
vt 0.156006 0.338379
vt 0.146240 0.343750
vt 0.144043 0.338623
vt 0.139404 0.337402
vt 0.145264 0.325684
vt 0.135498 0.333496
vt 0.134766 0.325684
vt 0.151367 0.324951
vt 0.134766 0.315430
vt 0.127686 0.322510
vt 0.122314 0.321289
vt 0.145020 0.307617
vt 0.160645 0.302002
vt 0.159424 0.322998
vt 0.158936 0.290039
vt 0.166748 0.322021
vt 0.168701 0.304688
vt 0.167236 0.292969
vt 0.177002 0.271729
vt 0.183838 0.277832
vt 0.175293 0.305908
vt 0.177979 0.317627
vt 0.183838 0.301025
vt 0.187744 0.312012
vt 0.192871 0.278564
vt 0.190674 0.270996
vt 0.193848 0.256836
vt 0.187256 0.261230
vt 0.177979 0.256348
vt 0.168701 0.264160
vt 0.164795 0.274414
vt 0.162354 0.259277
vt 0.155273 0.276123
vt 0.197266 0.283203
vt 0.202148 0.260498
vt 0.206299 0.264893
vt 0.202393 0.284424
vt 0.207520 0.283936
vt 0.198242 0.298340
vt 0.192627 0.317871
vt 0.190674 0.333008
vt 0.202148 0.330566
vt 0.190674 0.340820
vt 0.114990 0.314697
vt 0.106445 0.323486
vt 0.104492 0.314209
vt 0.103027 0.303955
vt 0.088867 0.324219
vt 0.114014 0.304932
vt 0.083740 0.314453
vt 0.114258 0.291260
vt 0.100098 0.294434
vt 0.080811 0.306396
vt 0.081543 0.296875
vt 0.098145 0.286133
vt 0.086914 0.283447
vt 0.124512 0.291992
vt 0.122803 0.283691
vt 0.121582 0.278320
vt 0.152588 0.265381
vt 0.109131 0.277344
vt 0.119873 0.267334
vt 0.148193 0.255127
vt 0.097656 0.278320
vt 0.105713 0.265625
vt 0.119141 0.255859
vt 0.147705 0.244873
vt 0.154053 0.253418
vt 0.154053 0.242188
vt 0.115234 0.248291
vt 0.148926 0.234619
vt 0.078369 0.275146
vt 0.062500 0.286621
vt 0.094727 0.270508
vt 0.076416 0.264893
vt 0.093506 0.259277
vt 0.077393 0.253418
vt 0.104248 0.251709
vt 0.092773 0.248779
vt 0.103027 0.238770
vt 0.076416 0.241211
vt 0.063477 0.245850
vt 0.091797 0.237305
vt 0.114502 0.234863
vt 0.101807 0.225830
vt 0.076904 0.227783
vt 0.061523 0.229736
vt 0.089844 0.221680
vt 0.088379 0.208740
vt 0.101807 0.216797
vt 0.117432 0.226318
vt 0.107910 0.195312
vt 0.114502 0.213379
vt 0.131592 0.230469
vt 0.141602 0.214111
vt 0.144531 0.202148
vt 0.149658 0.222900
vt 0.154297 0.226807
vt 0.150391 0.202637
vt 0.041748 0.829346
vt 0.041748 0.830322
vt 0.039307 0.829102
vt 0.038574 0.837402
vt 0.051514 0.843750
vt 0.041748 0.823242
vt 0.054688 0.837646
vt 0.047363 0.846191
vt 0.034668 0.840820
vt 0.044189 0.850098
vt 0.027832 0.842285
vt 0.031982 0.849365
vt 0.045898 0.854736
vt 0.051025 0.849121
vt 0.051270 0.852783
vt 0.056641 0.857178
vt 0.054443 0.851318
vt 0.054443 0.848145
vt 0.055664 0.844727
vt 0.057861 0.849854
vt 0.061768 0.848633
vt 0.058105 0.842529
vt 0.061035 0.840088
vt 0.424316 0.190674
vt 0.435059 0.180664
vt 0.410645 0.181396
vt 0.381836 0.170166
vt 0.374268 0.168945
vt 0.417725 0.169189
vt 0.380615 0.156494
vt 0.429199 0.166992
vt 0.416992 0.162354
vt 0.376221 0.152100
vt 0.376709 0.142822
vt 0.383301 0.147217
vt 0.419678 0.151123
vt 0.380859 0.137695
vt 0.374268 0.129883
vt 0.379150 0.129639
vt 0.418701 0.142578
vt 0.419922 0.133545
vt 0.430908 0.142090
vt 0.430420 0.153076
vt 0.440186 0.164062
vt 0.439941 0.151123
vt 0.441406 0.173340
vt 0.444336 0.178955
vt 0.452148 0.167480
vt 0.443359 0.187500
vt 0.471924 0.176025
vt 0.477539 0.170410
vt 0.452393 0.157227
vt 0.466309 0.138916
vt 0.451660 0.149414
vt 0.448242 0.141602
vt 0.462158 0.132080
vt 0.438721 0.138672
vt 0.447998 0.127686
vt 0.464600 0.119873
vt 0.455566 0.119873
vt 0.454102 0.107910
vt 0.465332 0.093994
vt 0.454834 0.091064
vt 0.441895 0.104980
vt 0.438721 0.112549
vt 0.437988 0.104492
vt 0.437744 0.126709
vt 0.430908 0.117920
vt 0.434326 0.090332
vt 0.429443 0.127930
vt 0.418213 0.122559
vt 0.419434 0.111572
vt 0.420410 0.097168
vt 0.380127 0.120605
vt 0.375000 0.116455
vt 0.382568 0.094971
vt 0.380371 0.106201
vt 0.375732 0.094482
vt 0.377197 0.102783
vt 0.098633 0.626465
vt 0.080322 0.626465
vt 0.094727 0.617188
vt 0.861084 0.991943
vt 0.856934 0.996094
vt 0.845947 0.984619
vt 0.847412 0.978760
vt 0.855469 0.981445
vt 0.866699 0.990967
vt 0.847168 0.975098
vt 0.844971 0.978271
vt 0.858398 0.977295
vt 0.862305 0.979248
vt 0.853271 0.964844
vt 0.849609 0.968506
vt 0.842041 0.970459
vt 0.842285 0.975830
vt 0.849121 0.965576
vt 0.827881 0.967529
vt 0.855957 0.957764
vt 0.857666 0.961182
vt 0.861816 0.957275
vt 0.855713 0.954590
vt 0.865967 0.942871
vt 0.859863 0.944092
vt 0.826416 0.964111
vt 0.818848 0.965332
vt 0.833252 0.963135
vt 0.846924 0.960693
vt 0.848633 0.954346
vt 0.843262 0.949951
vt 0.832031 0.955566
vt 0.828125 0.948975
vt 0.832520 0.960205
vt 0.825684 0.958252
vt 0.819824 0.957520
vt 0.047607 0.320557
vt 0.074463 0.311523
vt 0.070068 0.306152
vt 0.031494 0.325684
vt 0.020996 0.323730
vt 0.036133 0.317383
vt 0.056885 0.301514
vt 0.034424 0.312012
vt 0.019043 0.317871
vt 0.050049 0.297607
vt 0.031738 0.308838
vt 0.016357 0.312744
vt 0.044434 0.295166
vt 0.027100 0.302734
vt 0.543945 0.010254
vt 0.535889 0.010742
vt 0.537354 0.004883
vt 0.534180 0.014648
vt 0.548828 0.016602
vt 0.542969 0.031738
vt 0.549561 0.027344
vt 0.553223 0.035645
vt 0.546631 0.045410
vt 0.530029 0.035400
vt 0.526123 0.026123
vt 0.538574 0.046631
vt 0.529297 0.046631
vt 0.544678 0.055420
vt 0.555664 0.058105
vt 0.546875 0.064209
vt 0.557861 0.068848
vt 0.531250 0.057373
vt 0.547607 0.070557
vt 0.523682 0.044434
vt 0.522949 0.064697
vt 0.518799 0.044189
vt 0.513184 0.055420
vt 0.520020 0.026855
vt 0.518555 0.013672
vt 0.512451 0.048096
vt 0.517334 0.024170
vt 0.514160 0.018066
vt 0.517822 0.031250
vt 0.488770 0.070801
vt 0.504150 0.058594
vt 0.505859 0.049316
vt 0.508789 0.043213
vt 0.511475 0.044434
vt 0.037354 0.098389
vt 0.027100 0.091309
vt 0.049561 0.092285
vt 0.052979 0.078369
vt 0.042969 0.067383
vt 0.059082 0.068115
vt 0.058105 0.047119
vt 0.041992 0.046387
vt 0.026367 0.058350
vt 0.031982 0.033691
vt 0.878418 0.647949
vt 0.899658 0.640869
vt 0.901611 0.654053
vt 0.919678 0.056396
vt 0.917480 0.052734
vt 0.928467 0.056641
vt 0.915039 0.056396
vt 0.916504 0.059814
vt 0.904053 0.061768
vt 0.909668 0.040039
vt 0.909912 0.033203
vt 0.906982 0.031250
vt 0.904541 0.058838
vt 0.898193 0.035156
vt 0.901611 0.050049
vt 0.904053 0.029541
vt 0.900146 0.055420
vt 0.900146 0.059814
vt 0.895996 0.030762
vt 0.901367 0.024414
vt 0.895996 0.039062
vt 0.899658 0.021729
vt 0.906006 0.017578
vt 0.890137 0.023193
vt 0.893311 0.034424
vt 0.879395 0.031738
vt 0.881104 0.025879
vt 0.877197 0.022217
vt 0.889160 0.018066
vt 0.868408 0.022461
vt 0.866455 0.018555
vt 0.869141 0.016113
vt 0.860596 0.011963
vt 0.867432 0.024902
vt 0.862305 0.029053
vt 0.865967 0.034180
vt 0.881104 0.035400
vt 0.868164 0.038086
vt 0.885010 0.038330
vt 0.884033 0.041016
vt 0.864014 0.044434
vt 0.869629 0.056885
vt 0.887451 0.054688
vt 0.891113 0.060303
vt 0.881592 0.068848
vt 0.874023 0.066162
vt 0.861084 0.067139
vt 0.861816 0.083496
vt 0.426758 0.981934
vt 0.427246 0.977783
vt 0.417969 0.984131
vt 0.400391 0.990479
vt 0.396729 0.995605
vt 0.414795 0.981201
vt 0.397705 0.987305
vt 0.420166 0.990967
vt 0.396484 1.000000
vt 0.411865 0.997559
vt 0.430176 0.993164
vt 0.417969 0.976562
vt 0.394043 0.982910
vt 0.427490 0.974854
vt 0.415283 0.972900
vt 0.398193 0.977051
vt 0.430420 0.972168
vt 0.413574 0.967529
vt 0.394531 0.965576
vt 0.408203 0.953369
vt 0.424561 0.952637
vt 0.394775 0.956543
vn 0.0315 -0.9994 0.0158
vn 0.0550 -0.9965 0.0628
vn 0.0078 -0.9998 0.0159
vn 0.0550 -0.9982 -0.0232
vn 0.9401 -0.1183 0.3196
vn 0.9725 -0.0454 0.2284
vn 0.9450 -0.0644 0.3207
vn 0.9133 -0.0646 0.4021
vn 0.0542 -0.9896 -0.1333
vn -0.0084 -0.9910 -0.1334
vn -0.0010 -0.9980 -0.0626
vn 0.1013 0.0942 -0.9904
vn 0.0627 0.0314 -0.9975
vn 0.0550 0.1258 -0.9905
vn 0.0862 0.2044 -0.9751
vn 0.0235 0.2276 -0.9735
vn 0.0628 0.3063 -0.9499
vn -0.0386 -0.9992 -0.0080
vn -0.0224 -0.9973 -0.0706
vn 0.0402 -0.9991 -0.0157
vn 0.1370 -0.9885 -0.0643
vn 0.0957 -0.9950 -0.0285
vn 0.1803 -0.9823 -0.0515
vn -0.9263 0.0524 -0.3731
vn -0.9495 0.0599 -0.3079
vn -0.9222 0.0549 -0.3827
vn -0.0472 -0.0471 -0.9978
vn -0.0236 -0.0393 -0.9989
vn 0.0157 -0.0472 -0.9988
vn 0.2600 0.3546 0.8982
vn -0.1967 0.0945 0.9759
vn 0.1412 -0.4553 0.8791
vn 0.0632 -0.9634 0.2606
vn -0.0709 -0.9463 0.3155
vn 0.3218 -0.1963 0.9262
vn 0.3143 -0.5658 0.7623
vn 0.3691 0.3221 0.8718
vn -0.0393 -0.9985 -0.0392
vn -0.0157 -0.9961 -0.0863
vn 0.5590 -0.0630 0.8267
vn 0.2052 -0.9151 0.3471
vn -0.0552 -0.9940 -0.0947
vn -0.0078 -0.9985 0.0550
vn -0.1335 -0.9899 -0.0471
vn -0.1333 -0.9886 -0.0706
vn -0.1260 -0.9920 -0.0079
vn 0.7251 -0.1892 0.6621
vn 0.6837 -0.5502 0.4794
vn 0.7111 0.3081 0.6320
vn -0.1656 -0.9857 -0.0315
vn 0.8205 0.2525 0.5128
vn 0.4869 0.5341 0.6911
vn 0.3079 0.9395 0.1500
vn 0.2045 0.9674 0.1495
vn 0.1494 0.9674 0.2045
vn 0.9144 0.0473 0.4020
vn 0.5441 -0.7806 0.3075
vn -0.1413 -0.9892 0.0393
vn 0.5368 -0.7972 0.2763
vn 0.3698 0.9205 0.1259
vn 0.9031 -0.3299 0.2749
vn 0.5746 0.7555 0.3148
vn 0.9438 0.2596 0.2045
vn 0.4273 0.9019 0.0633
vn 0.7214 0.5960 0.3528
vn 0.5743 0.8180 -0.0315
vn 0.9672 -0.2438 0.0708
vn 0.1885 -0.9740 0.1257
vn -0.0943 -0.9903 0.1022
vn 0.2120 -0.9735 0.0863
vn -0.0864 -0.9893 0.1178
vn 0.3711 -0.8999 0.2290
vn 0.9590 -0.2673 -0.0943
vn 0.9699 0.2208 -0.1025
vn 0.7328 -0.6619 -0.1576
vn 0.9527 0.1811 -0.2441
vn 0.4561 0.8729 -0.1730
vn 0.7551 0.5663 -0.3304
vn -0.0236 -0.9918 0.1259
vn 0.8247 0.5656 -0.0000
vn 0.8358 0.5125 0.1971
vn 0.9239 0.3554 -0.1421
vn 0.8532 0.4266 -0.3002
vn 0.9885 0.1491 -0.0235
vn 0.9754 0.1809 0.1259
vn 0.9760 0.1417 -0.1653
vn 0.9605 0.2755 -0.0394
vn 0.9374 0.2127 0.2757
vn 0.9035 0.1885 0.3850
vn 0.9338 0.3217 0.1569
vn 0.8854 0.3083 0.3478
vn 0.8425 0.2441 0.4803
vn 0.7970 0.1815 0.5761
vn 0.8048 0.3472 0.4813
vn 0.7717 0.3307 0.5433
vn 0.5972 0.3929 0.6993
vn 0.6606 0.5348 0.5269
vn 0.8049 0.4813 0.3472
vn 0.6309 0.3470 0.6939
vn 0.8827 0.4335 0.1813
vn 0.5651 0.5259 0.6357
vn 0.8892 0.4564 0.0315
vn 0.7798 0.5829 0.2284
vn 0.6609 0.6530 0.3698
vn 0.5194 0.6846 0.5115
vn 0.8138 0.5768 0.0711
vn 0.6783 0.7177 0.1577
vn 0.8160 0.5727 -0.0785
vn 0.5344 0.7781 0.3301
vn 0.7266 0.6871 -0.0079
vn 0.8952 0.4319 -0.1099
vn 0.7013 0.6934 -0.1655
vn 0.9448 0.2677 -0.1889
vn 0.8104 0.5429 -0.2203
vn 0.8716 0.4162 -0.2591
vn 0.9325 0.1422 -0.3319
vn 0.9021 0.2589 -0.3451
vn 0.7869 0.3777 -0.4879
vn 0.7692 0.5102 -0.3846
vn 0.6542 0.6305 -0.4177
vn 0.8507 0.1733 -0.4963
vn 0.8901 0.0788 -0.4490
vn 0.6432 0.5569 -0.5256
vn 0.7014 0.2207 -0.6778
vn 0.7856 0.0864 -0.6127
vn 0.7952 0.3701 -0.4803
vn 0.3454 0.8871 -0.3062
vn 0.6237 0.5605 -0.5448
vn 0.8040 0.1498 -0.5754
vn 0.8334 -0.4246 -0.3538
vn 0.5483 0.5952 -0.5874
vn 0.7232 -0.4559 -0.5188
vn 0.0869 -0.9947 0.0552
vn 0.1889 -0.9758 -0.1102
vn 0.7002 -0.2282 -0.6765
vn 0.5423 -0.3695 -0.7546
vn 0.5132 -0.7580 -0.4026
vn -0.0392 -0.9892 0.1413
vn 0.6593 -0.7299 -0.1805
vn 0.8815 -0.0000 -0.4722
vn 0.8243 -0.5417 -0.1649
vn 0.9097 -0.0784 -0.4078
vn 0.6944 -0.7181 0.0473
vn 0.9918 -0.0866 -0.0945
vn 0.7404 -0.6617 0.1181
vn 0.9860 -0.1657 -0.0158
vn 0.9883 -0.1490 0.0314
vn 0.9563 -0.0948 0.2766
vn 0.7641 -0.0945 0.6381
vn 0.7402 -0.1575 0.6536
vn 0.8238 -0.0471 0.5649
vn 0.0314 -0.9586 0.2829
vn 0.6409 -0.1107 0.7596
vn 0.2199 -0.9504 0.2199
vn 0.9077 -0.0315 0.4184
vn 0.9378 0.0157 0.3468
vn 0.8802 0.0550 0.4715
vn 0.7643 -0.2915 0.5752
vn 0.7550 0.0629 0.6527
vn 0.8643 -0.0078 0.5029
vn 0.6062 -0.4173 0.6770
vn 0.2368 -0.7026 0.6710
vn 0.5093 0.1567 0.8462
vn 0.5205 0.3076 0.7965
vn 0.2762 0.2921 0.9156
vn 0.2448 -0.1657 0.9553
vn 0.0944 -0.1967 0.9759
vn 0.0158 0.2369 0.9714
vn 0.1183 0.1735 0.9777
vn -0.0236 0.1182 0.9927
vn 0.1023 0.0787 0.9916
vn 0.0866 0.0866 0.9925
vn -0.0079 0.0863 0.9962
vn 0.1738 -0.2370 0.9558
vn 0.3072 0.3938 0.8664
vn 0.2684 -0.3632 0.8922
vn 0.3065 -0.2987 0.9038
vn 0.1818 0.0791 0.9802
vn 0.5751 0.2206 0.7878
vn 0.5127 -0.3392 0.7887
vn 0.4960 -0.0630 0.8660
vn 0.6829 0.1099 0.7222
vn 0.6621 0.0315 0.7488
vn 0.0157 -0.9974 -0.0707
vn -0.2039 -0.7449 0.6352
vn 0.0626 0.6737 0.7363
vn -0.0711 0.9560 0.2845
vn 0.0790 0.9555 0.2843
vn -0.3061 0.2512 0.9183
vn 0.0628 -0.9965 -0.0549
vn 0.0473 -0.9928 -0.1103
vn -0.0472 -0.7628 0.6449
vn 0.0867 -0.9931 -0.0788
vn -0.1415 0.2122 0.9669
vn -0.0157 0.1104 0.9938
vn -0.2281 -0.2675 0.9362
vn -0.2286 0.3548 0.9066
vn -0.0392 0.3927 0.9188
vn -0.3538 0.2673 0.8963
vn -0.4562 0.3853 0.8021
vn -0.3848 0.1492 0.9109
vn -0.6456 0.1889 0.7400
vn -0.6232 0.1183 0.7731
vn -0.5048 -0.2918 0.8124
vn -0.1496 -0.9601 0.2361
vn -0.7717 0.0866 0.6300
vn -0.6871 0.0079 0.7265
vn -0.8003 -0.4080 0.4394
vn -0.8526 0.0395 0.5210
vn -0.9260 0.0236 0.3767
vn -0.8847 0.0079 0.4661
vn -0.4182 -0.7496 0.5130
vn 0.1423 -0.9883 -0.0553
vn 0.1976 -0.9800 0.0237
vn -0.2357 -0.6129 0.7542
vn -0.6548 -0.1815 0.7337
vn -0.7762 -0.1176 0.6194
vn -0.9437 -0.1022 0.3146
vn -0.3700 -0.8896 0.2677
vn -0.8976 -0.4173 0.1418
vn -0.9901 -0.1257 0.0629
vn -0.9874 -0.1580 0.0079
vn 0.1263 -0.9867 0.1026
vn -0.5344 -0.8408 0.0864
vn -0.9914 -0.0708 -0.1101
vn -0.3616 -0.9275 0.0943
vn -0.9405 -0.2765 -0.1975
vn 0.1026 -0.9867 0.1263
vn 0.0790 -0.9867 0.1421
vn -0.9708 -0.1105 -0.2131
vn -0.9174 -0.2116 -0.3371
vn -0.1571 -0.9815 0.1099
vn -0.6190 -0.7443 -0.2507
vn -0.8571 -0.1415 -0.4954
vn -0.7643 -0.4019 -0.5043
vn -0.1179 -0.9905 0.0707
vn 0.0315 -0.9934 0.1103
vn -0.1657 -0.9861 0.0079
vn -0.7903 -0.5295 -0.3082
vn -0.7350 -0.4031 -0.5453
vn -0.9197 -0.3302 -0.2122
vn -0.5172 -0.6819 -0.5172
vn -0.7464 -0.0864 -0.6599
vn -0.9152 0.1579 -0.3708
vn -0.7105 -0.7026 -0.0395
vn -0.9665 0.1650 -0.1965
vn -0.9930 -0.1182 0.0079
vn -0.9167 -0.3635 0.1659
vn -0.3059 -0.9333 0.1882
vn -0.6992 0.7148 -0.0078
vn -0.6312 0.7653 -0.1262
vn -0.4796 0.8569 -0.1887
vn -0.8433 0.5360 -0.0394
vn -0.3632 0.8922 -0.2684
vn -0.9552 0.0474 0.2921
vn -0.9049 0.3541 -0.2361
vn 0.1414 -0.9897 0.0235
vn 0.1656 -0.9857 -0.0315
vn -0.1027 -0.9867 0.1263
vn -0.0944 -0.9520 0.2911
vn -0.0946 -0.9774 0.1892
vn -0.8469 -0.3216 0.4235
vn -0.7651 -0.3313 0.5522
vn -0.6153 -0.3077 0.7258
vn -0.3225 -0.0708 0.9439
vn -0.4954 -0.0787 0.8651
vn -0.3870 0.4343 0.8134
vn -0.6213 0.2360 0.7472
vn -0.7776 0.2199 0.5891
vn -0.8812 0.1495 0.4485
vn -0.1183 0.9388 0.3235
vn -0.2053 0.9552 0.2132
vn -0.1336 0.9744 0.1808
vn -0.0868 0.9781 0.1893
vn -0.1495 0.8263 0.5430
vn 0.0473 0.9686 0.2441
vn -0.0236 0.2518 0.9675
vn -0.1733 0.9218 0.3467
vn -0.2045 0.2281 0.9519
vn 0.1977 0.2135 0.9567
vn -0.3073 0.2364 0.9218
vn -0.2600 0.8589 0.4413
vn -0.0395 0.3629 0.9310
vn -0.3457 0.8329 0.4322
vn -0.4972 0.3236 0.8050
vn -0.3319 0.2529 0.9088
vn -0.2508 0.3527 0.9015
vn -0.3388 0.3467 0.8746
vn -0.8415 0.1494 0.5191
vn -0.4329 0.3777 0.8185
vn -0.2279 0.4480 0.8645
vn -0.0316 0.5453 0.8377
vn 0.2044 0.3932 0.8964
vn -0.6542 0.4178 0.6305
vn -0.6076 0.1815 0.7732
vn -0.3555 0.3634 0.8611
vn -0.5667 0.2440 0.7870
vn -0.4265 0.3002 0.8532
vn -0.1653 0.7716 0.6142
vn -0.5294 0.3636 0.7665
vn -0.5284 0.4890 0.6940
vn -0.5266 0.2594 0.8096
vn -0.6687 0.3697 0.6451
vn -0.7710 0.2753 0.5743
vn -0.3541 0.9205 0.1652
vn -0.6368 0.2673 0.7232
vn -0.5056 0.3081 0.8059
vn -0.8010 0.1728 0.5732
vn -0.5206 0.3628 0.7729
vn -0.5669 0.4331 0.7008
vn -0.5582 0.3773 0.7390
vn -0.6853 0.3782 0.6223
vn -0.5751 0.5120 0.6381
vn -0.5997 0.5208 0.6076
vn -0.7485 0.4570 0.4806
vn -0.3869 0.4894 0.7815
vn -0.2431 0.6117 0.7528
vn -0.5043 0.6067 0.6145
vn -0.0549 0.7061 0.7060
vn 0.1812 0.6381 0.7484
vn -0.2206 0.7878 0.5751
vn 0.2047 0.7558 0.6220
vn -0.0079 0.8588 0.5122
vn -0.0707 0.9356 0.3459
vn 0.0708 0.9132 0.4014
vn -0.5286 0.6705 0.5206
vn -0.3000 0.8369 0.4579
vn -0.6001 0.6000 0.5290
vn -0.5993 0.7176 0.3548
vn 0.0000 0.9737 0.2277
vn 0.0000 0.9806 0.1961
vn -0.0236 0.9936 0.1104
vn 0.0079 0.9658 0.2591
vn -0.2129 0.9460 0.2444
vn -0.5341 0.6284 0.5655
vn -0.4878 0.7239 0.4879
vn -0.6705 0.6074 0.4260
vn -0.5873 0.7126 0.3837
vn -0.4878 0.7711 0.4092
vn -0.4816 0.8368 0.2605
vn -0.7510 0.6324 0.1897
vn -0.8594 0.4573 0.2287
vn -0.5980 0.7790 0.1888
vn -0.5508 0.8181 0.1652
vn -0.4472 0.8866 0.1177
vn -0.7327 0.6776 0.0630
vn -0.5973 0.8017 0.0236
vn -0.8729 0.4876 0.0157
vn -0.6793 0.7266 -0.1027
vn -0.5213 0.8530 0.0237
vn -0.4245 0.9042 -0.0471
vn -0.5587 0.8185 -0.1338
vn -0.7955 0.5986 -0.0945
vn -0.6214 0.7787 0.0865
vn -0.6223 0.6854 -0.3781
vn -0.7485 0.6067 -0.2679
vn -0.8667 0.4648 -0.1812
vn -0.0868 0.9947 0.0553
vn -0.9412 0.3164 -0.1186
vn -0.8323 0.4397 -0.3376
vn -0.6843 0.5349 -0.4956
vn -0.9209 0.2676 -0.2834
vn -0.9424 0.3298 0.0549
vn -0.9856 0.1498 -0.0788
vn -0.9301 0.2995 0.2128
vn -0.8418 0.3226 0.4327
vn -0.9766 0.1890 0.1024
vn -0.9262 0.1962 0.3218
vn -0.8110 0.2835 0.5118
vn -0.8578 0.2203 0.4643
vn -0.7092 0.6225 0.3309
vn -0.9754 0.1259 0.1809
vn -0.8185 0.2282 0.5273
vn -0.7576 0.6313 0.1657
vn -0.9653 0.1413 -0.2197
vn -0.9282 0.0865 -0.3618
vn -0.3928 0.9191 -0.0314
vn -0.3863 0.9223 0.0079
vn -0.7061 0.6982 0.1177
vn -0.3795 0.9249 0.0237
vn -0.4481 0.8881 0.1022
vn -0.3618 0.9202 0.1494
vn -0.2915 0.9377 0.1891
vn 0.1658 0.9002 0.4026
vn 0.0944 0.9759 0.1967
vn 0.1024 0.9766 0.1889
vn -0.8947 -0.0049 0.4467
vn 0.0850 0.9864 0.1404
vn 0.1027 0.9780 0.1814
vn 0.1338 0.9605 0.2441
vn 0.2213 0.3320 0.9169
vn 0.3302 0.2437 0.9119
vn 0.2052 0.9389 0.2762
vn 0.4247 0.7472 0.5112
vn 0.2909 0.4089 0.8650
vn 0.4107 0.2765 0.8688
vn 0.2278 0.3220 0.9189
vn 0.6626 0.2998 0.6863
vn 0.4624 0.3839 0.7993
vn 0.6389 0.2051 0.7414
vn 0.2280 0.5032 0.8335
vn 0.3947 0.5526 0.7341
vn 0.6465 0.2996 0.7016
vn 0.5768 0.4977 0.6478
vn 0.4876 0.6290 0.6055
vn 0.5295 0.3082 0.7903
vn 0.4876 0.7078 0.5111
vn 0.4561 0.4011 0.7944
vn 0.6134 0.6213 0.4876
vn 0.5260 0.7772 0.3454
vn 0.1731 0.8417 0.5114
vn 0.2444 0.8751 0.4178
vn 0.8594 0.4889 0.1498
vn 0.0943 0.9590 0.2672
vn -0.0236 0.9610 0.2757
vn 0.0314 0.9732 0.2276
vn -0.0000 0.9633 0.2684
vn 0.0474 0.9241 0.3791
vn 0.4341 0.8996 0.0474
vn 0.6138 0.7869 0.0629
vn 0.0869 0.9957 -0.0316
vn -0.0157 0.9819 0.1886
vn -0.0000 0.9930 -0.1182
vn 0.1262 0.9781 -0.1657
vn 0.4163 0.8878 0.1964
vn 0.4249 0.9051 -0.0157
vn 0.5265 0.8408 0.1257
vn 0.6063 0.7952 0.0000
vn 0.5533 0.8220 -0.1344
vn 0.4408 0.8660 -0.2362
vn 0.4801 0.8657 -0.1417
vn 0.6034 0.7366 -0.3056
vn 0.5112 0.7078 -0.4876
vn 0.5495 0.7457 -0.3768
vn 0.5427 0.6056 -0.5820
vn 0.0946 0.9542 -0.2838
vn -0.0237 0.9712 -0.2369
vn 0.5348 0.6606 -0.5269
vn 0.6204 0.4476 -0.6440
vn 0.5925 0.3475 -0.7268
vn 0.5274 0.4566 -0.7165
vn 0.6321 0.4898 -0.6004
vn 0.5513 0.2520 -0.7954
vn 0.3706 0.7096 -0.5992
vn 0.6054 0.3145 -0.7312
vn 0.6430 0.1411 -0.7528
vn 0.6274 0.1255 -0.7685
vn 0.7769 0.1099 -0.6199
vn 0.4888 0.0946 -0.8673
vn 0.5283 0.2208 -0.8198
vn 0.4107 0.2211 -0.8846
vn 0.8336 0.2596 -0.4876
vn 0.6597 0.6204 -0.4241
vn 0.5368 0.1579 -0.8288
vn 0.1496 0.8506 -0.5041
vn 0.3379 0.8722 -0.3536
vn 0.6989 0.1099 -0.7067
vn 0.4584 0.6165 -0.6402
vn 0.2603 0.3708 -0.8915
vn 0.5109 0.0708 -0.8567
vn 0.4791 0.4869 -0.7303
vn 0.3305 0.4564 -0.8261
vn 0.4569 0.5671 -0.6853
vn 0.3374 0.6041 -0.7219
vn 0.1738 0.6084 -0.7744
vn 0.4743 0.0712 -0.8775
vn 0.2053 0.2448 -0.9476
vn 0.0314 0.1336 -0.9905
vn -0.1802 0.1960 -0.9639
vn 0.3375 0.1177 -0.9339
vn 0.1262 0.1104 -0.9858
vn 0.4652 0.2128 -0.8593
vn 0.1890 0.2363 -0.9531
vn -0.0079 0.1885 -0.9820
vn 0.4092 0.3698 -0.8341
vn 0.1730 0.4247 -0.8887
vn -0.1105 0.3000 -0.9475
vn 0.3553 0.5684 -0.7421
vn 0.1572 0.6368 -0.7548
vn -0.0237 0.4968 -0.8675
vn 0.0632 0.7660 -0.6397
vn 0.0393 0.8491 -0.5268
vn -0.0711 0.8138 -0.5768
vn 0.0550 0.8962 -0.4402
vn -0.0079 0.9052 -0.4250
vn 0.0079 0.9353 -0.3537
vn 0.6995 0.6210 -0.3537
vn 0.4160 0.8241 -0.3846
vn 0.8193 0.5356 -0.2047
vn 0.0000 0.9414 -0.3373
vn 0.3466 -0.0315 0.9375
vn 0.1973 0.1342 0.9711
vn -0.0079 -0.0472 0.9989
vn 0.3766 0.1255 0.9179
vn 0.2212 0.8769 0.4266
vn 0.5362 0.1183 0.8358
vn 0.0079 0.4877 0.8730
vn 0.2204 0.4173 0.8816
vn -0.1734 0.3467 0.9218
vn 0.0709 -0.9691 0.2364
vn -0.0550 0.4403 0.8962
vn 0.5192 0.3147 0.7946
vn 0.1262 0.1104 0.9858
vn -0.1183 0.1734 0.9777
vn 0.3779 0.0944 0.9210
vn 0.1737 0.2685 0.9475
vn 0.3710 0.8761 0.3079
vn 0.6196 0.0314 0.7843
vn 0.4865 0.3844 0.7846
vn 0.7408 0.3468 0.5753
vn 0.8541 0.0791 0.5140
vn 0.4322 0.8801 0.1965
vn 0.9046 0.2596 0.3381
vn 0.8338 -0.0393 0.5507
vn 0.7199 0.2848 0.6329
vn 0.8840 0.1736 0.4341
vn 0.9463 0.0079 0.3232
vn 0.8120 0.4572 0.3627
vn 0.5044 0.7172 0.4808
vn 0.9531 0.2364 0.1889
vn 0.9825 0.0473 0.1804
vn 0.9195 0.3852 0.0781
vn 0.9719 0.2352 -0.0005
vn 0.8901 0.4491 0.0784
vn 0.7267 0.6556 0.2052
vn 0.4640 0.8808 0.0943
vn 0.9436 0.0236 0.3303
vn 0.7263 0.6870 0.0232
vn 0.4963 0.8590 0.1257
vn 0.2669 0.9345 0.2354
vn 0.7915 0.6037 -0.0950
vn 0.3397 0.9405 -0.0008
vn 0.1967 0.7710 0.6057
vn 0.0629 0.9594 0.2750
vn -0.0550 0.8962 0.4402
vn 0.2127 0.5672 0.7957
vn -0.0314 0.5027 0.8639
vn -0.2362 0.8109 0.5354
vn -0.2761 0.5917 0.7574
vn -0.5108 0.6915 0.5108
vn -0.3462 0.2990 0.8892
vn -0.6939 0.2997 0.6547
vn -0.5611 0.1501 0.8140
vn -0.3790 0.0552 0.9238
vn -0.7416 -0.0079 0.6707
vn -0.9072 0.1657 0.3868
vn -0.9364 -0.0551 0.3466
vn -0.2679 0.3862 0.8826
vn -0.5679 0.2603 0.7809
vn -0.4960 0.4410 0.7480
vn -0.8205 0.1973 0.5366
vn -0.9352 0.2122 0.2834
vn -0.9228 0.2602 0.2841
vn -0.4717 0.8176 0.3302
vn -0.3937 0.1024 0.9135
vn -0.8742 0.0709 0.4804
vn -0.2591 -0.0079 0.9658
vn -0.5293 -0.0711 0.8455
vn -0.7299 0.0314 0.6828
vn 0.0157 -0.9736 0.2277
vn -0.6847 -0.3070 0.6611
vn -0.8408 -0.0865 0.5344
vn -0.9312 -0.1104 0.3474
vn -0.9720 -0.1660 0.1665
vn -0.1022 -0.9910 0.0865
vn -0.0158 -0.9998 0.0079
vn -0.0158 -0.9954 0.0948
vn 0.0079 -0.9995 0.0315
vn 0.0157 -0.9974 0.0708
vn -0.0001 -0.9999 -0.0154
vn 0.0474 -0.9944 -0.0942
vn 0.0707 -0.9810 0.1805
vn 0.5743 -0.1967 0.7947
vn 0.7265 -0.0157 0.6870
vn 0.7641 -0.1970 0.6143
vn 0.9093 -0.1028 0.4033
vn 0.5598 -0.8277 0.0395
vn 0.9566 -0.1898 0.2213
vn 0.9909 0.0160 0.1335
vn 0.9924 -0.1103 0.0550
vn 0.9588 -0.1886 -0.2125
vn 0.9859 -0.1183 -0.1187
vn 0.9992 -0.0076 -0.0397
vn 0.5453 0.8382 -0.0084
vn 0.9680 0.1734 -0.1816
vn 0.9135 0.4018 -0.0638
vn 0.9558 -0.0235 -0.2929
vn 0.6990 0.6916 -0.1818
vn 0.9187 -0.2672 -0.2910
vn 0.0788 -0.8600 -0.5043
vn 0.9309 -0.1342 -0.3399
vn 0.9442 -0.0627 -0.3235
vn 0.9402 0.0716 -0.3329
vn 0.9396 0.2375 -0.2463
vn 0.6915 0.7081 -0.1429
vn 0.8802 0.3857 -0.2765
vn 0.8864 0.3532 -0.2993
vn 0.9569 0.1571 -0.2440
vn 0.9372 0.0790 -0.3397
vn 0.9582 0.1341 -0.2527
vn 0.9782 0.1343 -0.1585
vn 0.9090 0.1508 -0.3887
vn 0.8821 0.3865 -0.2694
vn 0.9587 0.1962 -0.2057
vn 0.9339 0.2749 -0.2287
vn 0.9083 0.3797 -0.1758
vn 0.8653 0.4805 -0.1426
vn 0.7876 0.5992 -0.1435
vn 0.8728 0.4881 0.0059
vn 0.9620 0.2687 -0.0493
vn 0.7083 0.7004 -0.0882
vn 0.6129 0.7861 -0.0794
vn 0.4721 0.8813 0.0221
vn 0.3225 -0.0708 0.9439
vn 0.1025 0.1815 0.9780
vn -0.0157 -0.0158 0.9998
vn -0.1807 0.1336 0.9744
vn -0.3232 -0.1735 0.9303
vn -0.0079 0.8764 0.4816
vn -0.0236 -0.9859 0.1657
vn -0.4316 0.2354 0.8708
vn -0.0314 -0.9895 0.1414
vn 0.2907 0.5107 0.8091
vn 0.0788 0.3153 0.9457
vn -0.1884 0.5338 0.8243
vn 0.4874 0.3066 0.8176
vn -0.4485 0.3934 0.8026
vn -0.6451 0.3698 0.6687
vn 0.5373 0.2213 0.8139
vn 0.7791 0.2991 0.5509
vn 0.7464 0.2593 0.6129
vn 0.9286 0.1102 0.3544
vn -0.5674 -0.0789 0.8196
vn -0.7309 -0.1729 0.6602
vn -0.8414 0.0787 0.5347
vn 0.9549 0.1421 0.2607
vn 0.9806 0.1898 0.0481
vn -0.8995 -0.1263 0.4182
vn -0.9633 0.0001 0.2683
vn -0.0393 -0.9977 0.0550
vn -0.9572 -0.2431 0.1570
vn -0.9994 -0.0313 -0.0160
vn -0.5417 0.8403 -0.0238
vn -0.3957 -0.9181 -0.0237
vn -0.0000 -0.9992 0.0393
vn -0.9705 0.1581 -0.1819
vn -0.9537 0.2998 -0.0241
vn -0.9455 0.2524 -0.2055
vn -0.0000 -1.0000 0.0080
vn 0.0314 -0.9895 0.1414
vn -0.9727 0.2120 -0.0945
vn 0.6534 -0.1181 0.7478
vn 0.0157 -0.9988 0.0472
vn 0.8672 -0.0946 0.4888
vn 0.9568 -0.1108 0.2689
vn 0.9830 -0.1574 0.0947
vn 0.0472 -0.9984 0.0315
vn 0.0001 -0.9997 -0.0235
vn 0.0473 -0.9989 -0.0001
vn 0.9801 -0.1883 -0.0621
vn 0.0395 -0.9902 -0.1337
vn 0.1340 -0.9059 -0.4018
vn 0.0395 -0.9118 -0.4086
vn -0.0706 -0.9960 -0.0549
vn -0.0078 -0.9518 -0.3066
vn -0.9549 -0.1421 -0.2606
vn -0.4569 -0.7328 -0.5043
vn -0.9492 0.0708 -0.3066
vn 0.0553 -0.9275 -0.3696
vn 0.9810 -0.1811 -0.0698
vn 0.0320 -0.9942 -0.1028
vn 0.0082 -0.9910 -0.1336
vn 0.0396 -0.9347 -0.3533
vn -0.0626 -0.9752 -0.2122
vn -0.9526 -0.0864 -0.2918
vn -0.9349 -0.0233 -0.3541
vn -0.9360 0.2364 -0.2608
vn -0.8797 0.3694 -0.2995
vn -0.9323 0.1738 -0.3172
vn -0.9343 0.1338 -0.3305
vn -0.9482 0.2123 -0.2365
vn -0.9361 0.2914 -0.1972
vn -0.8798 0.4325 -0.1973
vn -0.8795 0.4486 -0.1586
vn -0.8476 0.5259 -0.0711
vn -0.7498 0.6478 -0.1351
vn 0.0236 0.1885 0.9818
vn -0.2438 0.0708 0.9672
vn 0.2827 0.0471 0.9581
vn -0.1500 0.3079 0.9395
vn -0.4729 0.3231 0.8197
vn -0.5595 0.0473 0.8275
vn -0.7036 0.2530 0.6640
vn 0.0316 0.5212 0.8529
vn -0.7816 -0.0079 0.6237
vn 0.2442 0.2757 0.9297
vn 0.5351 0.1338 0.8341
vn -0.7626 0.2280 0.6054
vn -0.8242 0.4082 0.3925
vn -0.9289 0.0157 0.3700
vn -0.3943 0.9067 0.1497
vn -0.9308 0.3078 0.1970
vn -0.9752 0.1967 0.1020
vn -0.9032 0.3298 0.2748
vn -0.7700 0.6286 0.1097
vn -0.6695 0.6144 0.4174
vn -0.6221 0.7797 -0.0714
vn -0.3471 0.9152 0.2049
vn -0.4564 0.6925 0.5587
vn -0.2291 0.5687 0.7900
vn -0.1739 0.8302 0.5297
vn 0.0629 0.7870 0.6138
vn -0.0787 0.9603 0.2675
vn 0.1261 0.9379 0.3231
vn 0.3703 0.5043 0.7801
vn 0.3619 0.7945 0.4877
vn 0.7330 0.3074 0.6069
vn 0.1415 0.9838 0.1101
vn -0.0788 0.9924 0.0942
vn -0.3468 0.9379 0.0074
vn -0.2518 0.9678 -0.0006
vn -0.4722 0.8815 -0.0087
vn -0.0476 0.9937 0.1018
vn -0.2516 0.9510 0.1798
vn -0.6128 0.7854 -0.0874
vn -0.0713 0.8745 0.4797
vn -0.7936 0.6058 -0.0565
vn -0.9400 0.3410 0.0137
vn -0.8191 0.5603 0.1236
vn -0.7262 0.6711 0.1492
vn -0.7392 0.6691 0.0767
vn -0.7142 0.6828 0.1540
vn -0.5035 0.7083 0.4947
vn -0.6985 0.6985 0.1555
vn -0.1814 0.6221 0.7616
vn -0.6396 0.7573 0.1318
vn -0.1421 0.9891 0.0377
vn -0.0083 0.8186 0.5743
vn -0.0087 0.6954 0.7185
vn -0.0638 0.5684 0.8203
vn -0.6218 0.4885 0.6121
vn -0.0877 0.4956 0.8641
vn -0.3544 0.8949 0.2711
vn -0.0640 0.4494 0.8911
vn 0.1402 0.6165 0.7748
vn 0.3207 0.8812 0.3472
vn 0.0457 0.9888 -0.1420
vn 0.1398 0.9899 0.0235
vn 0.1165 0.7869 0.6060
vn 0.4796 0.7716 0.4178
vn 0.2430 0.9428 0.2280
vn 0.6068 0.7104 0.3565
vn 0.6203 0.6065 0.4974
vn 0.8495 0.4488 0.2773
vn 0.6924 0.7088 0.1347
vn 0.9127 0.3856 0.1352
vn 0.9752 0.1807 0.1279
vn 0.9540 0.2997 0.0094
vn 0.1411 0.9839 0.1099
vn 0.3922 0.9187 0.0473
vn 0.4727 0.8589 0.1971
vn 0.6873 0.7190 0.1030
vn 0.6844 0.6373 0.3542
vn 0.9120 0.3459 0.2203
vn 0.8720 0.4871 0.0477
vn 0.9737 0.2278 0.0007
vn 0.9984 0.0467 0.0330
vn 0.9977 -0.0397 -0.0541
vn 0.9860 0.1654 -0.0219
vn 0.9697 0.2442 0.0012
vn 0.9887 -0.0078 0.1495
vn 0.9117 0.0393 0.4089
vn 0.7672 -0.0316 0.6406
vn 0.9818 0.1883 -0.0227
vn 0.9889 0.1488 0.0013
vn 0.9966 0.0784 0.0241
vn -0.2824 0.0627 0.9573
vn 0.3228 -0.6692 0.6693
vn 0.4707 0.0784 0.8788
vn 0.2517 0.6055 0.7550
vn 0.8404 0.0078 0.5419
vn 0.7715 0.4173 0.4803
vn 0.6062 0.4645 0.6456
vn -0.1416 0.6841 0.7155
vn 0.8544 0.2900 0.4311
vn 0.8658 -0.2047 0.4565
vn 0.5883 -0.1961 0.7845
vn 0.4946 0.2512 0.8320
vn 0.2208 -0.3155 0.9229
vn 0.3703 0.1655 0.9140
vn 0.1962 0.2434 0.9499
vn 0.1104 -0.0079 0.9939
vn 0.5352 0.3778 0.7556
vn 0.3851 -0.0786 0.9195
vn -0.0157 -0.7707 0.6370
vn -0.0079 -0.7952 0.6063
vn 0.0392 -0.8241 0.5651
vn 0.2518 -0.5744 0.7789
vn 0.2046 -0.8575 0.4720
vn 0.6383 -0.1419 0.7566
vn 0.5663 0.1022 0.8178
vn 0.5029 -0.5186 0.6915
vn 0.2605 -0.4816 0.8368
vn 0.2197 -0.3296 0.9182
vn 0.2591 -0.2983 0.9186
vn 0.0237 -0.3232 0.9460
vn 0.3785 -0.3233 0.8673
vn 0.3950 -0.4266 0.8136
vn 0.0630 -0.4016 0.9136
vn 0.4549 -0.2745 0.8472
vn 0.4547 -0.2509 0.8546
vn 0.5579 -0.2671 0.7857
vn 0.5825 -0.4251 0.6928
vn 0.6064 -0.1102 0.7875
vn 0.1890 -0.7327 0.6538
vn -0.1260 -0.6693 0.7323
vn 0.7634 -0.2440 0.5981
vn 0.3237 0.1105 0.9397
vn 0.5353 0.0630 0.8423
vn 0.7575 -0.0868 0.6470
vn 0.4811 0.0473 0.8754
vn 0.2443 -0.0236 0.9694
vn 0.5375 0.0949 0.8379
vn 0.6284 -0.1571 0.7619
vn -0.0868 -0.2841 0.9549
vn 0.5668 0.3622 0.7400
vn -0.0784 0.1333 0.9880
vn 0.0236 0.0550 0.9982
vn 0.2901 0.0236 0.9567
vn 0.2357 0.2357 0.9428
vn -0.3915 -0.6186 0.6812
vn -0.1336 -0.2515 0.9586
vn -0.1340 -0.2367 0.9623
vn -0.6531 -0.3697 0.6609
vn -0.8028 -0.2282 0.5509
vn -0.3154 0.2524 0.9148
vn -0.6518 0.2749 0.7068
vn -0.7851 0.3140 0.5339
vn -0.7663 0.1817 0.6162
vn -0.4794 0.5502 0.6838
vn -0.7421 0.4579 0.4895
vn -0.8800 0.3693 0.2986
vn -0.2757 0.1733 0.9455
vn -0.4176 0.1812 0.8904
vn -0.2518 0.0079 0.9678
vn -0.0706 -0.0392 0.9967
vn -0.2045 -0.2596 0.9438
vn -0.3161 0.1742 0.9326
vn -0.0946 -0.3077 0.9468
vn -0.3009 -0.5068 0.8078
vn -0.1256 0.0707 0.9896
vn -0.2677 -0.3071 0.9133
vn -0.5980 0.1888 0.7789
vn -0.6202 -0.2434 0.7457
vn -0.4468 -0.1255 0.8858
vn -0.3079 0.0869 0.9474
vn -0.7339 0.0237 0.6788
vn -0.5442 0.0710 0.8360
vn -0.3234 0.4576 0.8283
vn 0.2982 0.1569 0.9415
vn -0.1103 -0.0472 0.9928
vn -0.7497 0.0947 0.6550
vn -0.5114 0.0551 0.8576
vn -0.5121 0.0157 0.8588
vn -0.5663 -0.1888 0.8023
vn -0.1417 -0.4013 0.9049
vn -0.2681 0.1340 0.9540
vn -0.4017 0.1339 0.9059
vn -0.4344 -0.0237 0.9004
vn -0.7174 -0.0630 0.6938
vn -0.4652 0.2681 0.8436
vn -0.5965 -0.1256 0.7927
vn -0.5186 0.2515 0.8172
vn -0.8109 0.3228 0.4881
vn -0.3997 -0.1176 0.9091
vn -0.5649 -0.3374 0.7531
vn -0.0630 -0.8746 0.4807
vn -0.1180 -0.7868 0.6058
vn -0.3226 -0.4171 0.8497
vn -0.2126 -0.3858 0.8977
vn -0.2052 -0.3000 0.9316
vn -0.3162 -0.3794 0.8695
vn -0.3858 -0.5906 0.7087
vn -0.5185 -0.3378 0.7856
vn -0.5817 -0.5345 0.6131
vn -0.4247 -0.7865 0.4483
vn -0.0945 -0.9610 0.2599
vn -0.6305 -0.1734 0.7566
vn -0.7810 -0.2761 0.5601
vn -0.3393 -0.9390 0.0553
vn -0.5906 -0.7716 0.2362
vn -0.1575 -0.9844 -0.0787
vn 0.0945 -0.9930 -0.0709
vn 0.0395 -0.9947 -0.0947
vn -0.2276 -0.9730 -0.0392
vn -0.3619 -0.9282 -0.0865
vn -0.5275 -0.8424 -0.1102
vn -0.4722 -0.8814 0.0157
vn -0.6236 -0.7814 0.0237
vn -0.4797 -0.8493 -0.2202
vn -0.6591 -0.6905 -0.2981
vn -0.7226 -0.6440 0.2513
vn -0.6773 -0.7088 -0.1969
vn -0.8197 -0.5674 0.0788
vn -0.7543 -0.4872 0.4400
vn -0.8090 -0.5419 -0.2278
vn -0.7344 -0.5922 -0.3317
vn -0.8017 -0.5423 0.2515
vn -0.8795 -0.3769 0.2905
vn -0.8252 -0.4794 -0.2986
vn -0.9435 -0.3066 0.1258
vn -0.9148 -0.2524 0.3154
vn -0.8976 -0.1417 0.4173
vn -0.9307 -0.3628 0.0473
vn -0.9641 -0.1580 0.2134
vn -0.8098 -0.5582 -0.1808
vn -0.8928 -0.0079 0.4503
vn -0.9484 -0.0237 0.3161
vn -0.8018 0.0157 0.5974
vn -0.6614 0.0551 0.7480
vn -0.8019 0.0078 0.5974
vn -0.8053 0.0316 0.5920
vn -0.8500 -0.0866 0.5195
vn -0.9059 -0.1339 0.4018
vn -0.6976 -0.1254 0.7054
vn -0.8156 -0.2588 0.5176
vn -0.9654 -0.1805 0.1883
vn -0.9502 -0.2041 0.2356
vn -0.9148 -0.0868 0.3944
vn -0.9619 -0.1972 0.1892
vn -0.9648 -0.2353 -0.1176
vn -0.6921 -0.2910 -0.6606
vn -0.9586 -0.2829 -0.0314
vn -0.9295 -0.1261 0.3466
vn -0.9922 0.1024 0.0709
vn -0.9320 -0.1027 0.3475
vn -0.7453 -0.2824 0.6040
vn -0.8113 0.1418 0.5672
vn -0.7885 0.3627 0.4967
vn -0.5433 -0.3307 0.7717
vn -0.7304 0.6440 -0.2278
vn -0.4628 0.1176 0.8786
vn -0.4246 -0.0472 0.9042
vn -0.8594 0.1498 0.4888
vn -0.6774 -0.1969 0.7088
vn -0.5014 0.0783 0.8617
vn -0.9295 -0.1260 0.3466
vn -0.8013 -0.5185 0.2985
vn -0.4477 -0.8483 0.2827
vn -0.3788 -0.9233 -0.0631
vn -0.6371 -0.6213 -0.4562
vn -0.0079 -0.8533 -0.5214
vn 0.1339 -0.6306 -0.7645
vn -0.8026 -0.3069 -0.5115
vn -0.2526 -0.4578 -0.8524
vn -0.2128 -0.5438 -0.8118
vn 0.0864 -0.2747 -0.9576
vn -0.4259 -0.1025 -0.8989
vn -0.9125 0.1573 -0.3776
vn -0.0393 0.0157 -0.9991
vn -0.2838 0.3547 -0.8908
vn -0.6307 -0.2759 -0.7253
vn -0.1655 0.7091 -0.6854
vn -0.7556 0.5510 -0.3542
vn -0.8425 0.1417 -0.5197
vn -0.4885 0.1024 -0.8665
vn -0.9526 -0.2992 0.0551
vn -0.9147 -0.4022 0.0394
vn -0.9156 -0.2763 -0.2920
vn -0.9237 -0.0948 -0.3711
vn -0.8832 -0.4495 -0.1340
vn -0.8286 -0.5209 0.2052
vn -0.8562 -0.3692 -0.3613
vn -0.8335 -0.5032 -0.2280
vn -0.7084 -0.7005 0.0866
vn -0.7566 -0.6305 -0.1734
vn -0.7903 -0.3082 -0.5295
vn -0.5663 -0.7551 -0.3303
vn -0.7061 -0.4471 -0.5491
vn -0.7003 -0.6058 -0.3776
vn -0.5030 -0.6914 -0.5186
vn -0.7103 -0.2368 -0.6629
vn -0.5665 -0.5586 -0.6058
vn -0.3138 -0.7452 -0.5883
vn -0.5511 -0.3857 -0.7400
vn -0.4505 -0.3083 -0.8378
vn -0.3764 -0.6352 -0.6744
vn -0.3618 -0.4877 -0.7945
vn -0.2130 -0.5761 -0.7891
vn -0.0865 -0.8408 -0.5344
vn -0.1492 -0.1728 -0.9736
vn 0.1496 -0.1970 -0.9689
vn -0.1492 -0.6753 -0.7223
vn 0.0315 -0.6704 -0.7413
vn 0.1415 -0.8332 -0.5345
vn -0.0552 -0.5207 -0.8520
vn -0.1970 -0.4728 -0.8589
vn -0.0631 -0.4337 -0.8988
vn 0.0552 -0.4809 -0.8750
vn -0.3462 -0.3619 -0.8655
vn -0.1960 -0.3451 -0.9179
vn -0.0471 -0.2827 -0.9580
vn 0.0788 -0.3784 -0.9223
vn -0.2515 -0.1807 -0.9508
vn -0.4968 -0.2602 -0.8279
vn -0.0709 -0.0946 -0.9930
vn 0.0474 -0.1501 -0.9875
vn -0.1097 -0.6113 -0.7837
vn 0.0869 -0.4423 -0.8926
vn -0.3306 -0.2913 -0.8977
vn -0.3867 -0.1105 -0.9156
vn -0.5809 -0.0942 -0.8085
vn -0.4811 -0.1262 -0.8675
vn -0.7957 0.4964 0.3470
vn -0.6753 0.7304 0.1025
vn -0.8638 0.4947 0.0949
vn -0.9663 0.2514 0.0558
vn -0.8650 0.4965 0.0724
vn -0.9843 0.1734 0.0338
vn -0.9514 0.2679 0.1518
vn -0.8160 0.5030 0.2848
vn -0.5967 0.7158 0.3627
vn -0.6518 0.6156 0.4430
vn -0.5813 0.8105 0.0716
vn -0.3779 0.9137 0.1498
vn -0.2819 0.8114 0.5121
vn -0.4477 0.8891 0.0948
vn -0.0868 0.9872 0.1339
vn -0.2287 0.9723 0.0473
vn -0.2276 0.9363 0.2674
vn -0.0233 0.9960 0.0863
vn 0.1257 0.9896 0.0701
vn 0.2444 0.9694 0.0226
vn -0.0625 0.9469 0.3153
vn 0.0558 0.9774 0.2037
vn 0.1815 0.8910 0.4161
vn 0.0163 0.6996 0.7144
vn 0.3846 0.7057 0.5951
vn 0.7170 0.6775 0.1638
vn 0.3779 0.7401 0.5563
vn 0.7709 0.6304 0.0915
vn 0.9178 0.3935 0.0521
vn 0.6930 0.7170 0.0759
vn 0.6008 0.7423 0.2967
vn 0.7714 0.5756 0.2714
vn 0.6145 0.7792 0.1234
vn 0.6407 0.6866 0.3437
vn 0.1896 0.9591 0.2104
vn 0.1656 0.6368 0.7531
vn 0.2392 0.9221 0.3043
vn 0.0082 0.3141 0.9493
vn -0.0225 0.3536 0.9351
vn 0.0092 0.9673 -0.2535
vn -0.1092 0.4508 0.8859
vn 0.0105 0.9994 0.0319
vn -0.0537 0.9717 -0.2299
vn -0.0306 0.7494 0.6615
vn -0.1318 0.9645 0.2289
vn 0.5436 0.4097 0.7326
vn 0.1415 0.5345 0.8332
vn 0.3841 0.3684 0.8466
vn 0.5212 0.5370 0.6633
vn 0.6685 0.2281 0.7079
vn 0.5453 0.7350 0.4030
vn 0.3632 -0.0078 0.9317
vn -0.3791 0.0473 0.9241
vn 0.1263 -0.1580 0.9793
vn 0.3557 -0.1343 0.9249
vn -0.1889 -0.8427 0.5041
vn -0.8184 -0.3386 0.4643
vn -0.7564 -0.6385 -0.1418
vn 0.4091 0.0001 0.9125
vn 0.3467 -0.0236 0.9377
vn -0.9444 -0.1183 -0.3069
vn -0.0393 -0.1259 0.9913
vn -0.2124 -0.9137 0.3465
vn -0.9905 -0.0551 -0.1259
vn -0.6198 -0.0236 -0.7844
vn 0.4873 0.0393 0.8724
vn 0.4409 -0.0079 0.8975
vn 0.2202 0.0157 0.9753
vn -0.2759 -0.0158 0.9611
vn 0.4406 0.0393 0.8969
vn 0.2286 0.0867 0.9697
vn -0.7065 0.0393 0.7066
vn -0.9969 -0.0000 0.0785
vn 0.5831 0.1182 0.8038
vn -0.4871 -0.0471 -0.8721
vn -0.8890 0.0393 0.4563
vn 0.2982 0.1962 0.9341
vn 0.4170 0.3226 0.8497
vn 0.4032 0.1977 0.8935
vn 0.3613 -0.1021 0.9268
vn 0.4968 0.0237 0.8675
vn 0.0472 0.0000 0.9989
vn 0.2684 0.0079 0.9633
vn -0.9632 0.0079 0.2685
vn 0.2827 -0.0471 0.9581
vn 0.4172 -0.0788 0.9054
vn 0.2826 -0.0550 0.9577
vn 0.2901 -0.0313 0.9565
vn 0.0236 0.1026 0.9944
vn 0.3300 0.0314 0.9434
vn 0.5401 0.0379 0.8408
vn 0.5493 -0.0789 0.8319
vn 0.6517 -0.0875 0.7534
vn 0.6758 -0.0679 0.7339
vn 0.7264 0.0237 0.6869
vn 0.8021 -0.0890 0.5905
vn 0.7343 0.1953 0.6501
vn 0.8864 -0.0001 0.4629
vn 0.8322 -0.0877 0.5475
vn 0.8797 -0.1004 0.4648
vn 0.8960 -0.0103 0.4440
vn 0.9310 -0.1081 0.3486
vn 0.7960 0.0867 0.5990
vn 0.9589 0.0235 0.2829
vn 0.6390 0.0790 0.7652
vn 0.9078 0.0868 0.4104
vn 0.8201 0.0711 0.5678
vn 0.5291 0.0791 0.8449
vn 0.5266 -0.0471 0.8488
vn 0.6351 -0.0784 0.7684
vn 0.7092 0.0710 0.7014
vn 0.7847 0.0080 0.6199
vn 0.8418 0.0710 0.5350
vn 0.9004 -0.0235 0.4344
vn 0.8993 0.0552 0.4339
vn 0.9516 0.0158 0.3068
vn 0.9602 -0.0471 0.2754
vn 0.7893 -0.5443 0.2841
vn 0.9807 -0.1027 0.1661
vn 0.9818 0.0786 0.1728
vn 0.8738 -0.4799 0.0787
vn 0.9881 -0.1488 0.0392
vn 0.9977 -0.0392 0.0550
vn 0.9928 -0.1023 -0.0630
vn 0.9887 0.1020 0.1098
vn 0.9994 0.0157 0.0315
vn 1.0000 -0.0024 -0.0008
vn 0.9964 -0.0313 -0.0785
vn 0.9915 0.1180 -0.0551
vn 0.9766 -0.0314 -0.2126
vn 0.9728 -0.0939 -0.2118
vn 0.9692 0.0315 -0.2443
vn 0.9160 -0.0710 -0.3948
vn 0.9929 -0.0157 -0.1182
vn 0.9760 -0.0139 -0.2174
vn 0.9865 -0.1144 -0.1172
vn 0.9502 -0.0878 -0.2989
vn 0.9927 -0.0420 -0.1130
vn 0.9279 -0.0227 -0.3722
vn 0.8726 -0.0863 -0.4808
vn 0.9957 -0.0916 0.0141
vn 0.9907 -0.1274 0.0467
vn 0.9895 -0.0998 0.1049
vn 0.9917 -0.0429 0.1209
vn 0.9836 -0.0467 0.1743
vn 0.9668 -0.1093 0.2309
vn 0.9613 -0.0400 0.2726
vn 0.9263 0.1354 0.3517
vn 0.9168 -0.1193 0.3811
vn 0.8740 0.0638 0.4818
vn 0.7646 -0.0201 0.6441
vn 0.8429 -0.0907 0.5304
vn 0.5176 0.0698 0.8528
vn 0.6411 -0.0086 0.7674
vn 0.3991 0.2035 0.8940
vn 0.4228 0.0473 0.9050
vn 0.3228 0.0395 0.9456
vn 0.2916 0.2521 0.9227
vn 0.3379 0.1414 0.9305
vn 0.2523 0.1026 0.9622
vn 0.1181 0.0315 0.9925
vn -0.8675 0.0237 0.4969
vn -0.7309 0.0943 0.6759
vn -0.9938 -0.0157 -0.1104
vn -0.8576 -0.0551 -0.5114
vn -0.7417 -0.1026 -0.6628
vn -0.9048 -0.0315 -0.4248
vn -0.3715 -0.0791 0.9251
vn 0.0868 0.0631 0.9942
vn -0.7395 -0.0787 -0.6686
vn -0.8056 -0.0158 -0.5923
vn -0.1655 -0.0237 0.9859
vn -0.6992 -0.0078 -0.7149
vn 0.1733 -0.0000 0.9849
vn 0.3533 0.0471 0.9343
vn 0.2451 0.1581 0.9565
vn 0.1892 0.0946 0.9774
vn 0.6831 -0.0157 0.7302
vn -0.1579 0.0237 0.9872
vn -0.0789 0.1421 0.9867
vn -0.0079 -0.2444 0.9696
vn -0.2199 -0.0550 0.9740
vn 0.2924 0.0237 0.9560
vn 0.0394 0.0157 0.9991
vn -0.2277 0.0157 0.9736
vn -0.0237 0.0870 0.9959
vn 0.5351 0.0709 0.8418
vn 0.1181 -0.0472 0.9919
vn -0.1893 0.0867 0.9781
vn -0.1422 0.0632 0.9878
vn 0.7417 0.0080 0.6707
vn -0.0629 0.3062 0.9499
vn 0.2123 0.0629 0.9752
vn 0.2293 -0.0316 0.9728
vn 0.2605 0.0710 0.9629
vn 0.0787 0.0945 0.9924
vn 0.1416 0.1102 0.9838
vn 0.1580 0.0158 0.9873
vn 0.0237 0.2369 0.9712
vn 0.1259 -0.0236 0.9918
vn -0.5683 -0.1263 -0.8130
vn 0.0711 -0.0553 0.9959
vn 0.1099 0.0943 0.9895
vn -0.5917 -0.1657 -0.7890
vn -0.4251 -0.1180 -0.8974
vn -0.4898 0.0632 -0.8695
vn 0.0866 0.1968 0.9766
vn -0.4084 0.0550 -0.9111
vn -0.1178 -0.2593 0.9586
vn 0.4185 -0.0078 0.9082
vn -0.3398 -0.0080 0.9405
vn -0.3696 -0.0473 0.9280
vn -0.1655 -0.4969 0.8519
vn -0.1809 0.0157 0.9834
vn 0.3468 -0.0000 0.9379
vn 0.5419 0.0157 0.8403
vn -0.3298 -0.2987 0.8955
vn -0.3302 0.0235 0.9436
vn -0.5028 -0.0158 0.8642
vn -0.4404 0.0471 0.8965
vn -0.4089 -0.0236 0.9123
vn -0.2670 0.1021 0.9583
vn -0.1892 0.1971 0.9620
vn -0.4743 0.0711 0.8775
vn -0.5906 0.0787 0.8031
vn -0.5028 -0.5187 0.6915
vn -0.6705 -0.0238 0.7415
vn -0.7801 0.0629 0.6225
vn -0.7861 -0.1260 0.6052
vn -0.6759 0.0943 0.7309
vn -0.6772 0.0709 0.7324
vn -0.7622 0.0628 0.6443
vn -0.8606 0.0631 0.5053
vn -0.8864 0.0076 0.4628
vn -0.7960 0.0867 0.5990
vn -0.8709 0.0706 0.4864
vn -0.9288 0.0235 0.3699
vn -0.5248 0.1488 0.8381
vn -0.9463 0.0710 0.3154
vn -0.9049 0.1417 0.4013
vn -0.9021 0.0078 0.4314
vn -0.5917 0.0474 0.8047
vn -0.4342 0.0395 0.9000
vn -0.7223 0.0314 0.6909
vn -0.8247 0.0078 0.5655
vn -0.6530 -0.0551 0.7553
vn -0.7239 -0.0732 0.6860
vn -0.5584 -0.0786 0.8258
vn -0.8545 -0.0906 0.5114
vn -0.6053 0.0067 0.7960
vn -0.7727 -0.0700 0.6309
vn -0.9375 -0.1042 0.3320
vn -0.8716 -0.0526 0.4874
vn -0.9154 -0.1218 0.3836
vn -0.8457 0.1825 0.5015
vn -0.9259 0.0669 0.3717
vn -0.9683 -0.0982 0.2296
vn -0.9632 0.0158 0.2684
vn -0.9868 0.1105 0.1184
vn -0.9822 -0.1229 0.1418
vn -0.9861 0.0158 0.1656
vn -0.9984 -0.0314 0.0472
vn -0.9974 0.0471 -0.0550
vn -0.9937 -0.1031 -0.0434
vn -0.9855 -0.0422 -0.1643
vn -0.9791 -0.0860 -0.1841
vn -0.9989 -0.0154 -0.0435
vn -0.9976 -0.0265 0.0644
vn -0.9696 0.0758 0.2325
vn -0.9735 -0.1079 0.2018
vn -0.9204 0.0254 0.3902
vn -0.8255 0.0473 0.5624
vn -0.8621 -0.1175 0.4929
vn -0.7288 0.1603 0.6657
vn -0.6575 0.0531 0.7516
vn -0.7809 -0.0819 0.6193
vn -0.4566 0.1967 0.8677
vn -0.4248 0.0236 0.9050
vn -0.3842 0.1413 0.9124
vn -0.4007 -0.0943 0.9114
vn -0.5481 0.0149 0.8363
vn -0.6703 -0.0232 0.7418
vn -0.2982 0.1962 0.9341
vn -0.3297 -0.0001 0.9441
vn -0.3937 0.0630 0.9171
vn -0.2590 0.0314 0.9654
vn -0.1341 0.0947 0.9864
vn 0.5299 0.0553 0.8463
vn -0.2129 0.1183 0.9699
vn 0.9540 0.0079 0.2996
vn 0.9966 -0.0235 -0.0785
vn -0.1258 0.1809 0.9754
vn 0.7966 0.0789 0.5994
vn 0.9633 -0.0079 0.2685
vn -0.1579 0.0316 0.9870
vn -0.1337 0.0000 0.9910
vn -0.3316 -0.0868 0.9394
vn -0.2996 0.0000 0.9541
vn -0.3927 0.1728 0.9033
vn -0.3778 0.4014 0.8343
vn 0.7661 -0.4738 0.4343
vn 0.3062 -0.9414 0.1412
vn 0.8193 -0.3465 -0.4569
vn 0.9773 -0.1811 0.1103
vn 0.9406 -0.0710 -0.3320
vn 0.9998 -0.0157 0.0078
vn 0.9938 0.0158 -0.1104
vn 0.6782 -0.0473 -0.7334
vn 0.6321 -0.0316 -0.7743
vn 0.5363 -0.0237 -0.8437
vn 0.3946 -0.0789 -0.9155
vn 0.6541 0.0001 -0.7564
vn 0.4241 0.0707 -0.9029
vn -0.0472 -0.0550 0.9974
vn -0.0710 -0.3154 0.9463
vn -0.1501 0.1343 0.9795
vn 0.2517 0.2752 0.9279
vn 0.5418 0.0236 -0.8402
vn -0.1255 0.0863 0.9883
vn 0.5825 -0.2992 -0.7558
vn 0.5277 -0.2757 -0.8034
vn 0.6230 -0.0473 -0.7808
vn -0.1580 0.0079 0.9874
vn -0.1490 0.0078 0.9888
vn 0.7331 -0.0551 -0.6779
vn 0.6686 -0.1337 -0.7315
vn 0.7123 -0.0870 -0.6964
vn -0.0948 -0.0237 0.9952
vn 0.8364 -0.0631 -0.5444
vn 0.9049 -0.0236 -0.4249
vn -0.0314 -0.0472 0.9984
vn 0.9064 -0.0631 -0.4178
vn -0.1334 0.0628 0.9891
vn -0.0550 0.1731 0.9834
vn -0.2052 -0.0076 0.9787
vn -0.2512 0.1413 0.9576
vn -0.2122 0.0707 0.9747
vn -0.1813 -0.2050 0.9618
vn 0.3709 0.1578 0.9152
vn -0.2292 0.0474 0.9722
vn -0.3313 0.0947 0.9388
vn -0.5099 0.1491 0.8472
vn -0.2366 -0.0552 0.9700
vn -0.2049 0.0552 0.9772
vn -0.2682 0.4652 0.8436
vn -0.2127 0.1260 0.9690
vn -0.5200 -0.2128 0.8272
vn -0.1884 0.0313 0.9816
vn -0.2206 0.2049 0.9536
vn -0.0234 -0.0788 0.9966
vn -0.0552 0.1027 0.9932
vn 0.0709 -0.1331 0.9886
vn 0.1488 0.0400 0.9881
vn -0.1466 -0.1609 0.9760
vn -0.0472 -0.0471 0.9978
vn -0.0792 0.1440 0.9864
vn 0.1111 0.0485 0.9926
vn 0.0788 0.1096 0.9909
vn -0.2921 -0.0024 0.9564
vn 0.0257 -0.6949 0.7187
vn -0.1348 0.1506 0.9794
vn 0.0625 0.1736 0.9828
vn -0.2519 0.1730 0.9522
vn 0.0157 -0.1337 0.9909
vn -0.2515 0.0625 0.9658
vn 0.0868 -0.1893 0.9781
vn -0.2519 0.5037 0.8264
vn 0.1026 0.5371 0.8372
vn -0.0868 0.9369 0.3386
vn -0.3384 0.3696 0.8654
vn -0.3775 0.7389 0.5581
vn -0.2753 0.3853 0.8808
vn -0.5026 0.0554 0.8628
vn -0.3619 0.0793 0.9288
vn -0.3746 -0.1029 0.9214
vn -0.3534 -0.8673 0.3507
vn -0.3416 -0.3390 0.8766
vn -0.2647 -0.0959 0.9596
vn -0.2765 0.2198 0.9355
vn -0.2132 0.2683 0.9394
vn -0.1730 -0.7004 0.6925
vn -0.0391 -0.9747 0.2201
vn -0.4026 0.4498 0.7972
vn -0.1259 -0.9690 0.2127
vn -0.1727 -0.9747 0.1415
vn -0.6054 -0.5426 0.5823
vn -0.5272 -0.8185 0.2282
vn -0.9056 -0.3468 0.2441
vn -0.5586 -0.7605 0.3310
vn -0.5750 -0.8117 0.1024
vn -0.9817 -0.1494 0.1178
vn -0.6971 -0.6839 0.2151
vn -0.9743 -0.1628 0.1559
vn -0.8042 -0.5636 0.1887
vn -0.8245 0.4136 0.3862
vn -0.7115 0.6832 0.1644
vn -0.6958 0.6105 0.3783
vn -0.4983 0.8155 0.2945
vn -0.5527 0.8120 0.1876
vn -0.6734 0.5170 0.5285
vn -0.8541 -0.5153 -0.0711
vn -0.9910 -0.1339 0.0079
vn -0.8645 0.4403 -0.2426
vn -0.7029 -0.1426 -0.6968
vn -0.7691 0.5730 -0.2831
vn -0.7041 0.6584 -0.2661
vn -0.9405 0.1330 -0.3127
vn -0.9649 0.1150 -0.2362
vn -0.8338 0.4987 0.2367
vn -0.9903 0.1345 0.0342
vn -0.9731 -0.0194 -0.2296
vn -0.8650 -0.3216 -0.3851
vn -0.9485 0.1941 0.2503
vn -0.9767 -0.1005 0.1898
vn -0.4100 -0.8856 -0.2183
vn -0.9840 0.0364 -0.1743
vn -0.4396 -0.8591 -0.2622
vn -0.9994 -0.0132 0.0333
vn -0.4684 -0.7914 0.3928
vn -0.9639 -0.1487 0.2207
vn -0.6766 -0.6810 0.2802
vn -0.9748 0.0130 0.2228
vn -0.6547 -0.7384 0.1616
vn -0.9755 -0.0054 0.2201
vn -0.9489 0.2161 0.2302
vn -0.9243 0.0903 0.3709
vn -0.8520 0.1917 0.4873
vn -0.8216 -0.1184 0.5576
vn -0.4815 0.7833 0.3931
vn -0.7104 0.1304 0.6916
vn -0.6147 0.5666 0.5488
vn -0.5446 0.5522 0.6313
vn -0.7041 0.1493 0.6942
vn -0.5328 0.6926 0.4862
vn -0.7171 0.1401 0.6828
vn -0.7108 -0.0907 0.6975
vn -0.3219 0.4889 0.8108
vn -0.3875 0.0172 0.9217
vn -0.6023 -0.0548 0.7964
vn -0.4096 -0.1871 0.8929
vn -0.5054 -0.6793 0.5321
vn 0.0187 -0.7277 0.6856
vn -0.2192 -0.4725 0.8536
vn -0.3781 -0.2131 0.9009
vn -0.2483 -0.3398 0.9071
vn -0.5382 -0.2034 0.8179
vn -0.3201 -0.0755 0.9444
vn -0.4181 -0.0441 0.9073
vn -0.5166 -0.1152 0.8484
vn -0.3752 -0.1334 0.9173
vn -0.2121 -0.1318 0.9683
vn -0.1467 -0.1942 0.9699
vn -0.3253 -0.9375 -0.1238
vn -0.2190 -0.8743 0.4331
vn -0.0674 -0.4926 0.8676
vn -0.0704 -0.1737 0.9823
vn 0.0347 -0.1493 0.9882
vn -0.1282 -0.2650 0.9557
vn -0.0678 -0.3063 0.9495
vn 0.0040 -0.3543 0.9351
vn -0.2697 -0.2096 0.9399
vn -0.0185 -0.3644 0.9310
vn -0.0005 -0.5911 0.8066
vn -0.1760 -0.1908 0.9657
vn -0.3755 -0.1377 0.9165
vn -0.1090 -0.1013 0.9889
vn -0.2761 -0.0871 0.9572
vn 0.0943 -0.1609 0.9825
vn -0.4898 -0.0905 0.8671
vn 0.2310 -0.4459 0.8648
vn 0.2883 -0.1665 0.9430
vn 0.2460 -0.7492 0.6150
vn 0.6766 -0.3306 0.6580
vn 0.5826 -0.1506 0.7987
vn 0.6360 -0.6889 0.3476
vn -0.1307 -0.8150 0.5646
vn -0.5318 -0.1268 0.8374
vn -0.6450 -0.1051 0.7569
vn -0.6420 -0.0979 0.7604
vn -0.7657 -0.1113 0.6336
vn -0.8090 -0.1285 0.5736
vn -0.7507 -0.1221 0.6493
vn -0.9155 -0.1231 0.3830
vn -0.8817 -0.1315 0.4530
vn -0.9435 -0.1025 0.3150
vn -0.9892 -0.0401 0.1407
vn -0.9931 -0.0785 0.0876
vn -0.9904 -0.0377 -0.1332
vn -0.9355 0.0732 0.3458
vn -0.9888 0.0494 -0.1411
vn -0.9935 0.0618 -0.0960
vn -0.9894 0.0828 0.1190
vn -0.9987 0.0242 0.0454
vn -0.9511 0.0549 0.3040
vn -0.8893 -0.0901 0.4483
vn -0.8742 0.0831 0.4784
vn -0.7855 -0.1505 0.6003
vn -0.8918 0.3238 0.3159
vn -0.9067 0.3254 0.2683
vn -0.8737 0.1325 0.4681
vn -0.7324 -0.1189 0.6704
vn -0.8908 0.2356 0.3885
vn -0.6753 -0.0338 0.7368
vn -0.8346 0.1376 0.5335
vn -0.5071 0.0039 0.8619
vn -0.4634 -0.0856 0.8820
vn -0.5606 -0.6213 0.5475
vn -0.6995 -0.0018 0.7146
vn 0.5829 -0.1297 0.8021
vn -0.1808 -0.0317 0.9830
vn -0.1808 0.0545 0.9820
vn 0.5365 0.1108 0.8366
vn 0.5355 0.8035 0.2599
vn 0.4266 0.0873 0.9002
vn 0.4388 -0.2335 0.8677
vn 0.3851 -0.6212 0.6825
vn 0.4162 -0.8150 0.4031
vn 0.0652 -0.9020 0.4267
vn 0.3033 -0.2228 0.9265
vn 0.2946 -0.1606 0.9420
vn 0.1358 -0.3026 0.9434
vn 0.1198 -0.9926 -0.0212
vn 0.0916 -0.2329 0.9682
vn 0.2048 -0.1899 0.9602
vn 0.1573 -0.1068 0.9818
vn 0.0726 -0.1320 0.9886
vn 0.0230 -0.3795 0.9249
vn 0.1043 -0.1974 0.9748
vn 0.1607 -0.1971 0.9671
vn 0.0761 -0.3151 0.9460
vn -0.0758 -0.4682 0.8804
vn 0.2823 -0.1128 0.9527
vn 0.0703 -0.1774 0.9816
vn 0.2631 -0.1549 0.9522
vn -0.1884 -0.2371 0.9530
vn -0.0978 -0.1031 0.9899
vn 0.1470 -0.0784 0.9860
vn -0.3320 -0.1481 0.9316
vn 0.3701 -0.0739 0.9261
vn -0.3503 -0.4296 0.8323
vn -0.6456 -0.1522 0.7483
vn -0.7470 -0.4566 0.4832
vn -0.4497 -0.8321 0.3245
vn -0.9572 -0.1787 0.2276
vn -0.7279 -0.6776 0.1051
vn 0.4778 -0.1103 0.8715
vn 0.6052 -0.0870 0.7913
vn 0.4002 -0.0869 0.9123
vn 0.7369 -0.1095 0.6671
vn 0.7780 -0.1045 0.6195
vn 0.8170 -0.0840 0.5705
vn 0.8863 -0.1192 0.4476
vn 0.5953 -0.0836 0.7991
vn 0.9170 -0.1278 0.3779
vn 0.3810 -0.2050 0.9016
vn 0.7451 -0.1318 0.6538
vn 0.5423 -0.1337 0.8295
vn 0.4928 0.0010 0.8701
vn 0.7512 0.0175 0.6598
vn 0.8728 0.0344 0.4869
vn 0.9365 0.0835 0.3406
vn 0.8968 0.0948 0.4322
vn 0.7921 -0.0030 0.6104
vn 0.5969 -0.2888 0.7486
vn 0.7867 -0.2046 0.5825
vn 0.7120 -0.2119 0.6695
vn 0.9314 -0.0307 0.3628
vn 0.7252 -0.6218 0.2956
vn 0.9701 0.0389 0.2394
vn 0.9881 -0.0336 0.1503
vn 0.9815 0.1898 0.0252
vn 0.9993 0.0357 0.0073
vn 0.9992 -0.0006 0.0408
vn 0.9725 -0.0917 0.2143
vn 0.9677 -0.0851 0.2371
vn 0.9059 -0.0820 0.4155
vn 0.9981 -0.0620 0.0014
vn 0.9937 -0.0868 0.0710
vn 0.9895 -0.0558 -0.1334
vn 0.9787 -0.0067 -0.2051
vn 0.9363 -0.0609 -0.3458
vn 0.9876 0.0662 -0.1421
vn 0.9410 0.0119 -0.3383
vn 0.9595 0.0534 -0.2766
vn 0.9787 0.0629 -0.1956
vn 0.8936 0.0025 -0.4489
vn 0.9248 0.0202 -0.3800
vn 0.7944 -0.0756 -0.6027
vn 0.8968 -0.0592 -0.4385
vn 0.7882 -0.0560 -0.6128
vn 0.6408 -0.1211 -0.7581
vn 0.6165 -0.0592 -0.7852
vn 0.8407 0.0397 -0.5400
vn 0.4706 -0.0970 -0.8770
vn 0.7121 -0.0643 -0.6991
vn 0.4259 -0.2185 -0.8780
vn 0.2973 -0.1350 -0.9452
vn 0.5464 -0.1595 -0.8222
vn 0.6666 0.0655 -0.7426
vn 0.2083 -0.3339 -0.9193
vn 0.0339 -0.1601 -0.9865
vn -0.2477 -0.1270 -0.9605
vn -0.0784 -0.2785 -0.9572
vn 0.6179 -0.0181 -0.7861
vn 0.3489 -0.2199 -0.9110
vn 0.5437 -0.0794 -0.8355
vn 0.5521 -0.0387 -0.8329
vn 0.4846 -0.0025 -0.8747
vn 0.5529 -0.0232 -0.8329
vn 0.2078 -0.2467 -0.9465
vn 0.2377 -0.0618 -0.9694
vn 0.0558 -0.4384 -0.8970
vn -0.0653 -0.4873 -0.8708
vn -0.3932 -0.3189 -0.8624
vn -0.3337 -0.6687 -0.6645
vn -0.6685 -0.3527 -0.6547
vn -0.4031 -0.8100 -0.4260
vn -0.1121 -0.5865 -0.8022
vn -0.2270 -0.8392 -0.4941
vn 0.1330 -0.8661 -0.4819
vn 0.0503 -0.7880 -0.6136
vn -0.1010 -0.6788 -0.7273
vn -0.0220 -0.4770 -0.8786
vn 0.0681 -0.5844 -0.8086
vn 0.0536 -0.2642 -0.9630
vn 0.0022 -0.3794 -0.9252
vn 0.0649 -0.0634 -0.9959
vn -0.0206 -0.1403 -0.9899
vn 0.0560 0.0661 -0.9962
vn -0.0397 -0.0971 -0.9945
vn 0.1154 -0.0266 -0.9930
vn 0.2379 0.1079 -0.9653
vn 0.2351 -0.1071 -0.9660
vn 0.3312 -0.0541 -0.9420
vn 0.4000 0.0683 -0.9140
vn 0.5452 0.0547 -0.8365
vn 0.6610 -0.1263 -0.7397
vn 0.7674 -0.1868 -0.6133
vn 0.8057 -0.0129 -0.5922
vn 0.6499 -0.5586 -0.5154
vn 0.6793 0.0005 -0.7338
vn 0.6562 -0.0208 -0.7543
vn 0.4248 -0.8889 -0.1712
vn 0.5965 0.1657 -0.7853
vn 0.6769 0.3265 -0.6597
vn 0.9483 -0.1953 -0.2500
vn 0.6746 -0.6262 -0.3910
vn 0.9276 -0.0378 -0.3718
vn 0.8212 0.0387 -0.5693
vn 0.7610 0.1877 -0.6210
vn 0.8691 0.1190 -0.4801
vn 0.8833 0.3155 -0.3469
vn 0.9281 -0.1824 -0.3245
vn 0.9674 0.1254 -0.2198
vn 0.8906 0.3313 -0.3115
vn 0.4247 0.8674 -0.2592
vn 0.3853 0.8108 -0.4406
vn 0.3485 0.9316 -0.1028
vn 0.6217 0.6366 -0.4563
vn 0.5887 0.7708 -0.2436
vn 0.5930 0.4980 -0.6327
vn 0.6856 -0.3776 -0.6224
vn 0.5974 0.4037 -0.6930
vn 0.3713 -0.6158 -0.6949
vn 0.4254 -0.8111 -0.4016
vn 0.1578 -0.9692 -0.1891
vn 0.2047 -0.8964 -0.3932
vn 0.4747 -0.5773 -0.6644
vn 0.6459 -0.5198 -0.5592
vn 0.6409 -0.0078 -0.7675
vn 0.3542 -0.9125 -0.2046
vn 0.4945 -0.8388 -0.2278
vn 0.6128 -0.7775 -0.1414
vn 0.7748 -0.6005 -0.1975
vn 0.3783 0.9223 -0.0791
vn 0.5199 -0.8348 -0.1811
vn 0.9470 -0.2918 -0.1342
vn 0.8004 0.4317 -0.4159
vn 0.1442 0.9375 -0.3167
vn 0.8690 0.4270 -0.2503
vn 0.9542 0.1646 -0.2497
vn 0.7072 0.6924 0.1429
vn 0.6226 -0.6936 0.3624
vn 0.9643 0.2645 0.0161
vn 0.9281 0.2883 0.2357
vn 0.9898 0.0724 0.1225
vn 0.9944 -0.0021 -0.1057
vn 0.7474 -0.5617 -0.3548
vn 0.9851 -0.1057 0.1354
vn 0.9838 -0.1645 -0.0715
vn 0.9767 0.0126 0.2142
vn 0.4238 -0.8784 0.2206
vn 0.7517 -0.6227 0.2172
vn 0.3814 -0.8953 -0.2301
vn 0.9927 0.0613 -0.1043
vn 0.9995 -0.0271 -0.0151
vn 0.5546 -0.6582 0.5091
vn 0.9850 -0.0081 0.1722
vn 0.9033 0.0609 0.4247
vn 0.8396 -0.0401 0.5417
vn 0.9299 0.2037 0.3063
vn 0.8333 0.1023 0.5433
vn 0.6458 0.7310 0.2204
vn 0.6687 0.1266 0.7326
vn 0.6790 0.5873 0.4405
vn 0.1065 0.9879 0.1128
vn 0.1600 0.9856 0.0556
vn 0.1928 0.8833 0.4273
vn 0.2994 0.9301 0.2128
vn 0.8326 0.5178 0.1968
vn 0.9229 -0.2207 0.3155
vn 0.3298 0.8552 0.3998
vn 0.7640 0.5767 0.2892
vn 0.6621 -0.7327 0.1576
vn 0.4735 -0.8757 0.0947
vn 0.6921 -0.6605 0.2910
vn 0.7236 0.5314 0.4404
vn 0.3239 -0.9315 0.1658
vn 0.6756 -0.5733 0.4635
vn 0.7165 0.3309 0.6141
vn 0.4906 -0.7594 0.4272
vn 0.7142 -0.4236 0.5572
vn 0.2370 -0.9314 0.2763
vn 0.6162 0.5211 0.5906
vn 0.6051 0.5350 0.5896
vn 0.6949 0.2389 0.6783
vn 0.4191 -0.5217 0.7431
vn 0.0474 -0.9144 0.4021
vn 0.2054 -0.9315 0.3001
vn 0.1493 -0.6206 0.7698
vn 0.2758 -0.5277 0.8034
vn 0.2363 0.0789 0.9685
vn 0.3618 0.3463 0.8655
vn 0.1970 0.2284 0.9534
vn 0.2980 0.5742 0.7625
vn 0.6960 0.1824 0.6945
vn 0.1587 0.4477 0.8800
vn 0.3476 0.0151 0.9375
vn 0.6939 -0.0718 0.7165
vn 0.6341 0.0103 0.7732
vn 0.6381 -0.0679 0.7669
vn 0.3897 -0.8382 0.3815
vn 0.3208 -0.1903 0.9278
vn -0.1225 -0.8487 0.5145
vn 0.2095 -0.1677 0.9633
vn 0.2212 -0.0476 0.9741
vn 0.3533 0.0085 0.9355
vn 0.1574 0.8031 0.5747
vn 0.3307 0.7877 0.5198
vn 0.2202 0.2753 0.9358
vn 0.1815 -0.0946 0.9788
vn -0.0940 -0.0791 0.9924
vn 0.3052 0.0002 0.9523
vn -0.2368 0.0810 0.9682
vn -0.9894 0.1021 0.1029
vn -0.9771 -0.2128 0.0008
vn -0.9312 0.3631 0.0324
vn -0.0473 -0.9974 -0.0553
vn -0.9927 0.1182 -0.0223
vn -0.9805 -0.1806 -0.0776
vn -0.0160 -0.9874 -0.1577
vn -0.9981 -0.0472 0.0401
vn -0.9607 0.2759 -0.0300
vn -0.9985 0.0468 -0.0297
vn -0.6402 0.7513 0.1603
vn -0.9674 -0.2206 -0.1245
vn -0.9769 0.2132 -0.0141
vn -0.0789 -0.9195 -0.3851
vn -0.1340 -0.8955 -0.4244
vn -0.9945 -0.0711 -0.0773
vn -0.9909 0.1335 0.0181
vn -0.9937 0.1019 -0.0459
vn -0.9990 0.0236 -0.0369
vn -0.0397 -0.8889 -0.4564
vn -0.0167 -0.9675 -0.2523
vn -0.0240 -0.9675 -0.2515
vn -0.0397 -0.9076 -0.4180
vn -0.0396 -0.9534 -0.2992
vn -0.0553 -0.8666 -0.4960
vn -0.0159 -0.9659 -0.2585
vn -0.0553 -0.8803 -0.4713
vn -0.0318 -0.9261 -0.3760
vn 0.0784 -0.9687 -0.2356
vn 0.6520 -0.5740 -0.4954
vn 0.2134 0.0949 0.9723
vn 0.2981 0.1569 0.9415
vn -0.3547 0.3075 0.8830
vn 0.2040 0.3377 0.9189
vn -0.9829 0.1730 0.0628
vn -0.7663 0.4503 0.4582
vn 0.0862 0.4644 0.8814
vn -0.8703 0.4272 0.2452
vn -0.2604 0.5907 0.7637
vn -0.9603 0.2676 -0.0787
vn -0.1343 0.2292 0.9641
vn -0.9741 -0.0786 -0.2120
vn -0.0001 0.1657 0.9862
vn 0.2448 0.2684 0.9317
vn 0.0079 0.3068 0.9518
vn -0.4955 0.4561 0.7392
vn 0.0864 0.3221 0.9428
vn 0.0631 0.4494 0.8911
vn 0.5339 0.2198 0.8165
vn -0.2052 0.3000 0.9316
vn -0.1499 0.2841 0.9470
vn 0.7242 0.2204 0.6534
vn -0.1104 0.2131 0.9708
vn 0.2437 0.3301 0.9119
vn 0.7475 0.2124 0.6294
vn 0.1261 0.2994 0.9458
vn 0.1098 0.4000 0.9099
vn 0.4489 0.1418 0.8823
vn 0.0474 0.2921 0.9552
vn 0.1960 0.9801 -0.0313
vn 0.0789 0.3552 0.9315
vn 0.2209 0.3155 0.9229
vn 0.2283 0.3778 0.8973
vn 0.6352 0.1333 0.7607
vn 0.5834 -0.0158 0.8120
vn 0.6551 -0.4025 0.6393
vn -0.2756 -0.0315 0.9608
vn 0.2995 -0.5597 0.7727
vn 0.7634 -0.4722 0.4407
vn 0.6987 0.0392 0.7143
vn 0.3941 0.4730 0.7880
vn 0.4802 0.4958 0.7236
vn 0.2903 0.4865 0.8241
vn 0.2577 0.5960 0.7605
vn -0.4824 0.7163 0.5042
vn -0.1018 0.6506 0.7525
vn -0.8906 0.4171 0.1810
vn -0.9795 0.0463 -0.1963
vn -0.4660 0.5849 0.6639
vn -0.7028 -0.3713 -0.6068
vn -0.9623 -0.2364 -0.1342
vn 0.1960 0.4731 0.8589
vn 0.0786 -0.9511 0.2986
vn -0.7411 -0.6545 0.1497
vn -0.6601 -0.3855 -0.6447
vn -0.5190 -0.5427 -0.6604
vn -0.6454 -0.5118 -0.5670
vn -0.6213 -0.6371 -0.4562
vn 0.8192 0.2048 0.5357
vn -0.2196 0.2825 0.9338
vn 0.9752 0.0629 -0.2123
vn 0.7976 0.4265 0.4265
vn -0.0705 0.4555 0.8874
vn 0.7731 -0.1183 -0.6232
vn -0.0079 0.2518 0.9677
vn 0.9610 0.2599 -0.0945
vn 0.8788 0.4237 0.2197
vn 0.1106 0.3636 0.9250
vn -0.2282 0.2675 0.9361
vn -0.1961 0.2746 0.9414
vn -0.2596 0.3383 0.9045
vn -0.1810 0.3462 0.9205
vn -0.2124 0.2517 0.9442
vn -0.4820 -0.1106 0.8691
vn -0.3449 0.3527 0.8699
vn 0.2354 0.4472 0.8629
vn 0.0788 0.4895 0.8684
vn -0.2354 0.4315 0.8709
vn -0.5037 0.5745 0.6452
vn 0.0475 0.6572 0.7522
vn -0.3296 0.4317 0.8397
vn -0.3072 0.4568 0.8348
vn -0.3140 0.3768 0.8714
vn -0.3147 0.4802 0.8187
vn -0.0713 0.5587 0.8263
vn 0.9115 0.3695 0.1806
vn 0.6633 0.5524 0.5049
vn 0.6056 0.5346 0.5895
vn -0.2282 0.4421 0.8675
vn 0.8654 -0.3546 -0.3539
vn 0.8951 -0.1103 -0.4320
vn 0.5502 -0.5111 -0.6603
vn 0.6982 -0.3303 -0.6351
vn 0.9542 0.2907 -0.0707
vn 0.8907 -0.2290 -0.3928
vn -0.0536 0.5919 0.8042
vn 0.5280 0.6772 0.5125
vn 0.0160 0.7039 0.7101
vn 0.0741 0.4816 0.8732
vn -0.5391 0.4110 0.7352
vn -0.3473 0.5205 0.7800
vn -0.4948 0.3376 0.8008
vn -0.7630 -0.1102 0.6369
vn -0.4170 0.3226 0.8497
vn -0.4175 0.0709 0.9059
vn -0.6237 -0.0158 0.7815
vn -0.5454 -0.5216 0.6561
vn -0.7394 -0.4877 0.4641
vn -0.3300 0.1256 0.9356
vn -0.3300 0.2362 0.9139
vn -0.4314 0.1345 0.8921
vn -0.2742 0.3300 0.9033
vn -0.3689 0.2306 0.9004
vn -0.5451 0.0484 0.8370
vn -0.4744 0.0972 0.8749
vn -0.6122 -0.0842 0.7862
vn -0.7846 -0.1595 0.5991
vn -0.7232 -0.2543 0.6421
vn -0.5655 0.0215 0.8245
vn -0.7271 -0.1056 0.6783
vn -0.4749 0.2017 0.8566
vn -0.9765 0.1104 0.1848
vn -0.8630 -0.2025 0.4629
vn -0.9723 0.1315 0.1933
vn -0.9610 0.1099 0.2537
vn -0.7660 -0.0911 0.6363
vn -0.9608 0.0288 0.2758
vn -0.6082 -0.3392 0.7177
vn -0.5084 -0.2247 0.8313
vn -0.6207 0.0267 0.7836
vn -0.3526 -0.0222 0.9355
vn -0.3138 -0.3837 0.8685
vn -0.6792 0.2076 0.7040
vn -0.4174 0.1739 0.8919
vn -0.9701 0.1372 0.2000
vn -0.3411 0.3702 0.8641
vn -0.3539 0.3296 0.8753
vn -0.6786 0.2979 0.6714
vn -0.2250 0.1554 0.9619
vn -0.2533 -0.0466 0.9663
vn -0.6894 0.3688 0.6234
vn -0.3443 0.5591 0.7542
vn -0.2068 0.3758 0.9033
vn -0.2264 0.2349 0.9453
vn -0.1949 0.4074 0.8922
vn -0.2536 0.6153 0.7464
vn -0.2513 0.5803 0.7746
vn -0.1782 0.5792 0.7955
vn -0.1708 0.7280 0.6639
vn -0.2076 0.7660 0.6084
vn -0.2330 0.8775 0.4191
vn -0.1422 0.8544 0.4998
vn -0.2710 0.7851 0.5569
vn -0.2028 0.9709 0.1271
vn -0.2148 0.9323 0.2909
vn -0.5964 0.5456 0.5887
vn -0.5585 0.6792 0.4762
vn -0.9322 0.2670 0.2442
vn -0.9460 0.2961 0.1320
vn -0.5297 0.7856 0.3198
vn -0.5168 0.8494 0.1070
vn -0.2539 0.9671 0.0155
vn -0.8816 0.4667 0.0707
vn -0.8460 0.5302 -0.0565
vn -0.2136 0.9769 0.0076
vn -0.2143 0.9379 0.2729
vn -0.1291 0.8733 0.4698
vn -0.0627 0.9754 0.2113
vn -0.0743 0.9387 0.3366
vn -0.0897 0.7681 0.6340
vn -0.1239 0.9774 0.1712
vn -0.1514 0.9881 0.0260
vn -0.1838 0.9580 -0.2201
vn -0.5286 0.8396 0.1252
vn -0.5251 0.7557 0.3914
vn -0.0426 0.8589 0.5104
vn -0.7256 0.5176 0.4534
vn -0.7811 0.5220 0.3426
vn -0.2855 0.7897 0.5430
vn -0.0832 0.7834 0.6159
vn -0.6920 0.4709 0.5472
vn 0.0378 0.7105 0.7027
vn -0.5127 0.6302 0.5831
vn -0.2113 0.7073 0.6746
vn -0.1228 0.6537 0.7467
vn -0.5755 0.5121 0.6376
vn -0.5033 0.5663 0.6527
vn -0.1415 0.8176 0.5581
vn -0.7796 0.2688 0.5656
vn -0.6776 0.3787 0.6305
vn -0.4250 0.5436 0.7238
vn -0.1729 0.5822 0.7945
vn -0.5819 0.3857 0.7159
vn -0.5128 0.3552 0.7815
vn -0.6455 -0.0079 0.7637
vn -0.3840 0.5565 0.7368
vn -0.2293 0.7593 0.6090
vn -0.1809 0.5901 0.7868
vn 0.6192 0.7838 0.0470
vn 0.4238 0.8163 0.3925
vn -0.2190 0.4397 0.8710
vn -0.1877 0.4899 0.8513
vn -0.2583 0.3561 0.8981
vn -0.2347 0.4429 0.8653
vn -0.4225 0.5612 0.7117
vn 0.3915 0.1181 0.9126
vn 0.3286 0.2508 0.9106
vn 0.5301 0.0639 0.8455
vn 0.3986 0.1827 0.8988
vn 0.2661 0.3539 0.8966
vn 0.6740 -0.0443 0.7374
vn 0.5306 0.0340 0.8469
vn 0.5982 0.0370 0.8005
vn 0.1798 0.4958 0.8496
vn 0.7720 -0.1492 0.6178
vn 0.8506 -0.1927 0.4893
vn 0.8468 -0.2215 0.4836
vn 0.7196 -0.1369 0.6808
vn 0.9645 0.2615 0.0382
vn 0.9281 0.3707 -0.0333
vn 0.9672 0.1297 0.2186
vn 0.9786 0.1310 0.1586
vn 0.9589 -0.1541 0.2382
vn 0.7598 -0.3535 0.5457
vn 0.7392 -0.2169 0.6376
vn 0.4752 -0.5303 0.7022
vn 0.8029 -0.0579 0.5933
vn 0.5371 -0.1990 0.8197
vn 0.3670 -0.1941 0.9098
vn 0.2939 -0.3942 0.8708
vn 0.2705 -0.0415 0.9618
vn 0.5704 0.0286 0.8209
vn 0.4433 0.0049 0.8964
vn 0.4246 0.1576 0.8915
vn 0.3222 0.1951 0.9263
vn 0.2278 0.2801 0.9325
vn 0.2477 0.0391 0.9680
vn 0.2006 0.3216 0.9254
vn 0.2150 0.5259 0.8229
vn 0.6162 0.2126 0.7584
vn 0.3620 0.3710 0.8552
vn 0.2650 0.4203 0.8678
vn 0.2296 0.6181 0.7519
vn 0.2321 0.7242 0.6494
vn 0.3547 0.5913 0.7243
vn 0.2485 0.7866 0.5652
vn 0.1499 0.8789 0.4529
vn 0.1736 0.9358 0.3069
vn 0.3086 0.5756 0.7572
vn 0.2576 0.7455 0.6147
vn 0.2882 0.8956 0.3388
vn 0.2012 0.9780 0.0552
vn 0.5740 0.4891 0.6568
vn 0.2307 0.9035 0.3612
vn 0.2339 0.9677 0.0945
vn 0.5087 0.6994 0.5021
vn 0.3743 0.9149 0.1511
vn 0.5786 0.8144 -0.0442
vn 0.6987 0.6596 0.2771
vn 0.9380 0.3342 0.0922
vn 0.8745 0.4832 -0.0420
vn 0.9142 0.3455 0.2118
vn 0.5606 0.8240 0.0822
vn 0.2069 0.9771 -0.0490
vn 0.1750 0.9359 0.3058
vn 0.1703 0.9785 0.1160
vn 0.3028 0.9271 -0.2207
vn 0.1816 0.9528 -0.2432
vn 0.1865 0.9809 -0.0551
vn 0.1093 0.9898 0.0915
vn 0.1874 0.9799 0.0687
vn 0.1146 0.9635 0.2420
vn 0.0577 0.9172 0.3942
vn 0.4982 0.7934 0.3497
vn 0.5409 0.8321 0.1225
vn 0.1056 0.8468 0.5213
vn 0.0657 0.8364 0.5441
vn 0.1702 0.6691 0.7234
vn 0.9677 0.1569 0.1973
vn 0.7511 0.2666 0.6040
vn 0.9744 0.1116 0.1953
vn 0.3943 0.4546 0.7986
vn 0.5796 0.1708 0.7968
vn 0.3383 0.3183 0.8856
vn 0.2959 0.3080 0.9042
vn 0.2104 0.4502 0.8678
vn 0.1541 0.6069 0.7797
vn 0.0171 0.7489 0.6625
vn 0.1406 0.6883 0.7116
vn 0.1372 0.7088 0.6920
vn 0.0650 0.7630 0.6431
vn 0.1147 0.7739 0.6229
vn 0.3135 0.5432 0.7789
vn 0.2126 0.7259 0.6541
vn 0.2372 0.7826 0.5756
vn 0.5288 0.7164 0.4551
vn 0.7913 0.5249 0.3134
vn 0.7501 0.4950 0.4387
vn 0.7239 0.4477 0.5249
vn 0.6153 0.6061 0.5040
vn 0.5753 0.5823 0.5744
vn 0.5933 0.4983 0.6323
vn 0.4951 0.5361 0.6838
vn 0.7609 0.2910 0.5799
vn 0.6404 0.4352 0.6328
vn 0.5033 0.5663 0.6527
vn 0.4826 0.4986 0.7201
vn 0.2606 0.1343 0.9561
vn 0.8778 0.0637 0.4748
vn 0.5971 0.1101 0.7946
vn 0.4884 -0.7483 0.4490
vn 0.3556 -0.9168 0.1818
vn 0.6406 -0.5774 0.5062
vn 0.2603 -0.9623 -0.0789
vn 0.6409 -0.7438 0.1899
vn 0.2125 -0.9602 0.1811
vn -0.1258 -0.7544 0.6443
vn 0.4237 -0.9024 -0.0784
vn 0.5021 -0.8631 0.0550
vn 0.4476 -0.8874 -0.1099
vn 0.5761 -0.7891 -0.2131
vn 0.6236 -0.7814 0.0237
vn 0.8096 -0.5817 0.0786
vn 0.7964 -0.5599 -0.2287
vn 0.9411 -0.3322 0.0633
vn 0.8172 -0.5186 0.2514
vn 0.9203 -0.3382 0.1966
vn 0.9654 -0.1805 0.1884
vn 0.8903 -0.2758 0.3623
vn 0.7972 -0.4026 0.4499
vn 0.9359 -0.1415 0.3225
vn 0.9432 -0.0393 0.3300
vn 0.8782 -0.1345 0.4589
vn -0.5767 -0.4977 0.6479
vn 0.2121 0.5108 0.8331
vn -0.3609 -0.9179 -0.1647
vn 0.3150 0.7167 0.6222
vn 0.4647 0.6301 0.6221
vn 0.0473 0.8523 0.5208
vn 0.4165 0.6990 0.5813
vn 0.5727 -0.8160 0.0784
vn -0.0079 -0.8928 -0.4503
vn 0.8190 -0.3938 0.4173
vn -0.0550 -0.8427 -0.5355
vn 0.7887 -0.0082 0.6148
vn 0.8443 -0.3628 0.3943
vn -0.4024 -0.6707 -0.6231
vn -0.5510 -0.5825 -0.5976
vn 0.5824 0.0627 0.8105
vn -0.3533 -0.7994 -0.4861
vn -0.7899 -0.5925 -0.1583
vn -0.2921 -0.9000 0.3236
vn -0.0943 0.5749 0.8128
vn 0.4426 -0.3398 0.8299
vn 0.5773 -0.5775 0.5773
vn 0.4102 0.0947 0.9071
vn 0.5962 -0.8004 -0.0632
vn 0.6862 -0.5837 -0.4340
vn 0.6781 -0.7254 -0.1182
vn 0.4802 -0.7008 -0.5275
vn -0.0000 -0.9263 0.3768
vn 0.2445 -0.7494 -0.6153
vn -0.6381 -0.7484 0.1812
vn -0.7625 -0.5818 0.2830
vn 0.3404 -0.6649 -0.6649
vn 0.2590 0.0314 0.9654
vn 0.7865 0.6135 0.0708
vn 0.7484 0.6461 -0.1497
vn 0.7480 0.4409 -0.4961
vn 0.7797 0.4804 -0.4016
vn 0.8605 0.3868 -0.3315
vn 0.5826 0.8030 0.1259
vn 0.7483 0.3309 -0.5750
vn -0.1261 0.4963 0.8589
vn -0.1738 0.6084 0.7744
vn 0.5426 0.6841 0.4875
vn -0.2992 0.2756 0.9135
vn 0.1730 0.5820 0.7945
vn -0.0787 0.2676 0.9603
vn -0.0866 0.4169 0.9048
vn -0.0158 0.3631 0.9316
vn 0.0869 0.2527 0.9636
vn 0.1180 0.5507 0.8263
vn 0.0314 0.4088 0.9121
vn 0.3539 0.6291 0.6921
vn 0.2359 0.4872 0.8408
vn 0.6321 0.2687 -0.7268
vn -0.6427 0.2587 -0.7211
vn 0.0315 0.5832 -0.8117
vn 0.6226 0.7408 -0.2521
vn -0.4174 0.8031 0.4252
vn -0.5926 0.7506 0.2924
vn -0.4342 0.1263 0.8919
vn -0.8190 0.3938 0.4174
vn -0.8131 0.4420 -0.3789
vn 0.0393 0.8179 0.5741
vn -0.7956 0.5908 -0.1339
vn -0.7719 0.4726 -0.4253
vn -0.7819 0.5766 -0.2369
vn -0.3221 0.9035 0.2828
vn -0.2448 0.8924 0.3791
vn -0.6454 0.7635 0.0236
vn -0.8541 0.3638 -0.3717
vn -0.7671 0.3242 -0.5536
vn -0.8673 0.4337 -0.2444
vn -0.7253 0.6465 0.2365
vn -0.6630 0.1816 -0.7262
vn -0.0315 0.4088 0.9121
vn -0.0711 0.4743 0.8775
vn -0.0631 0.5053 0.8606
vn -0.7950 0.6061 0.0237
vn 0.1340 0.3626 0.9223
vn 0.3228 0.2756 0.9055
vn -0.1818 0.5850 0.7904
vn 0.3305 0.3935 0.8578
vn 0.5676 -0.2698 0.7779
vn 0.3443 0.1433 0.9279
vn -0.2589 -0.4299 0.8649
vn 0.3565 -0.2183 0.9084
vn 0.5315 -0.7115 0.4597
vn -0.3328 0.5109 0.7926
vn 0.4551 -0.5696 0.6844
vn 0.4774 -0.8375 0.2658
vn 0.4883 -0.5656 0.6646
vn 0.3490 -0.9226 -0.1641
vn 0.5386 -0.2489 0.8050
vn -0.5802 -0.7820 0.2276
vn -0.1629 -0.8038 -0.5722
vn -0.5481 -0.4353 -0.7143
vn -0.9026 0.1621 -0.3987
vn -0.8110 -0.1726 0.5590
vn -0.7072 0.6630 0.2456
vn -0.7847 0.5750 -0.2315
vn -0.4760 0.6940 0.5403
vn -0.5341 0.5332 0.6561
vn -0.3746 0.6574 0.6539
vn -0.0932 0.9020 0.4215
vn -0.0300 0.7704 0.6369
vn -0.0799 0.5204 0.8501
vn -0.0263 0.4698 0.8824
vn 0.2762 0.0915 0.9567
vn 0.1313 0.5405 0.8310
vn 0.3875 0.2705 0.8813
vn 0.2768 -0.0011 0.9609
vn 0.1814 0.7372 0.6508
vn -0.0578 0.9452 0.3214
vn 0.3482 0.3862 0.8542
vn 0.0840 0.4331 0.8974
vn 0.5554 -0.2099 0.8047
vn -0.2532 0.2322 0.9391
vn -0.0656 -0.4656 0.8826
vn 0.2637 -0.8547 0.4472
vn 0.8107 -0.5790 0.0862
vn 0.8299 -0.1143 0.5461
vn 0.4325 0.5665 0.7015
vn 0.9919 0.0861 0.0936
vn 0.7155 -0.3087 -0.6267
vn 0.2331 0.7036 0.6712
vn 0.0019 0.2918 0.9565
vn 0.6576 0.7533 -0.0081
vn 0.7709 0.2444 -0.5882
vn 0.5189 -0.0046 -0.8548
vn 0.6743 0.4199 -0.6075
vn 0.3035 0.5635 0.7684
vn -0.1038 0.4093 0.9065
vn 0.5836 0.7205 0.3746
vn 0.7675 0.5902 -0.2500
vn 0.9653 0.1067 -0.2385
vn 0.6228 0.3394 0.7050
vn 0.0006 -0.1504 0.9886
vn 0.1726 0.6803 0.7123
vn 0.0249 0.1686 0.9854
vn -0.5190 -0.2296 0.8234
vn 0.2843 0.6994 0.6557
vn -0.0629 0.7892 0.6109
vn 0.0064 0.1556 0.9878
vn -0.2617 -0.0286 0.9647
vn -0.0107 0.2275 0.9737
vn -0.0379 -0.2771 0.9601
vn 0.1688 -0.2666 0.9489
vn 0.0879 0.7954 0.5997
vn 0.0554 0.3140 0.9478
vn 0.0390 0.9030 0.4279
vn 0.6717 0.4351 0.5996
vn 0.8608 -0.3916 0.3250
vn 0.9587 0.2837 0.0215
vn 0.4911 0.8705 -0.0317
vn 0.7167 0.4665 -0.5184
vn 0.3892 0.3251 -0.8619
vn 0.0287 0.9523 -0.3038
vn 0.0203 0.4473 -0.8941
vn 0.0528 0.9981 -0.0330
vn 0.0704 0.8218 -0.5653
vn 0.0942 0.4117 -0.9065
vn 0.2814 0.9517 -0.1228
vn 0.4562 0.7742 -0.4387
vn 0.5650 0.6485 -0.5101
vn 0.3957 0.6766 0.6210
vn 0.3668 0.9277 0.0696
vn 0.2324 0.9719 0.0372
vn 0.2891 0.9565 -0.0398
vn 0.1580 0.9237 0.3489
vn 0.1932 0.9777 0.0821
vn 0.1316 0.9899 -0.0525
vn 0.1085 0.6849 0.7205
vn 0.0953 0.9568 0.2746
vn 0.0943 0.9934 0.0648
vn 0.0126 0.9997 -0.0208
vn 0.0440 0.9729 -0.2270
vn -0.0845 0.9396 -0.3315
vn 0.0632 0.9775 -0.2013
vn 0.0793 0.9902 0.1148
vn 0.0067 0.9511 0.3088
vn 0.0419 0.9018 0.4300
vn -0.0260 0.8212 0.5700
vn 0.0036 0.6875 0.7262
vn -0.1783 0.5815 0.7938
vn -0.0107 0.3598 0.9330
vn -0.1917 0.5575 0.8078
vn -0.3069 0.1114 0.9452
vn 0.0216 -0.0993 0.9948
vn -0.5052 0.0009 0.8630
vn -0.3395 -0.2139 0.9159
vn -0.4700 -0.5719 0.6724
vn -0.5265 -0.2825 0.8019
vn -0.2309 -0.3488 0.9083
vn 0.0505 -0.5755 0.8162
vn -0.3688 -0.7301 0.5753
vn -0.3268 -0.9309 0.1629
vn 0.1021 -0.9124 0.3963
vn -0.3367 -0.9201 0.1999
vn -0.0302 -0.9963 -0.0809
vn -0.2473 -0.9075 0.3394
vn -0.0720 -0.9942 0.0793
vn -0.0030 -0.9951 -0.0985
vn -0.0209 -0.9592 0.2818
vn 0.0979 -0.9942 0.0441
vn 0.0808 -0.9712 -0.2243
vn -0.5612 -0.3801 0.7352
vn -0.4624 -0.6754 0.5745
vn -0.4282 -0.8576 0.2847
vn -0.5638 -0.7121 0.4184
vn -0.3739 -0.9019 0.2162
vn -0.3394 -0.9263 -0.1634
vn -0.1600 -0.9037 -0.3972
vn -0.0353 -0.9562 -0.2906
vn 0.0309 -0.7597 -0.6495
vn 0.0696 -0.6096 -0.7897
vn 0.3781 -0.6454 -0.6637
vn 0.3446 -0.3729 -0.8615
vn 0.5515 -0.4964 -0.6704
vn 0.0146 0.0952 0.9954
vn -0.2601 -0.6827 0.6828
vn 0.1078 -0.1046 0.9887
vn 0.3846 -0.1160 0.9158
vn 0.5473 -0.1071 0.8301
vn 0.7327 -0.0984 0.6734
vn 0.6139 -0.1372 0.7774
vn 0.8304 -0.0899 0.5499
vn 0.3307 -0.1154 0.9366
vn 0.2676 -0.1506 0.9517
vn 0.2278 -0.0814 0.9703
vn 0.2148 -0.1216 0.9691
vn 0.0530 -0.1156 0.9919
vn -0.1740 -0.1424 0.9744
vn -0.0652 -0.1151 0.9912
vn -0.2381 -0.1150 0.9644
vn -0.5134 -0.1279 0.8486
vn -0.2634 -0.1025 0.9592
vn -0.3859 -0.0858 0.9185
vn -0.5074 -0.0994 0.8560
vn -0.4445 -0.1099 0.8890
vn -0.7062 -0.1013 0.7008
vn -0.6424 -0.1204 0.7568
vn -0.6752 -0.0811 0.7332
vn -0.7131 -0.0585 0.6986
vn -0.8291 -0.1026 0.5496
vn -0.8232 -0.1059 0.5578
vn -0.8164 -0.0639 0.5740
vn -0.8965 -0.0509 0.4402
vn -0.9450 -0.0518 0.3229
vn -0.9345 -0.0832 0.3460
vn -0.9080 -0.1005 0.4067
vn -0.9629 -0.0780 0.2584
vn -0.9941 -0.0534 0.0949
vn -0.9200 -0.1025 0.3781
vn -0.8515 -0.0917 0.5163
vn -0.9823 -0.0882 0.1654
vn -0.9955 -0.0701 0.0632
vn -0.9977 -0.0636 -0.0234
vn -0.9890 -0.0439 -0.1410
vn -0.9890 -0.0430 -0.1416
vn -0.9195 -0.0140 -0.3928
vn -0.9938 -0.0862 -0.0701
vn -0.9947 -0.0869 -0.0550
vn -0.9649 -0.0753 -0.2515
vn -0.9075 -0.0373 -0.4185
vn -0.7714 0.0114 -0.6363
vn -0.9774 -0.0530 -0.2045
vn -0.9400 -0.0415 -0.3388
vn -0.8959 -0.0622 -0.4398
vn -0.8570 -0.0592 -0.5120
vn -0.7831 -0.0448 -0.6202
vn -0.8162 -0.0721 -0.5733
vn -0.8596 -0.0250 -0.5104
vn -0.7544 -0.0607 -0.6536
vn -0.6852 -0.0480 -0.7268
vn -0.5722 -0.0477 -0.8188
vn -0.4984 0.0353 -0.8662
vn -0.1956 -0.0030 -0.9807
vn -0.4287 -0.0476 -0.9022
vn -0.5007 -0.0603 -0.8635
vn -0.6597 -0.0704 -0.7482
vn -0.6183 -0.1140 -0.7777
vn -0.4121 -0.1885 -0.8915
vn -0.7392 -0.0811 -0.6686
vn -0.0310 -0.1067 0.9938
vn -0.3590 -0.1081 0.9271
vn -0.2233 -0.1058 0.9690
vn 0.2499 -0.0758 0.9653
vn 0.1205 -0.1110 0.9865
vn -0.0228 -0.1345 0.9906
vn 0.3092 -0.1111 0.9445
vn 0.3686 -0.1153 0.9224
vn 0.5068 -0.1014 0.8560
vn 0.5939 -0.1184 0.7957
vn 0.5021 -0.0823 0.8609
vn 0.6769 -0.1003 0.7293
vn 0.7379 -0.0820 0.6699
vn 0.8143 -0.0883 0.5738
vn 0.8166 -0.0926 0.5698
vn 0.8825 -0.0653 0.4658
vn 0.9387 -0.0691 0.3377
vn 0.9149 -0.1053 0.3897
vn 0.9746 -0.0696 0.2130
vn 0.9940 -0.0541 0.0951
vn 0.9520 -0.0922 0.2918
vn 0.9969 -0.0462 -0.0632
vn 0.9961 -0.0865 0.0154
vn 0.9756 -0.0782 -0.2052
vn 0.9558 -0.0436 -0.2909
vn 0.9882 -0.0351 -0.1490
vn 0.8928 -0.0659 -0.4456
vn 0.7718 -0.0598 -0.6331
vn 0.8366 -0.0260 -0.5472
vn 0.9288 -0.0209 -0.3700
vn 0.7600 -0.0593 -0.6472
vn 0.7068 -0.0432 -0.7060
vn 0.6324 0.0328 -0.7739
vn 0.5488 -0.0308 -0.8354
vn 0.6014 -0.0664 -0.7962
vn 0.3685 -0.0572 -0.9279
vn 0.3142 0.0345 -0.9487
vn 0.1014 -0.0455 -0.9938
vn 0.4197 -0.0487 -0.9064
vn 0.1718 -0.0581 -0.9834
vn 0.3711 -0.0613 -0.9266
vn 0.1805 -0.0737 -0.9808
vn -0.0099 -0.0632 -0.9979
vn -0.0687 -0.0579 -0.9960
vn -0.2211 -0.0088 -0.9752
vn -0.3624 -0.0473 -0.9308
vn -0.4942 -0.0174 -0.8692
vn -0.2096 -0.0595 -0.9760
vn -0.6435 -0.0353 -0.7646
vn -0.4410 -0.0670 -0.8950
vn -0.5732 -0.0432 -0.8183
vn -0.7711 -0.0348 -0.6358
vn -0.6759 -0.0616 -0.7344
vn -0.8348 -0.0600 -0.5473
vn -0.6031 -0.1337 -0.7864
vn -0.5249 -0.1050 0.8447
vn -0.4428 -0.1366 0.8861
vn -0.6625 -0.0883 0.7439
vn -0.7452 -0.0909 0.6606
vn -0.8181 -0.0996 0.5664
vn -0.8579 -0.1004 0.5038
vn -0.8948 -0.0746 0.4402
vn -0.9593 -0.0496 0.2781
vn -0.9982 -0.0153 0.0572
vn -0.9730 -0.0707 0.2198
vn -0.9547 -0.0453 0.2941
vn -0.9176 -0.0597 0.3931
vn -0.9914 -0.0322 0.1272
vn -0.9986 -0.0336 -0.0404
vn -0.9959 -0.0339 0.0843
vn -0.9930 0.0001 -0.1179
vn -0.9952 -0.0218 -0.0957
vn -0.9913 -0.0250 -0.1296
vn -0.9996 -0.0194 0.0187
vn -0.9785 -0.0318 -0.2040
vn -0.8094 -0.5800 -0.0921
vn -0.9638 -0.1177 -0.2391
vn -0.9395 -0.0289 -0.3413
vn -0.9107 -0.0221 -0.4126
vn -0.9290 -0.0171 -0.3697
vn -0.8174 -0.0238 -0.5756
vn -0.7520 -0.0262 -0.6586
vn -0.9487 -0.0256 -0.3153
vn -0.9104 -0.0498 -0.4108
vn -0.8342 -0.3107 -0.4556
vn -0.3161 -0.9227 -0.2207
vn 0.7845 -0.5811 -0.2166
vn 0.4470 -0.8062 -0.3875
vn 0.8417 -0.5379 0.0471
vn 0.8757 -0.2958 -0.3816
vn 0.7318 -0.2707 -0.6254
vn 0.4927 -0.5624 -0.6640
vn 0.9629 -0.0405 -0.2669
vn 0.4632 -0.1786 -0.8681
vn 0.9979 -0.0307 -0.0572
vn 0.1703 -0.4730 -0.8645
vn 0.8782 -0.0328 -0.4771
vn 0.7354 -0.0669 -0.6744
vn 0.2115 -0.1505 -0.9657
vn 0.8193 -0.0203 -0.5730
vn 0.9348 -0.0123 -0.3549
vn 0.9857 -0.0069 -0.1686
vn -0.0074 -0.1324 -0.9912
vn -0.1733 -0.3322 -0.9271
vn 0.2296 -0.0541 -0.9718
vn -0.2753 -0.0945 -0.9567
vn -0.1541 -0.0548 -0.9865
vn -0.1471 -0.0476 -0.9880
vn 0.0258 -0.0372 -0.9990
vn 0.1599 -0.0234 -0.9869
vn 0.4565 -0.0410 -0.8888
vn 0.4265 -0.0255 -0.9041
vn 0.6889 -0.0334 -0.7241
vn 0.5112 -0.0634 -0.8571
vn 0.6884 -0.0274 -0.7248
vn 0.8758 -0.0402 -0.4810
vn 0.9392 -0.0258 -0.3424
vn 0.9805 -0.0481 -0.1904
vn 0.9936 -0.0191 -0.1116
vn 0.9955 -0.0430 -0.0840
vn 0.9953 -0.0577 0.0781
vn 0.9916 -0.0394 0.1235
vn 0.9403 -0.0722 0.3326
vn 0.9998 -0.0144 0.0119
vn 0.9961 -0.0432 0.0765
vn 0.9808 -0.0431 0.1901
vn 0.9923 -0.0355 0.1185
vn 0.9665 -0.0818 0.2434
vn 0.9072 -0.1271 0.4012
vn 0.9188 -0.0722 0.3880
vn 0.8136 -0.1116 0.5706
vn 0.8540 -0.0827 0.5136
vn 0.9520 -0.0764 0.2965
vn 0.3874 -0.1361 0.9118
vn 0.6432 -0.1083 0.7580
vn 0.0098 -0.1252 0.9921
vn 0.8360 -0.0913 0.5411
vn 0.3402 -0.1109 0.9338
vn 0.7833 -0.0909 0.6149
vn -0.3291 -0.1447 0.9331
vn -0.6498 -0.1075 0.7525
vn -0.3355 -0.0974 0.9370
vn 0.0420 -0.1194 0.9920
vn 0.5611 -0.1142 0.8199
vn 0.3731 -0.0744 0.9248
vn -0.2150 -0.0567 0.9750
vn 0.0924 -0.0280 0.9953
vn 0.0883 0.0359 0.9955
vn 0.4862 0.1251 0.8649
vn -0.2200 0.1090 0.9694
vn 0.6408 -0.0476 0.7662
vn -0.4588 -0.0417 0.8876
vn -0.6757 0.3843 0.6290
vn -0.7226 0.0382 0.6902
vn -0.5386 -0.0516 0.8410
vn -0.8551 -0.0134 0.5182
vn -0.6751 -0.1047 0.7303
vn -0.6249 -0.0776 0.7769
vn -0.8223 -0.0648 0.5653
vn -0.8325 -0.0547 0.5513
vn -0.9455 -0.0541 0.3212
vn 0.6507 -0.1418 0.7460
vn 0.7621 -0.0201 0.6472
vn 0.7645 -0.1310 0.6312
vn 0.8506 -0.0160 0.5255
vn 0.9254 -0.1039 0.3644
vn 0.7236 0.0354 0.6893
vn 0.3537 0.4058 0.8428
vn 0.9102 0.0130 0.4140
vn 0.8100 0.1677 0.5620
vn 0.9764 -0.0020 0.2161
vn 0.9782 0.0309 0.2052
vn 0.5164 0.8493 0.1097
vn 0.9868 0.0687 0.1466
vn 0.9826 -0.0954 0.1594
vn 0.7767 0.4717 0.4175
vn 0.9672 0.0602 0.2468
vn 0.9957 0.0023 -0.0922
vn 0.5953 0.8035 0.0003
vn 0.9815 0.1894 0.0277
vn 0.9947 -0.0777 -0.0680
vn 0.9462 0.3185 -0.0579
vn 0.6134 0.7770 -0.1418
vn 0.9084 0.0954 -0.4071
vn 0.9377 0.0878 -0.3362
vn 0.7574 0.0542 -0.6507
vn 0.9162 0.0190 -0.4002
vn 0.9502 -0.0548 -0.3067
vn 0.9908 -0.0514 -0.1254
vn 0.9970 -0.0777 0.0009
vn 0.9895 -0.0545 0.1338
vn 0.8581 -0.0308 -0.5126
vn 0.9458 -0.0296 -0.3233
vn 0.7639 -0.0008 -0.6453
vn 0.8550 -0.0143 -0.5184
vn 0.9926 -0.0510 -0.1105
vn 0.6541 -0.0008 -0.7564
vn 0.7640 0.0160 -0.6450
vn 0.5283 0.0474 -0.8477
vn 0.9437 -0.0700 0.3234
vn 0.8783 -0.0698 0.4731
vn 0.9374 -0.0793 0.3390
vn 0.2070 0.0661 -0.9761
vn 0.4572 0.0115 -0.8893
vn 0.0336 0.0517 -0.9981
vn -0.0619 0.0326 -0.9976
vn -0.2238 0.0572 -0.9730
vn -0.4237 0.0433 -0.9048
vn -0.5760 -0.0289 -0.8170
vn -0.6828 0.0230 -0.7302
vn -0.5436 0.0485 -0.8379
vn -0.3295 0.0304 -0.9437
vn -0.7140 0.0168 -0.7000
vn -0.4880 -0.0090 -0.8728
vn -0.2593 0.0032 -0.9658
vn -0.6700 -0.0010 -0.7424
vn -0.4563 0.0050 -0.8898
vn -0.4410 -0.0194 -0.8973
vn 0.0003 0.0132 -0.9999
vn -0.8524 -0.0017 -0.5229
vn -0.8587 0.0144 -0.5124
vn -0.8518 -0.0328 -0.5229
vn -0.9452 -0.0144 -0.3261
vn -0.9776 -0.0058 -0.2105
vn -0.9992 -0.0389 -0.0123
vn -0.8705 -0.0085 -0.4922
vn -0.9870 -0.0173 0.1600
vn -0.9213 -0.0095 0.3888
vn -0.9976 0.0226 0.0654
vn -0.8999 0.3377 0.2761
vn -0.9771 0.0254 -0.2110
vn -0.9437 0.2766 -0.1815
vn -0.7361 0.6168 0.2788
vn -0.5281 0.6541 0.5416
vn -0.8852 0.0347 0.4639
vn -0.9631 -0.1220 0.2398
vn -0.8258 0.5633 0.0279
vn -0.9918 -0.1157 -0.0539
vn -0.9952 -0.0935 0.0272
vn -0.9456 -0.1459 -0.2909
vn -0.9702 -0.0417 -0.2389
vn -0.9273 0.2210 -0.3022
vn -0.5005 0.8217 -0.2726
vn -0.8996 -0.0901 -0.4273
vn -0.9217 -0.0286 -0.3868
vn -0.7973 -0.0300 -0.6028
vn -0.7675 0.0004 -0.6411
vn -0.8061 -0.0070 -0.5917
vn -0.7188 0.4906 -0.4926
vn -0.6661 0.0984 -0.7394
vn -0.7057 -0.1004 -0.7014
vn -0.7219 -0.3754 -0.5813
vn -0.5519 -0.0230 -0.8336
vn -0.5554 -0.0233 -0.8313
vn -0.3168 -0.0996 -0.9433
vn -0.4195 -0.4284 -0.8003
vn -0.5155 -0.0723 -0.8538
vn -0.2636 -0.0571 -0.9629
vn -0.5923 0.1421 -0.7931
vn -0.3165 0.3117 -0.8959
vn -0.3641 0.8410 -0.4001
vn -0.7633 0.3555 -0.5394
vn -0.4756 0.3933 -0.7868
vn -0.6942 -0.0318 -0.7191
vn -0.2043 0.3600 -0.9103
vn 0.1449 0.7201 -0.6786
vn -0.1422 -0.0186 -0.9897
vn 0.2108 0.1349 -0.9682
vn -0.1556 0.0603 -0.9860
vn 0.1390 -0.0658 -0.9881
vn -0.0423 -0.0646 -0.9970
vn -0.0351 -0.1003 -0.9943
vn -0.1335 -0.4546 -0.8806
vn 0.2335 -0.0547 -0.9708
vn 0.2249 -0.1022 -0.9690
vn 0.1247 -0.5083 -0.8521
vn 0.5023 -0.0102 -0.8646
vn 0.3467 -0.3197 -0.8818
vn 0.4755 -0.0990 -0.8742
vn 0.4676 0.0968 -0.8786
vn 0.7135 -0.0235 -0.7002
vn 0.7637 0.0208 -0.6453
vn 0.6595 -0.1051 -0.7443
vn 0.3473 0.8372 -0.4223
vn 0.6848 0.4830 -0.5457
vn 0.8681 -0.0077 -0.4964
vn 0.9006 0.0373 -0.4330
vn 0.9826 0.0705 -0.1719
vn 0.9766 0.1062 -0.1870
vn 0.9934 0.0889 0.0724
vn 0.6292 0.0100 -0.7772
vn 0.4623 -0.0133 -0.8866
vn 0.1111 0.0228 -0.9935
vn 0.5560 0.0525 -0.8295
vn 0.3469 0.0098 -0.9378
vn 0.1569 0.1466 -0.9767
vn 0.1168 -0.0167 -0.9930
vn 0.2927 0.0132 -0.9561
vn 0.0812 0.0567 -0.9951
vn 0.5190 -0.5427 -0.6604
vn 0.3155 -0.7018 -0.6387
vn 0.5432 -0.6055 -0.5817
vn 0.7846 -0.6073 -0.1247
vn -0.4667 0.0145 0.8843
vn -0.4178 -0.8366 0.3543
vn -0.8511 -0.1186 0.5114
vn -0.7966 -0.5836 0.1577
vn -0.8252 -0.4794 0.2986
vn 0.1496 -0.1567 0.9763
vn 0.4866 -0.1061 0.8671
vn 0.1380 -0.0944 0.9859
vn 0.3817 -0.0873 0.9201
vn -0.2372 -0.1217 0.9638
vn -0.4752 -0.1424 0.8683
vn 0.1838 -0.0598 0.9811
vn 0.5145 -0.0390 0.8566
vn 0.3298 0.0115 0.9440
vn -0.0698 0.0097 0.9975
vn -0.7033 -0.1213 0.7004
vn -0.4435 -0.1019 0.8905
vn -0.8244 -0.0870 0.5593
vn -0.7076 -0.0666 0.7035
vn -0.8023 -0.0714 0.5926
vn -0.9237 -0.0674 0.3772
vn -0.6885 -0.0989 0.7185
vn -0.8418 -0.0981 0.5307
vn -0.7266 -0.1093 0.6783
vn -0.6371 -0.1047 0.7636
vn -0.7733 -0.1444 0.6173
vn -0.5670 -0.1261 0.8140
vn -0.6865 -0.1082 0.7190
vn -0.6834 -0.1390 0.7167
vn -0.7166 0.0469 0.6959
vn -0.3965 -0.0619 0.9160
vn -0.2068 -0.1057 0.9727
vn -0.1982 0.0287 0.9797
vn -0.5438 0.0473 0.8379
vn -0.8448 0.0492 0.5328
vn -0.9328 -0.0481 0.3571
vn -0.9744 0.0053 0.2245
vn -0.8583 0.0963 0.5040
vn -0.9679 0.2371 0.0833
vn -0.9998 -0.0158 0.0107
vn -0.9951 -0.0005 -0.0993
vn -0.9834 -0.0866 0.1594
vn -0.9166 -0.0998 0.3872
vn -0.8852 -0.0824 0.4579
vn -0.8776 -0.0741 0.4737
vn -0.9496 -0.0609 0.3075
vn -0.9830 -0.0612 0.1733
vn -0.9986 -0.0526 -0.0079
vn -0.9916 -0.0682 -0.1097
vn -0.9706 -0.0416 -0.2370
vn -0.9360 0.0070 -0.3521
vn -0.9455 -0.0400 -0.3230
vn -0.8845 -0.0195 -0.4661
vn -0.7498 0.0204 -0.6613
vn -0.8433 -0.0331 -0.5364
vn -0.7266 -0.0099 -0.6870
vn -0.5468 0.0323 -0.8367
vn -0.7270 -0.0024 -0.6866
vn -0.5419 -0.0071 -0.8404
vn -0.2781 0.0549 -0.9590
vn -0.3168 0.0137 -0.9484
vn 0.0066 0.0309 -0.9995
vn -0.4576 0.0212 -0.8889
vn -0.1106 0.0090 -0.9938
vn 0.2371 -0.0039 -0.9715
vn 0.1332 0.0065 -0.9911
vn -0.2725 -0.0630 -0.9601
vn 0.0415 0.4580 -0.8880
vn -0.2851 0.4976 -0.8192
vn -0.6887 0.0384 -0.7240
vn -0.7216 -0.0372 -0.6914
vn -0.9130 -0.0242 -0.4072
vn -0.9643 0.1347 -0.2278
vn -0.5001 0.7337 -0.4599
vn -0.3082 0.1564 -0.9384
vn -0.5746 0.8106 -0.1132
vn -0.7232 0.6906 0.0118
vn -0.9877 0.1411 -0.0679
vn -0.9473 0.0962 -0.3056
vn -0.6362 -0.0287 -0.7710
vn -0.8253 -0.0166 -0.5645
vn -0.7633 -0.0119 -0.6460
vn 0.2650 0.8995 0.3474
vn -0.0031 0.9293 0.3693
vn -0.2532 0.9597 0.1215
vn 0.0527 0.5599 -0.8269
vn -0.0753 0.8597 0.5052
vn -0.3159 0.4750 0.8213
vn 0.0829 0.7157 0.6935
vn 0.2812 -0.4148 0.8654
vn -0.0507 -0.5460 0.8362
vn -0.2495 -0.8245 0.5079
vn 0.0231 -0.8682 0.4958
vn 0.0039 -0.9282 0.3721
vn 0.8080 0.3552 0.4700
vn 0.6169 -0.6407 0.4571
vn 0.1867 -0.9536 0.2361
vn 0.9322 -0.2475 0.2642
vn 0.5009 -0.8600 0.0974
vn 0.8558 -0.4289 0.2892
vn 0.6503 -0.5886 0.4802
vn 0.5311 -0.1393 0.8358
vn 0.9145 -0.0476 0.4017
vn 0.9864 0.0495 0.1565
vn 0.6863 -0.0407 0.7262
vn 0.7804 -0.0108 0.6252
vn 0.9445 0.0301 0.3271
vn 0.9662 -0.1123 0.2321
vn 0.9957 -0.0852 -0.0356
vn 0.9623 -0.2028 0.1813
vn 0.8949 -0.0861 0.4379
vn 0.6181 -0.0265 0.7857
vn 0.6750 0.0260 0.7373
vn 0.6074 0.6868 0.3992
vn 0.4531 -0.0420 0.8905
vn 0.4366 0.7725 0.4610
vn 0.3006 -0.0830 0.9501
vn 0.4203 0.3369 0.8425
vn -0.0059 -0.0747 0.9972
vn 0.1598 -0.0462 0.9861
vn 0.2250 -0.0172 0.9742
vn -0.1779 -0.0524 0.9827
vn -0.3200 -0.2221 0.9210
vn -0.6611 -0.0007 0.7503
vn -0.4592 -0.0480 0.8871
vn -0.6425 -0.0242 0.7659
vn -0.6752 -0.0093 0.7376
vn -0.3651 -0.0580 0.9292
vn -0.0114 -0.0466 0.9988
vn -0.4022 0.5708 0.7158
vn -0.5674 0.7066 0.4228
vn 0.0266 0.7306 0.6823
vn -0.4191 0.4397 0.7944
vn 0.0557 0.2738 0.9602
vn 0.4309 0.4557 0.7789
vn 0.7934 0.2620 0.5494
vn 0.4431 0.6043 0.6622
vn 0.5537 0.5798 0.5977
vn 0.5328 0.4667 0.7060
vn -0.8003 0.3650 0.4757
vn 0.5232 0.5715 0.6322
vn -0.9548 -0.2923 -0.0537
vn -0.0794 -0.9898 -0.1186
vn -0.0252 -0.9981 -0.0559
vn -0.0008 -0.9939 -0.1107
vn 0.9387 -0.1814 -0.2931
vn 0.9827 -0.1179 -0.1428
vn 0.1093 -0.9937 -0.0234
vn 0.9924 -0.0863 -0.0881
vn 0.4329 -0.2830 0.8559
vn 0.9136 -0.3315 0.2355
vn 0.0063 -0.9874 0.1583
vn 0.1178 -0.3377 0.9338
vn 0.0145 -0.9996 0.0234
vn 0.0553 -0.1591 0.9857
vn 0.0621 -0.7552 0.6525
vn 0.0707 -0.2294 0.9708
vn -0.0012 -0.9956 0.0940
vn -0.0253 -0.9997 -0.0004
vn 0.0144 -0.9910 0.1328
vn 0.0941 -0.1748 0.9801
vn 0.0067 -0.9989 0.0468
vn 0.0776 -0.2115 0.9743
vn -0.0006 -0.3543 0.9351
vn -0.0410 -0.9977 0.0541
vn -0.6379 -0.7700 0.0079
vn -0.9738 -0.1487 -0.1721
vn -0.9059 -0.3069 0.2919
vn -0.9985 -0.0555 0.0013
vn -0.9842 0.1168 -0.1329
vn -0.1265 -0.2128 0.9689
vn -0.0178 -0.9820 0.1881
vn -0.8976 -0.4406 -0.0154
vn -0.9872 -0.0954 0.1279
vn -0.9987 -0.0483 -0.0138
vn -0.9945 0.1011 0.0264
vn -0.9541 0.2990 0.0182
vn -0.9932 0.1167 -0.0061
vn -0.9754 0.0220 -0.2192
vn -0.9997 0.0220 0.0097
vn -0.9919 0.1095 0.0650
vn -0.9929 -0.0474 -0.1089
vn -0.9733 -0.0394 -0.2263
vn -0.9628 0.0423 -0.2669
vn -0.9950 -0.0870 0.0491
vn -0.9992 0.0263 -0.0295
vn -0.9750 -0.2104 -0.0709
vn -0.9916 -0.0947 0.0887
vn -0.9952 0.0395 0.0891
vn -0.9951 0.0421 0.0892
vn -0.9643 -0.1779 0.1962
vn -0.9790 0.1509 0.1373
vn -0.9689 0.1213 0.2157
vn -0.8496 -0.3453 0.3986
vn -0.9041 0.3173 0.2863
vn -0.7802 0.1752 0.6005
vn -0.9611 -0.0160 0.2757
vn -0.9736 -0.0158 0.2277
vn -0.9974 -0.0472 0.0550
vn -0.9982 0.0550 -0.0236
vn -0.9969 -0.0472 -0.0628
vn -0.9837 0.0866 -0.1574
vn -0.9859 -0.1578 -0.0551
vn -0.9800 -0.0238 -0.1976
vn -0.9778 -0.0708 -0.1971
vn -0.7090 -0.6938 -0.1262
vn -0.9379 -0.0001 -0.3468
vn -0.9272 0.0628 -0.3693
vn -0.8526 0.0395 -0.5210
vn -0.8833 -0.3235 -0.3393
vn -0.8676 0.0157 -0.4970
vn -0.9353 -0.0159 -0.3536
vn -0.8814 -0.0159 -0.4722
vn -0.8015 -0.0316 -0.5972
vn -0.7704 0.0313 -0.6368
vn -0.6786 0.0314 -0.7338
vn -0.5980 -0.4644 -0.6532
vn -0.5253 -0.2432 -0.8154
vn -0.5447 0.0551 -0.8368
vn -0.0437 -0.7025 -0.7104
vn 0.2922 -0.9454 -0.1446
vn -0.1388 -0.7320 -0.6670
vn 0.4491 -0.8009 0.3962
vn 0.0997 -0.9766 -0.1907
vn 0.4262 -0.4093 0.8067
vn 0.3021 -0.6657 0.6824
vn 0.0796 -0.3809 0.9212
vn -0.0464 -0.0099 0.9989
vn -0.0428 0.3827 0.9229
vn 0.2268 -0.9198 0.3202
vn -0.0749 0.0724 0.9946
vn -0.0717 0.3955 0.9157
vn -0.1242 0.3691 0.9211
vn 0.0599 -0.9955 0.0729
vn -0.0016 -0.8895 0.4569
vn -0.2610 -0.1733 0.9497
vn -0.9931 0.0902 0.0752
vn -0.0945 -0.3368 0.9368
vn -0.9998 0.0175 0.0109
vn -0.2595 -0.6230 0.7379
vn -0.0919 -0.4246 0.9007
vn 0.0002 -0.6326 0.7744
vn -0.8619 -0.0740 0.5016
vn -0.8744 0.1941 0.4448
vn -0.2059 0.1552 0.9662
vn -0.0196 -0.1739 0.9846
vn -0.0949 -0.7728 0.6276
vn -0.2936 -0.4777 0.8280
vn -0.0151 -0.3067 0.9517
vn -0.8514 -0.3971 0.3428
vn -0.1758 -0.8727 0.4556
vn 0.0564 -0.6244 0.7791
vn -0.9990 0.0343 -0.0284
vn -0.8664 -0.4974 0.0443
vn -0.1834 -0.9509 0.2494
vn -0.1659 -0.9795 0.1142
vn -0.2341 -0.9622 -0.1391
vn -0.8511 -0.4446 -0.2791
vn -0.0854 -0.8705 -0.4847
vn -0.1126 -0.6003 -0.7918
vn -0.7954 -0.2138 -0.5672
vn -0.1622 -0.2121 -0.9637
vn -0.9947 -0.0114 -0.1021
vn -0.9995 -0.0259 -0.0166
vn -0.3084 -0.9360 -0.1696
vn -0.9274 0.0829 -0.3647
vn -0.0390 -0.0591 -0.9975
vn -0.0870 0.0986 -0.9913
vn -0.1393 0.4627 -0.8755
vn -0.8685 0.4211 -0.2616
vn -0.2374 -0.8003 -0.5506
vn -0.4003 0.6442 -0.6517
vn -0.6193 -0.0138 -0.7850
vn -0.0896 -0.3630 -0.9275
vn 0.0367 0.2761 -0.9604
vn -0.0468 -0.6010 -0.7979
vn -0.0326 0.0026 -0.9995
vn -0.0427 0.5134 -0.8571
vn -0.0282 -0.4192 -0.9075
vn -0.0458 -0.7376 -0.6737
vn -0.0585 -0.9213 -0.3845
vn -0.0483 -0.8080 -0.5872
vn -0.0029 0.0730 -0.9973
vn 0.2284 -0.1703 -0.9586
vn 0.1978 0.3565 -0.9131
vn 0.1718 -0.6215 -0.7643
vn 0.1977 -0.5114 -0.8363
vn 0.0015 0.4162 -0.9093
vn 0.1006 0.7551 -0.6479
vn -0.0562 0.6582 -0.7507
vn 0.1449 -0.7754 -0.6146
vn -0.0038 -0.8328 -0.5536
vn 0.0160 0.6790 -0.7340
vn -0.0241 0.6633 -0.7479
vn -0.0503 0.8348 -0.5483
vn -0.0015 0.9704 -0.2414
vn 0.0042 -0.9418 -0.3362
vn -0.1082 -0.9829 -0.1490
vn 0.1071 -0.8896 -0.4441
vn -0.0450 -0.9886 -0.1436
vn -0.0784 -0.9736 -0.2143
vn -0.0779 -0.9921 -0.0981
vn -0.0684 -0.9460 -0.3168
vn -0.0935 -0.9914 0.0911
vn -0.1279 -0.9812 -0.1445
vn -0.2025 -0.9717 -0.1218
vn -0.1330 -0.9856 -0.1040
vn -0.1904 -0.9779 -0.0866
vn -0.2745 -0.9280 0.2520
vn -0.1682 -0.9833 0.0693
vn -0.2686 -0.9523 0.1448
vn -0.1257 -0.9830 -0.1338
vn -0.0739 -0.7625 0.6427
vn -0.5343 -0.5952 0.6002
vn -0.0235 -0.9939 -0.1074
vn 0.0107 -0.9041 -0.4271
vn -0.1203 0.0746 -0.9899
vn -0.0188 -0.5735 0.8190
vn -0.5937 -0.0227 -0.8044
vn -0.9023 -0.3001 0.3094
vn 0.1042 -0.2983 0.9488
vn -0.9600 0.2780 0.0326
vn -0.4501 -0.2101 0.8679
vn -0.0191 0.1288 0.9915
vn 0.9114 -0.1650 0.3771
vn 0.8722 -0.1965 0.4479
vn 0.9784 -0.1421 0.1499
vn 0.9788 -0.1816 0.0947
vn 0.7864 -0.5741 -0.2281
vn 0.8431 -0.3388 -0.4176
vn 0.9919 -0.0157 0.1260
vn 0.9612 -0.2757 0.0078
vn 0.9129 -0.1338 0.3856
vn 0.9314 -0.1500 0.3316
vn 0.8645 0.4557 -0.2121
vn 0.9692 -0.1576 0.1891
vn 0.7463 -0.3378 0.5735
vn 0.7754 0.1662 0.6092
vn 0.9293 -0.3072 0.2048
vn 0.9428 -0.0471 0.3300
vn 0.7863 0.5975 0.1572
vn 0.7005 -0.0865 0.7084
vn 0.8017 -0.5975 -0.0157
vn 0.5276 -0.1575 0.8347
vn 0.6157 0.1500 0.7736
vn 0.5051 0.0710 0.8601
vn 0.7564 0.0157 0.6539
vn 0.5742 0.0315 0.8181
vn 0.6282 -0.5733 0.5261
vn 0.9937 0.0868 -0.0710
vn 0.9251 -0.2214 0.3084
vn 0.8364 -0.5050 0.2130
vn 0.2996 -0.9382 -0.1734
vn 0.8204 -0.3629 -0.4418
vn 0.5615 -0.7039 -0.4350
vn 0.6769 -0.6690 -0.3070
vn -0.1420 -0.6552 -0.7420
vn 0.7483 -0.5750 -0.3308
vn 0.4028 -0.4344 -0.8056
vn 0.2914 -0.5197 -0.8031
vn 0.1580 -0.5925 -0.7899
vn 0.0157 -0.3930 -0.9194
vn 0.6560 -0.5454 -0.5217
vn 0.0079 -0.4024 -0.9154
vn 0.5116 -0.1259 -0.8500
vn -0.0157 -0.0472 -0.9988
vn 0.8846 -0.4107 -0.2211
vn 0.6407 0.3243 -0.6960
vn 0.8295 -0.2370 -0.5057
vn 0.1653 0.2834 -0.9446
vn 0.6757 0.6286 -0.3850
vn 0.2994 0.6383 -0.7092
vn 0.4699 0.3916 -0.7911
vn 0.9598 -0.2753 0.0551
vn 0.9538 -0.2995 -0.0236
vn 0.8660 -0.4408 0.2362
vn 0.9583 -0.1021 -0.2670
vn 0.9051 -0.2676 -0.3305
vn 0.8810 -0.4720 -0.0314
vn 0.8385 -0.5300 -0.1266
vn 0.8189 -0.2598 -0.5118
vn 0.7814 -0.1026 -0.6156
vn 0.7964 -0.4652 -0.3863
vn 0.7241 -0.1967 -0.6611
vn 0.6830 -0.3140 -0.6595
vn 0.5509 -0.2282 -0.8028
vn 0.7633 -0.3620 -0.5351
vn 0.7619 -0.6284 -0.1571
vn 0.6773 -0.4489 -0.5828
vn 0.6600 -0.5972 -0.4557
vn 0.6535 -0.7165 0.2440
vn 0.6455 -0.7400 -0.1889
vn 0.7386 -0.6286 -0.2436
vn 0.5760 -0.4892 -0.6549
vn 0.4876 -0.4247 -0.7628
vn 0.4168 -0.5504 -0.7234
vn 0.7382 -0.6596 -0.1414
vn 0.7489 -0.5597 -0.3548
vn 0.6785 -0.6706 -0.2998
vn 0.5671 -0.8035 -0.1812
vn 0.8769 -0.4345 -0.2054
vn 0.9056 -0.1575 -0.3938
vn 0.8402 -0.5418 -0.0236
vn 0.9919 -0.1102 -0.0630
vn 0.7956 -0.5672 0.2127
vn 0.9499 -0.1492 0.2747
vn 0.7333 -0.4180 0.5362
vn 0.9699 0.1183 0.2129
vn 0.8461 0.0156 0.5327
vn 0.8283 0.3234 0.4575
vn 0.8676 0.4810 0.1262
vn 0.5130 -0.4578 0.7261
vn 0.6534 0.1181 0.7478
vn 0.1648 0.8395 0.5178
vn -0.2529 0.9247 0.2845
vn 0.5742 0.4247 0.6999
vn -0.4872 0.8409 0.2358
vn 0.4490 0.1418 0.8822
vn 0.5883 0.3138 0.7453
vn -0.3300 0.7938 0.5109
vn -0.8634 0.5023 -0.0471
vn -0.6686 0.7394 0.0786
vn -0.1335 0.9030 0.4083
vn 0.1347 0.8782 0.4589
vn 0.4241 0.8551 0.2984
vn -0.0078 0.9820 0.1885
vn 0.7311 0.6673 0.1418
vn 0.6141 0.7873 -0.0551
vn 0.8599 0.5104 -0.0089
vn 0.9101 0.3982 0.1148
vn 0.9285 0.3191 -0.1900
vn 0.8514 0.4688 -0.2350
vn 0.5604 0.8160 -0.1418
vn 0.7655 0.5366 -0.3551
vn 0.8319 0.3275 -0.4479
vn 0.5310 0.7546 -0.3854
vn 0.2071 0.8810 -0.4254
vn 0.4183 0.6761 -0.6066
vn 0.6042 0.6748 -0.4237
vn 0.6925 0.3382 -0.6373
vn 0.4821 0.2292 -0.8456
vn 0.2372 0.6627 -0.7104
vn 0.4728 0.4649 -0.7486
vn 0.1026 0.9946 0.0158
vn 0.1332 0.9798 -0.1489
vn 0.2604 0.3077 -0.9152
vn 0.2913 0.0866 -0.9527
vn 0.0552 0.5447 -0.8368
vn 0.0862 0.0078 -0.9962
vn -0.0946 0.3547 -0.9302
vn -0.0079 0.2444 -0.9696
vn 0.0000 0.5655 -0.8247
vn 0.1969 0.6854 -0.7011
vn 0.0000 0.9715 -0.2370
vn 0.0948 0.6161 -0.7819
vn 0.3947 0.2762 -0.8763
vn -0.0628 0.2824 -0.9572
vn 0.7870 0.3069 -0.5352
vn 0.4655 -0.3314 -0.8206
vn 0.5915 0.0552 -0.8044
vn 0.7805 -0.2444 -0.5755
vn 0.3466 -0.8192 -0.4569
vn 0.9708 0.0394 -0.2368
vn 0.7272 0.6798 -0.0948
vn 0.5105 -0.6676 -0.5419
vn 0.3542 -0.6613 -0.6613
vn 0.2439 -0.7240 -0.6453
vn 0.2444 -0.5755 -0.7804
vn 0.3232 -0.4729 -0.8197
vn 0.1102 -0.5513 -0.8270
vn 0.1964 -0.4479 -0.8722
vn 0.1649 -0.2906 -0.9425
vn 0.2902 -0.3608 -0.8863
vn 0.3861 -0.1733 -0.9060
vn 0.4163 -0.2828 -0.8641
vn 0.4953 -0.3145 -0.8098
vn -0.2177 -0.0562 0.9744
vn -0.0815 -0.0624 0.9947
vn 0.1163 0.1422 0.9830
vn -0.1871 0.7981 0.5727
vn -0.4048 -0.0559 0.9127
vn 0.2549 -0.0761 0.9640
vn -0.5010 0.0681 0.8627
vn -0.2852 -0.0858 0.9546
vn -0.7356 -0.0284 0.6768
vn -0.6395 -0.0366 0.7679
vn -0.5138 -0.2042 0.8333
vn -0.8621 -0.0865 0.4994
vn -0.8449 -0.0429 0.5333
vn -0.9644 -0.0215 0.2636
vn -0.9812 -0.0459 0.1872
vn -0.6897 -0.5708 0.4454
vn -0.0852 -0.9256 0.3687
vn -0.0711 -0.8116 0.5799
vn -0.4779 -0.2610 0.8387
vn 0.1001 -0.1430 0.9846
vn 0.0614 -0.8916 0.4487
vn 0.3693 -0.0876 0.9252
vn 0.1061 -0.4746 0.8738
vn -0.1213 0.8806 0.4581
vn 0.6189 -0.1707 0.7667
vn -0.2883 0.6848 0.6693
vn 0.0120 0.9612 0.2754
vn 0.0907 0.8729 0.4794
vn 0.3556 0.9040 0.2374
vn 0.7688 0.0489 0.6376
vn 0.0542 0.1389 0.9888
vn 0.5322 -0.0548 0.8448
vn 0.7311 -0.0297 0.6817
vn 0.4334 0.1119 0.8942
vn 0.6863 0.0045 0.7273
vn 0.8492 -0.0280 0.5273
vn 0.4749 0.7909 0.3859
vn -0.9259 0.3753 -0.0430
vn -0.9479 -0.1444 0.2840
vn -0.6842 -0.4664 0.5607
vn -0.9415 0.3364 0.0191
vn -0.4880 -0.4841 0.7263
vn -0.7293 -0.5395 0.4209
vn -0.9107 0.4130 0.0041
vn -0.5881 -0.6006 0.5416
vn -0.2862 -0.5185 0.8058
vn -0.9099 -0.2678 0.3167
vn -0.8550 -0.2615 0.4478
vn -0.9474 -0.3008 0.1096
vn -0.9314 -0.3638 0.0070
vn -0.9763 -0.1679 -0.1364
vn -0.9269 -0.3432 -0.1518
vn -0.9585 -0.1004 -0.2667
vn -0.9300 -0.0934 -0.3556
vn -0.8978 -0.1959 -0.3944
vn -0.8681 -0.0796 -0.4899
vn -0.9690 0.2468 -0.0128
vn -0.8274 -0.0975 -0.5531
vn -0.7988 -0.0828 -0.5958
vn -0.7175 -0.1527 -0.6796
vn -0.6908 -0.0890 -0.7176
vn -0.7718 -0.3120 -0.5540
vn -0.5676 -0.1393 -0.8114
vn -0.8680 -0.3383 -0.3635
vn -0.6661 -0.3166 -0.6753
vn -0.7455 -0.3428 -0.5716
vn -0.9650 0.2334 -0.1193
vn -0.9691 0.0825 -0.2325
vn -0.6760 -0.2703 -0.6855
vn -0.5800 -0.2497 -0.7754
vn -0.5887 -0.0896 -0.8033
vn -0.4885 -0.0882 -0.8681
vn -0.4145 -0.1198 -0.9021
vn -0.3551 -0.0791 -0.9315
vn -0.2523 -0.0791 -0.9644
vn -0.4649 -0.1916 -0.8644
vn -0.3036 -0.1341 -0.9433
vn -0.4907 -0.2360 -0.8388
vn -0.3843 -0.1736 -0.9067
vn -0.5435 -0.1938 -0.8167
vn -0.2123 -0.0629 -0.9752
vn -0.1258 -0.0472 -0.9909
vn -0.1645 -0.0942 -0.9819
vn -0.2417 -0.1346 -0.9610
vn -0.0866 -0.0866 -0.9925
vn 0.0157 -0.0629 -0.9979
vn 0.0077 -0.1026 -0.9947
vn -0.1414 -0.0949 -0.9854
vn -0.2701 -0.0873 -0.9589
vn -0.0945 -0.0787 -0.9924
vn -0.0471 -0.0471 -0.9978
vn 0.0236 -0.0472 -0.9986
vn -0.0000 0.0315 -0.9995
vn -0.1167 -0.0079 -0.9931
vn -0.0549 0.0628 -0.9965
vn 0.0000 0.1104 -0.9939
vn -0.1938 0.0078 -0.9810
vn -0.1017 0.1183 -0.9878
vn -0.0394 0.1655 -0.9854
vn -0.2942 -0.0243 -0.9554
vn -0.0316 0.2610 -0.9648
vn 0.0158 0.3398 -0.9404
vn -0.0860 0.2361 -0.9679
vn -0.1863 0.1436 -0.9719
vn -0.3380 -0.0026 -0.9411
vn -0.1484 0.2778 -0.9491
vn -0.0942 0.3782 -0.9209
vn -0.3171 0.2038 -0.9262
vn -0.3117 0.3382 -0.8880
vn -0.0474 0.3559 -0.9333
vn -0.0712 0.4899 -0.8689
vn -0.0157 0.4472 -0.8943
vn 0.0236 0.4565 -0.8894
vn -0.0157 0.5510 -0.8344
vn -0.9269 0.1416 -0.3474
vn -0.6932 0.0942 -0.7146
vn -0.9920 0.0922 -0.0866
vn -0.4797 0.1267 -0.8682
vn -0.2851 0.1069 -0.9525
vn -0.4878 0.0950 -0.8678
vn -0.4959 0.0552 -0.8666
vn -0.6926 -0.0211 -0.7210
vn -0.9606 0.0354 -0.2758
vn -0.3819 -0.1153 -0.9170
vn -0.9802 0.1973 -0.0194
vn -0.6230 -0.3171 -0.7151
vn -0.6185 -0.4099 -0.6704
vn -0.9561 0.2901 0.0410
vn -0.9208 0.3887 -0.0305
vn -0.5669 -0.5727 -0.5922
vn -0.4732 -0.5157 -0.7143
vn -0.3445 -0.3587 -0.8675
vn -0.6962 -0.5934 -0.4040
vn -0.4737 -0.7195 -0.5080
vn -0.2671 -0.6005 -0.7537
vn -0.1973 -0.3677 -0.9088
vn -0.7862 -0.5793 -0.2151
vn -0.5581 -0.7996 -0.2216
vn -0.8618 -0.5058 -0.0375
vn -0.2484 -0.5852 -0.7719
vn -0.1297 -0.5380 -0.8329
vn -0.1332 -0.7149 -0.6864
vn -0.2878 -0.7695 -0.5702
vn -0.1263 -0.8517 -0.5086
vn -0.9410 0.3375 0.0244
vn -0.3280 -0.8681 -0.3727
vn -0.2358 -0.9064 -0.3506
vn -0.1161 -0.9315 -0.3448
vn -0.1394 -0.9872 -0.0772
vn -0.3276 -0.9405 -0.0905
vn -0.3076 -0.9319 0.1921
vn -0.5164 -0.8538 0.0658
vn -0.1727 -0.9613 0.2148
vn -0.7452 -0.6322 0.2121
vn -0.5317 -0.7771 0.3368
vn -0.2814 -0.8559 0.4338
vn -0.9705 -0.1217 0.2083
vn -0.7282 -0.5720 0.3775
vn -0.7075 -0.5476 0.4468
vn -0.3047 -0.6829 0.6639
vn -0.2757 -0.7636 0.5839
vn -0.1463 -0.8735 0.4644
vn -0.1017 -0.9536 0.2833
vn -0.1812 -0.7357 0.6526
vn -0.0888 -0.7448 0.6614
vn -0.2614 -0.6856 0.6795
vn -0.0866 -0.4510 0.8883
vn -0.1835 -0.5733 0.7985
vn -0.1948 -0.3338 0.9223
vn -0.0978 -0.1024 0.9899
vn -0.0266 -0.2025 0.9789
vn -0.2987 -0.2723 0.9147
vn -0.0226 0.1456 0.9891
vn -0.1836 0.1240 0.9751
vn -0.1047 0.2458 0.9637
vn -0.0664 0.4403 0.8954
vn -0.0037 0.3827 0.9239
vn -0.0046 0.6097 0.7926
vn -0.0801 0.6301 0.7724
vn -0.0435 0.7837 0.6197
vn 0.0016 0.8021 0.5972
vn -0.9886 -0.0269 0.1480
vn -0.9928 0.0005 -0.1194
vn -0.9631 0.0030 -0.2691
vn 0.1025 0.8990 0.4258
vn 0.7413 0.6704 0.0315
vn -0.5751 0.6682 0.4719
vn 0.2208 0.9306 0.2918
vn -0.5829 0.7774 0.2366
vn -0.8878 0.4336 0.1540
vn -0.8793 0.4760 -0.0152
vn -0.7084 0.6984 -0.1025
vn -0.9068 0.3604 -0.2186
vn -0.5786 0.8118 -0.0788
vn -0.2630 0.9641 -0.0370
vn -0.6607 0.6578 -0.3615
vn -0.5137 0.7127 -0.4777
vn -0.2329 0.8669 -0.4408
vn -0.8121 0.4310 -0.3933
vn -0.4967 0.5890 -0.6375
vn -0.7273 0.3469 -0.5922
vn -0.3551 0.6370 -0.6842
vn -0.2066 0.7556 -0.6216
vn -0.5296 0.3082 -0.7903
vn -0.5993 0.7176 -0.3549
vn -0.5183 0.6126 -0.5968
vn -0.1500 0.9871 0.0553
vn -0.0630 0.9927 -0.1024
vn -0.2602 0.6546 -0.7098
vn -0.3220 0.2278 -0.9189
vn -0.1583 0.7177 -0.6782
vn -0.2609 0.2767 -0.9249
vn -0.1732 0.0314 -0.9844
vn -0.0473 0.6230 -0.7808
vn -0.3143 0.4557 -0.8328
vn -0.5446 0.4815 -0.6867
vn -0.7266 -0.0079 -0.6871
vn -0.8904 0.1812 -0.4176
vn -0.8822 -0.1418 -0.4490
vn -0.7716 -0.5118 -0.3779
vn -0.9793 -0.1264 -0.1580
vn -0.8032 -0.5433 -0.2441
vn -0.8730 -0.4876 0.0079
vn -0.8332 0.5502 -0.0550
vn -0.9714 0.0158 0.2369
vn -0.8966 -0.2439 0.3697
vn -0.0869 0.9795 0.1817
vn -0.7766 0.5961 0.2039
vn -0.6667 0.5647 0.4864
vn -0.6004 0.2765 0.7504
vn -0.6782 0.0473 0.7334
vn -0.6085 -0.5690 0.5532
vn -0.5033 0.1966 0.8415
vn -0.1894 0.0789 0.9787
vn 0.6488 -0.2453 0.7203
vn 0.7882 -0.0959 0.6079
vn 0.6588 -0.0629 0.7497
vn 0.9504 -0.0531 0.3064
vn 0.8540 -0.0428 0.5184
vn 0.7583 -0.0314 0.6511
vn 0.6885 -0.0451 0.7238
vn 0.9021 -0.0457 0.4290
vn 0.9067 -0.0217 0.4212
vn 0.9753 -0.0264 0.2191
vn 0.9869 -0.0156 0.1608
vn 0.9997 -0.0246 0.0067
vn 0.9949 -0.0225 -0.0987
vn 0.9610 -0.0096 -0.2763
vn 0.9239 -0.0094 -0.3825
vn 0.8589 -0.0059 -0.5122
vn 0.9957 -0.0137 -0.0920
vn 0.9658 -0.0230 -0.2582
vn 0.9992 -0.0302 0.0262
vn 0.9446 0.0002 -0.3282
vn 0.8364 -0.0125 -0.5479
vn 0.9188 0.3182 0.2338
vn 0.8444 0.5259 0.1024
vn 0.9405 0.3083 -0.1430
vn 0.9865 -0.0208 -0.1626
vn 0.7287 0.6351 -0.2562
vn 0.7723 0.3071 -0.5561
vn 0.7365 -0.0489 -0.6746
vn 0.4299 0.7576 -0.4912
vn 0.4810 0.1548 -0.8629
vn 0.5451 -0.0115 -0.8383
vn 0.8325 0.3269 -0.4473
vn 0.9422 -0.0597 -0.3296
vn 0.9609 -0.0900 -0.2618
vn 0.8856 -0.0990 -0.4538
vn 0.8427 -0.0461 -0.5364
vn 0.6929 0.0333 -0.7203
vn 0.5797 -0.0415 -0.8138
vn 0.3254 0.6039 -0.7276
vn 0.4246 -0.0095 -0.9053
vn 0.2954 -0.0670 -0.9530
vn 0.1367 0.0763 -0.9877
vn -0.0346 -0.0907 -0.9953
vn -0.3437 -0.0581 -0.9373
vn -0.5564 -0.0673 -0.8282
vn 0.3463 0.0172 -0.9380
vn 0.2673 0.0443 -0.9626
vn 0.4465 0.0297 -0.8943
vn 0.5968 0.0217 -0.8021
vn 0.6912 0.0100 -0.7226
vn 0.7871 0.0227 -0.6164
vn 0.7559 -0.0091 -0.6546
vn 0.9434 0.2305 0.2385
vn 0.9928 0.0716 0.0964
vn 0.9630 -0.2669 0.0377
vn 0.9989 -0.0401 0.0247
vn 0.9899 0.0494 -0.1326
vn 0.4016 -0.9125 -0.0778
vn 0.9988 -0.0012 0.0484
vn 0.9427 -0.0458 -0.3305
vn 0.9714 -0.0247 -0.2361
vn 0.8861 0.0943 -0.4539
vn 0.9954 0.0217 -0.0934
vn 0.9962 0.0780 -0.0392
vn 0.8831 -0.0642 -0.4648
vn 0.8937 0.0776 -0.4419
vn 0.7069 -0.1107 -0.6986
vn 0.6600 0.3066 -0.6858
vn 0.6116 0.1487 -0.7771
vn 0.9232 0.1648 -0.3473
vn 0.3455 0.9017 -0.2601
vn 0.7682 0.0776 -0.6355
vn 0.8723 -0.0473 -0.4867
vn 0.6939 0.2857 -0.6610
vn 0.9724 -0.0788 -0.2194
vn 0.5263 -0.1016 -0.8442
vn 0.9694 -0.2443 -0.0233
vn 0.2135 -0.9698 0.1181
vn 0.9683 -0.2051 0.1424
vn 0.9966 -0.0792 0.0243
vn 0.8034 -0.4057 -0.4358
vn 0.9822 0.1875 0.0094
vn 0.2635 -0.9331 -0.2445
vn 0.1471 -0.8123 -0.5644
vn 0.0082 0.0500 -0.9987
vn -0.1488 -0.5445 -0.8255
vn -0.3880 -0.3108 -0.8677
vn -0.4284 -0.6296 -0.6482
vn -0.2873 -0.1559 -0.9451
vn -0.6273 -0.0471 -0.7774
vn 0.0429 -0.1283 -0.9908
vn 0.1249 -0.3165 -0.9403
vn 0.3805 -0.0235 -0.9245
vn 0.4981 -0.4320 -0.7518
vn 0.7212 -0.0996 -0.6856
vn 0.7604 -0.5190 -0.3905
vn 0.9294 -0.0631 -0.3636
vn 0.9123 -0.3831 -0.1447
vn 0.9875 0.0511 -0.1494
vn 0.8481 0.4966 0.1849
vn 0.8906 0.3857 0.2408
vn 0.8235 -0.2722 0.4977
vn 0.7681 -0.6039 0.2129
vn 0.9846 0.1717 -0.0335
vn 0.9397 -0.3239 -0.1100
vn 0.9615 0.1235 -0.2457
vn 0.9816 0.1421 -0.1279
vn 0.9735 0.0560 -0.2217
vn 0.9812 0.1817 -0.0649
vn 0.9934 -0.0228 -0.1123
vn 0.9840 0.0802 -0.1590
vn 0.9767 0.1662 -0.1355
vn 0.9798 0.0164 -0.1993
vn 0.9875 0.0794 -0.1359
vn 0.9591 0.1264 -0.2531
vn 0.9676 0.1659 -0.1903
vn 0.9063 0.4029 -0.1277
vn 0.9381 -0.2760 0.2091
vn 0.9470 0.3203 0.0264
vn 0.7507 -0.6023 0.2714
vn 0.8664 0.4986 -0.0287
vn 0.9378 0.3455 0.0349
vn 0.8743 -0.4853 0.0008
vn 0.9991 -0.0418 -0.0067
vn 0.9657 -0.2277 -0.1249
vn 0.9517 0.2798 -0.1264
vn 0.9239 -0.2193 -0.3135
vn 0.7227 -0.5994 -0.3440
vn 0.9223 -0.3131 -0.2268
vn 0.8339 -0.3190 -0.4504
vn 0.8954 -0.1063 -0.4324
vn 0.7645 -0.3311 -0.5530
vn 0.7886 -0.1702 -0.5909
vn 0.7629 -0.0944 -0.6396
vn 0.6624 -0.1590 -0.7321
vn 0.6749 -0.2752 -0.6847
vn 0.6549 -0.2903 -0.6978
vn 0.5354 -0.2312 -0.8123
vn 0.5345 -0.1538 -0.8310
vn 0.6818 -0.0909 -0.7259
vn 0.5126 -0.1529 -0.8449
vn 0.4170 -0.1823 -0.8905
vn 0.4726 -0.0967 -0.8759
vn 0.4026 -0.1353 -0.9053
vn 0.2875 -0.1180 -0.9505
vn 0.3550 -0.0794 -0.9315
vn 0.2919 -0.1412 -0.9460
vn 0.2918 -0.0785 -0.9532
vn 0.1946 -0.1105 -0.9746
vn 0.1493 -0.0944 -0.9843
vn 0.1650 -0.0630 -0.9843
vn 0.0869 -0.0474 -0.9951
vn 0.0788 -0.0945 -0.9924
vn 0.1263 -0.1026 -0.9867
vn 0.0789 -0.0710 -0.9944
vn 0.1392 -0.0237 -0.9900
vn 0.2083 0.0474 -0.9769
vn 0.3845 0.0239 -0.9228
vn 0.0627 0.4241 -0.9034
vn 0.1249 0.3228 -0.9382
vn 0.1479 0.1897 -0.9706
vn 0.2399 0.1286 -0.9622
vn 0.2248 0.2337 -0.9460
vn 0.1184 0.4819 -0.8682
vn 0.1025 0.5894 -0.8013
vn 0.2406 0.3972 -0.8857
vn 0.6745 0.1588 -0.7210
vn 0.9078 0.0627 -0.4147
vn 0.1415 0.6081 -0.7812
vn 0.9523 0.1413 -0.2703
vn 0.1732 0.7455 -0.6436
vn 0.1179 0.5009 -0.8575
vn 0.0919 0.5992 -0.7953
vn 0.0911 0.6709 -0.7359
vn 0.0741 0.6005 -0.7962
vn 0.2089 0.5303 -0.8217
vn 0.9124 0.2427 -0.3295
vn 0.3581 0.6516 -0.6687
vn 0.1602 0.8027 -0.5745
vn 0.1317 0.8474 -0.5143
vn 0.1908 0.9027 -0.3856
vn 0.8870 0.3861 -0.2532
vn 0.9367 0.3358 -0.0989
vn 0.4988 0.8231 -0.2714
vn 0.6188 0.6935 -0.3690
vn 0.5601 0.5960 -0.5754
vn 0.2726 0.8593 -0.4327
vn 0.2506 0.9477 -0.1975
vn 0.6894 0.4258 -0.5860
vn 0.1903 0.7391 -0.6461
vn 0.1741 0.9535 -0.2461
vn 0.3097 0.5473 -0.7775
vn 0.4342 0.3339 -0.8367
vn 0.5377 0.1651 -0.8268
vn 0.2640 0.3737 -0.8892
vn 0.1423 0.6201 -0.7715
vn 0.2552 0.2007 -0.9458
vn 0.1337 0.3630 -0.9221
vn 0.5027 0.0364 -0.8637
vn 0.1509 0.5571 -0.8166
vn 0.2951 -0.0196 -0.9553
vn 0.5636 -0.0815 -0.8220
vn 0.9349 0.0107 -0.3546
vn 0.1226 0.6864 -0.7168
vn 0.9677 0.0551 -0.2459
vn 0.9634 0.2645 -0.0442
vn 0.8582 -0.3031 -0.4143
vn 0.7156 -0.3968 -0.5749
vn 0.7509 -0.2500 -0.6113
vn 0.5935 -0.5677 -0.5704
vn 0.4294 -0.7705 -0.4710
vn 0.4796 -0.4169 -0.7722
vn 0.5530 -0.2399 -0.7979
vn 0.3984 -0.1944 -0.8964
vn 0.2986 -0.5121 -0.8054
vn 0.2205 -0.3253 -0.9195
vn 0.2480 -0.6786 -0.6914
vn 0.2833 -0.7394 -0.6108
vn 0.2537 -0.8414 -0.4771
vn 0.2453 -0.6108 -0.7528
vn 0.2144 -0.4524 -0.8657
vn 0.1500 -0.7635 -0.6282
vn 0.1104 -0.8615 -0.4955
vn 0.1034 -0.7250 -0.6809
vn 0.1112 -0.8614 -0.4956
vn 0.1157 -0.5855 -0.8024
vn 0.0972 -0.5361 -0.8385
vn 0.0904 -0.3418 -0.9354
vn 0.0941 -0.3821 -0.9193
vn 0.0777 -0.1611 -0.9839
vn 0.1083 -0.0647 -0.9920
vn 0.2004 -0.2642 -0.9434
vn 0.0577 0.0987 -0.9934
vn 0.1750 -0.1407 -0.9745
vn 0.1616 0.0566 -0.9852
vn 0.0940 0.1325 -0.9867
vn 0.0616 0.3438 -0.9370
vn 0.0515 0.2723 -0.9608
vn 0.0397 0.5058 -0.8618
vn 0.1664 0.2161 -0.9621
vn 0.1674 0.1975 -0.9659
vn 0.1947 0.1383 -0.9711
vn 0.1602 0.2944 -0.9422
vn 0.1476 0.4759 -0.8670
vn 0.0674 0.5584 -0.8268
vn 0.0371 0.7213 -0.6916
vn 0.0417 0.6730 -0.7385
vn 0.0565 0.8543 -0.5166
vn 0.0918 0.8357 -0.5414
vn 0.0254 0.8458 -0.5328
vn 0.0482 0.9408 -0.3355
vn 0.0524 0.9667 -0.2505
vn 0.1542 0.8661 -0.4756
vn 0.0974 0.9150 -0.3915
vn 0.1084 0.9741 -0.1985
vn 0.1089 0.9933 -0.0380
vn 0.0669 0.9902 -0.1227
vn 0.0166 0.9955 -0.0930
vn 0.0472 0.9981 0.0395
vn 0.0478 0.9885 0.1435
vn 0.1331 0.9710 0.1986
vn 0.2845 -0.2516 0.9250
vn 0.2214 -0.5675 0.7930
vn 0.1365 -0.2595 0.9560
vn 0.0943 0.0781 0.9925
vn 0.0322 -0.2421 0.9697
vn 0.0137 0.0810 0.9966
vn 0.0890 -0.5458 0.8332
vn 0.0302 -0.5883 0.8081
vn 0.1215 -0.7411 0.6603
vn 0.0724 -0.7920 0.6062
vn 0.2544 -0.7819 0.5692
vn 0.1279 -0.8997 0.4174
vn 0.0953 -0.9447 0.3137
vn 0.4462 -0.7184 0.5337
vn 0.1433 -0.9758 0.1654
vn 0.1168 -0.9931 -0.0070
vn 0.2584 -0.9152 0.3093
vn 0.5294 -0.8011 0.2793
vn 0.6997 -0.5436 0.4637
vn 0.3506 -0.9315 0.0970
vn 0.5441 -0.8213 -0.1715
vn 0.3024 -0.9529 -0.0218
vn 0.3083 -0.8893 -0.3378
vn 0.1534 -0.9780 -0.1411
vn 0.1168 -0.9418 -0.3151
vn 0.1524 -0.9289 -0.3376
vn -0.7475 0.5988 0.2876
vn -0.8350 0.0369 0.5490
vn -0.8206 0.4979 0.2807
vn -0.9096 0.3857 0.1543
vn -0.9637 -0.0070 0.2667
vn -0.5869 -0.6576 0.4724
vn -0.9838 0.1726 -0.0491
vn -0.5015 -0.8361 0.2223
vn -0.8811 -0.0421 0.4710
vn -0.9856 0.1193 -0.1198
vn -0.8312 -0.5504 -0.0786
vn -0.9529 0.1245 -0.2765
vn -0.9779 0.1351 -0.1594
vn -0.9591 0.2288 -0.1666
vn -0.9464 0.2609 -0.1904
vn -0.9747 0.1497 -0.1662
vn -0.9904 -0.0303 -0.1350
vn -0.9639 0.0486 -0.2619
vn -0.9804 0.0485 -0.1907
vn -0.9690 0.1897 -0.1584
vn -0.8553 0.1979 -0.4789
vn -0.8576 0.1346 -0.4964
vn -0.7420 -0.0030 -0.6703
vn -0.7236 -0.6184 -0.3065
vn -0.1452 -0.9891 -0.0248
vn -0.9716 0.0564 -0.2298
vn -0.9885 0.0163 -0.1500
vn -0.9655 -0.0152 -0.2598
vn -0.8674 -0.4494 -0.2136
vn -0.9959 -0.0706 -0.0562
vn -0.0469 -0.9958 -0.0787
vn -0.1655 -0.5508 0.8181
vn -0.0072 -0.9999 -0.0155
vn 0.0793 -0.9957 -0.0475
vn 0.0164 -0.9874 0.1577
vn -0.0702 -0.4864 0.8709
vn -0.0548 -0.1334 0.9895
vn -0.0790 -0.1819 0.9801
vn -0.0631 -0.3088 0.9490
vn 0.0008 -0.9955 0.0949
vn -0.1180 -0.9147 0.3866
vn -0.0072 -0.9992 0.0392
vn -0.8327 -0.5502 0.0625
vn -0.9683 -0.0789 -0.2370
vn -0.9090 0.0865 -0.4078
vn -0.8660 -0.0551 -0.4969
vn -0.7715 0.0949 -0.6291
vn -0.6385 -0.2053 -0.7418
vn -0.4887 0.2834 -0.8251
vn -0.4178 -0.0552 -0.9069
vn 0.0324 -0.9815 -0.1886
vn -0.1262 -0.1027 -0.9867
vn -0.2525 0.0394 -0.9668
vn 0.0378 0.2367 -0.9708
vn 0.1897 -0.0791 -0.9787
vn 0.4400 -0.3375 -0.8321
vn 0.6905 -0.1570 -0.7060
vn 0.5831 -0.0399 -0.8114
vn 0.3856 0.0151 -0.9225
vn 0.2117 0.9070 -0.3639
vn 0.5270 -0.0154 -0.8497
vn 0.2279 0.1023 -0.9683
vn 0.4241 -0.0715 -0.9028
vn -0.1576 0.2982 -0.9414
vn 0.1975 -0.0242 -0.9800
vn 0.2986 0.2049 -0.9321
vn -0.0640 0.1651 -0.9842
vn 0.0319 -0.1027 -0.9942
vn -0.2202 -0.1102 -0.9692
vn -0.5024 0.0245 -0.8643
vn -0.4470 0.0317 -0.8940
vn -0.6985 -0.0226 -0.7152
vn -0.6435 0.1734 -0.7455
vn -0.3863 0.2513 -0.8875
vn -0.7683 -0.3501 -0.5359
vn -0.6552 -0.7466 -0.1157
vn -0.8465 0.0613 -0.5289
vn -0.9244 -0.3808 -0.0224
vn -0.9793 0.0747 -0.1881
vn -0.9713 0.1024 0.2148
vn -0.9221 0.0459 -0.3843
vn -0.9807 0.0776 -0.1795
vn -0.9929 0.1000 0.0638
vn -0.9906 0.1227 0.0600
vn -0.9584 0.1129 0.2620
vn -0.9740 -0.0134 0.2261
vn -0.8780 0.3547 0.3214
vn -0.9158 -0.0088 0.4015
vn -0.8770 -0.0515 0.4777
vn -0.8254 -0.0128 0.5644
vn -0.5244 0.8436 0.1157
vn -0.0873 -0.9621 -0.2582
vn 0.1085 -0.8799 -0.4626
vn 0.0778 -0.9730 -0.2175
vn 0.3796 -0.9151 0.1362
vn 0.0893 -0.9935 -0.0710
vn -0.0752 -0.9417 -0.3278
vn 0.0811 -0.9861 -0.1449
vn 0.1383 -0.9896 -0.0392
vn 0.1585 -0.9874 0.0008
vn 0.2473 -0.9470 -0.2048
vn 0.1390 -0.9705 0.1969
vn 0.2524 -0.9613 0.1103
vn -0.0873 -0.6957 0.7130
vn 0.1062 -0.9924 -0.0615
vn 0.3340 -0.8099 -0.4821
vn 0.4360 -0.8635 -0.2535
vn 0.0901 -0.9705 0.2237
vn 0.0685 -0.9313 -0.3577
vn -0.0030 -0.7620 0.6475
vn -0.0138 -0.6820 0.7312
vn 0.0163 -0.9812 0.1922
vn 0.1768 -0.8163 0.5499
vn 0.4036 -0.9065 -0.1239
vn 0.1596 -0.9355 -0.3154
vn 0.7842 -0.2870 -0.5502
vn 0.3503 -0.5418 -0.7641
vn 0.0603 -0.1370 -0.9887
vn 0.0523 -0.6339 -0.7717
vn 0.0150 0.0424 -0.9990
vn 0.0226 -0.5402 -0.8412
vn 0.2015 0.0280 -0.9791
vn 0.1702 0.0079 0.9854
vn -0.0004 -0.9184 -0.3957
vn -0.1011 -0.8024 -0.5881
vn 0.0065 -0.9224 -0.3862
vn 0.0972 -0.8362 -0.5398
vn 0.4285 0.2409 0.8708
vn -0.0714 -0.3175 0.9456
vn -0.1110 0.2399 0.9644
vn -0.6206 -0.1836 0.7623
vn 0.0433 -0.0963 0.9944
vn -0.6290 0.6368 0.4460
vn -0.1388 0.7888 0.5988
vn -0.0237 0.6883 0.7251
vn -0.9890 0.1349 -0.0610
vn -0.0676 0.6122 0.7878
vn -0.6720 -0.6540 0.3473
vn -0.6890 -0.6548 -0.3106
vn -0.1935 -0.9742 -0.1162
vn -0.1277 -0.7824 0.6096
vn -0.0667 0.6349 0.7697
vn -0.2074 0.9184 0.3369
vn -0.0575 -0.6102 0.7902
vn 0.0030 -0.9766 0.2151
vn -0.0165 -0.8694 -0.4939
vn -0.0400 -0.9411 0.3358
vn -0.0818 -0.9049 -0.4177
vn -0.1872 -0.9809 0.0523
vn 0.0737 -0.0303 0.9968
vn 0.0106 0.1728 0.9849
vn -0.0002 -0.2214 0.9752
vn 0.0434 -0.3863 0.9214
vn 0.0468 -0.6107 0.7905
vn 0.0242 -0.7570 0.6529
vn 0.0161 -0.8683 0.4958
vn 0.1238 -0.9343 0.3343
vn 0.7293 -0.6156 0.2985
vn 0.5946 -0.7992 0.0877
vn 0.9900 -0.1386 0.0250
vn 0.8379 -0.3188 0.4431
vn 0.9985 -0.0061 0.0552
vn 0.8732 -0.0664 0.4828
vn 0.5618 0.3094 0.7672
vn 0.9921 0.0579 0.1115
vn -0.1133 0.4193 0.9007
vn 0.1779 0.6842 0.7073
vn 0.0176 0.5595 0.8287
vn -0.0121 0.4341 0.9008
vn -0.3869 0.0667 0.9197
vn -0.8129 0.2368 0.5321
vn -0.0687 0.7377 0.6716
vn -0.0279 0.7786 0.6269
vn 0.9361 0.3244 0.1359
vn -0.8825 0.3678 0.2930
vn -0.1158 0.6455 0.7549
vn 0.0637 0.9126 0.4038
vn -0.0495 0.9287 0.3676
vn 0.4547 0.8272 0.3301
vn 0.2500 0.9682 0.0123
vn 0.0682 0.9938 0.0882
vn -0.2139 0.9315 0.2940
vn 0.0540 0.9808 -0.1874
vn 0.0560 0.9983 0.0161
vn -0.8901 0.4556 0.0089
vn -0.0513 0.9296 -0.3650
vn 0.2062 0.9493 -0.2373
vn 0.9301 0.3576 -0.0837
vn -0.0322 0.8731 -0.4865
vn 0.0765 0.8820 -0.4650
vn 0.6754 0.6306 -0.3823
vn 0.0233 0.6560 -0.7544
vn 0.1339 0.6535 -0.7450
vn 0.9430 0.1928 -0.2713
vn 0.0668 0.4200 -0.9051
vn 0.0251 0.3091 -0.9507
vn -0.0810 0.4188 -0.9045
vn -0.0907 0.7809 -0.6181
vn -0.8520 0.2683 -0.4495
vn -0.8681 0.4160 -0.2709
vn -0.0482 0.7799 -0.6241
vn -0.0050 0.9501 -0.3118
vn -0.0626 0.4788 -0.8757
vn -0.0568 0.9962 -0.0663
vn -0.0312 0.9759 0.2160
vn 0.0254 0.9429 0.3320
vn 0.0355 0.8381 0.5444
vn 0.0082 0.8136 0.5814
vn 0.0057 0.6398 0.7685
vn -0.0786 -0.2281 0.9705
vn -0.2408 -0.2876 0.9270
vn -0.2760 -0.6037 0.7479
vn 0.0634 -0.9087 0.4126
vn 0.0367 -0.9660 0.2560
vn 0.0491 -0.9893 0.1373
vn 0.0818 -0.9964 0.0204
vn 0.0672 -0.9880 -0.1388
vn 0.8507 -0.5136 -0.1124
vn -0.1628 -0.9823 0.0925
vn 0.2441 -0.6143 0.7504
vn 0.4927 -0.8058 -0.3287
vn 0.1994 -0.8997 0.3884
vn 0.9994 -0.0008 -0.0359
vn 0.8145 -0.4404 -0.3776
vn 0.0061 -0.8530 -0.5219
vn 0.0494 -0.9379 -0.3433
vn 0.0539 -0.5537 -0.8309
vn 0.0303 -0.9661 -0.2563
vn 0.0324 -0.6836 -0.7291
vn 0.0508 -0.7828 -0.6202
vn -0.6731 -0.5585 -0.4849
vn -0.0183 -0.3740 -0.9273
vn 0.0011 -0.3509 -0.9364
vn -0.0175 -0.1941 -0.9808
vn 0.0119 -0.0055 -0.9999
vn 0.7491 -0.1830 -0.6367
vn 0.2664 0.1209 -0.9562
vn 0.9975 0.0076 -0.0709
vn 0.9867 0.0371 -0.1581
vn 0.2717 0.2967 -0.9155
vn -0.0989 0.0507 -0.9938
vn -0.8185 -0.1864 -0.5434
vn -0.8192 0.0613 -0.5702
vn -0.1763 0.0572 -0.9827
vn 0.0757 -0.0328 -0.9966
vn -0.0305 -0.3170 -0.9479
vn -0.2313 -0.6039 -0.7627
vn 0.1073 -0.5698 -0.8147
vn 0.1204 -0.7780 -0.6166
vn -0.2705 -0.8095 -0.5210
vn 0.1441 -0.9124 -0.3831
vn 0.1447 -0.9845 -0.0996
vn -0.1653 -0.9685 -0.1862
vn -0.7668 -0.6260 -0.1420
vn 0.1166 -0.9863 0.1170
vn 0.1227 -0.9619 0.2442
vn -0.0536 -0.9613 0.2701
vn -0.7952 -0.6019 0.0728
vn 0.0808 -0.8176 0.5700
vn -0.6935 -0.6569 0.2958
vn -0.1227 -0.7214 0.6815
vn 0.0530 -0.4772 0.8772
vn 0.0302 -0.0909 0.9954
vn -0.1386 0.0572 0.9887
vn 0.0146 0.2404 0.9706
vn 0.0012 0.3500 0.9367
vn 0.0151 0.4390 0.8984
vn 0.0001 0.4892 0.8722
vn 0.7220 0.0215 0.6916
vn -0.0160 -0.0627 0.9979
vn 0.1073 -0.4548 0.8841
vn -0.0392 -0.6700 0.7414
vn 0.0222 0.1318 0.9910
vn 0.0839 0.3331 0.9391
vn -0.0168 0.5413 0.8407
vn 0.0865 0.4282 0.8995
vn -0.0018 0.6781 0.7350
vn 0.7861 0.3259 0.5252
vn 0.1701 0.2044 0.9640
vn -0.0122 0.6505 0.7594
vn 0.1036 -0.3082 0.9457
vn -0.0074 0.3932 0.9194
vn -0.0381 -0.0111 0.9992
vn -0.0221 -0.3285 0.9442
vn -0.0170 -0.4629 0.8862
vn -0.0853 -0.6231 0.7775
vn -0.0443 -0.6780 0.7338
vn -0.0890 -0.8930 0.4411
vn -0.0811 -0.8361 0.5426
vn 0.0656 -0.7836 0.6178
vn -0.1294 -0.9525 0.2756
vn -0.1062 -0.9714 0.2124
vn -0.1086 -0.9929 0.0492
vn -0.1286 -0.9898 -0.0610
vn -0.1265 -0.9709 -0.2034
vn -0.1159 -0.8948 -0.4311
vn 0.1616 -0.9645 0.2091
vn -0.1526 -0.9439 -0.2928
vn 0.0640 -0.8292 -0.5553
vn 0.3589 -0.9278 -0.1020
vn 0.1893 -0.9426 0.2751
vn 0.1117 -0.9937 -0.0082
vn 0.6786 -0.5997 0.4241
vn 0.8198 -0.2740 0.5029
vn 0.0067 -0.7955 0.6059
vn -0.0740 -0.8985 0.4328
vn -0.0662 -0.9816 0.1792
vn -0.1022 -0.9874 -0.1207
vn -0.3385 0.5589 0.7570
vn 0.0392 0.7919 0.6094
vn -0.0453 0.8916 0.4506
vn -0.7847 0.5770 0.2263
vn -0.9815 0.1881 0.0351
vn -0.0965 0.9769 0.1909
vn -0.0743 0.9951 0.0649
vn -0.6025 0.7958 -0.0605
vn -0.9842 0.1732 -0.0360
vn -0.0134 0.9933 -0.1151
vn -0.0871 0.9679 -0.2357
vn -0.0977 0.9333 -0.3456
vn 0.1134 0.9095 -0.4000
vn -0.0725 0.8467 -0.5271
vn 0.0024 0.7510 -0.6603
vn -0.0318 0.6122 -0.7901
vn -0.0271 0.2710 -0.9622
vn 0.0079 0.9379 0.3468
vn -0.0316 0.9882 -0.1502
vn -0.2515 0.9667 -0.0472
vn -0.7762 0.6194 -0.1176
vn -0.0867 0.9217 -0.3781
vn -0.7327 0.6382 -0.2364
vn -0.2357 0.8170 -0.5263
vn -0.4247 0.8965 -0.1258
vn -0.6147 0.7329 -0.2916
vn -0.3786 0.8757 -0.2998
vn -0.5044 0.8039 -0.3153
vn -0.5503 0.6995 -0.4559
vn -0.4818 0.7267 -0.4897
vn -0.5503 0.6210 -0.5581
vn -0.4638 0.6682 -0.5817
vn -0.5690 0.5532 -0.6085
vn -0.3709 0.7023 -0.6076
vn -0.1490 0.6589 -0.7373
vn -0.1889 0.4486 -0.8736
vn -0.3377 0.4083 -0.8481
vn -0.4247 0.5741 -0.7000
vn -0.7087 0.3859 -0.5906
vn -0.3785 0.2208 -0.8989
vn -0.6237 0.3079 -0.7184
vn -0.5119 0.4489 -0.7324
vn -0.4968 0.2602 -0.8280
vn -0.5669 0.5117 -0.6456
vn -0.5721 0.3605 -0.7367
vn -0.7000 0.3067 -0.6449
vn -0.8247 0.2592 -0.5027
vn -0.6139 0.2283 -0.7556
vn -0.7070 0.1493 -0.6913
vn -0.8990 0.1734 -0.4022
vn -0.5279 0.1024 -0.8431
vn -0.8343 0.0945 -0.5431
vn -0.8431 0.3073 -0.4413
vn -0.7839 0.2587 -0.5644
vn -0.7865 0.0708 -0.6135
vn -0.5962 0.6668 -0.4471
vn -0.7168 0.1654 -0.6774
vn -0.5740 0.2281 -0.7864
vn -0.7102 0.4262 -0.5603
vn -0.4327 0.1495 -0.8891
vn -0.2756 0.7875 -0.5513
vn -0.5671 0.0866 -0.8191
vn -0.2286 0.2602 -0.9381
vn -0.5458 0.1108 -0.8306
vn -0.5850 0.4033 -0.7036
vn -0.3923 0.4394 -0.8081
vn -0.3868 0.3316 -0.8605
vn -0.3934 0.1101 -0.9127
vn -0.7706 0.1023 -0.6291
vn -0.6084 0.1738 -0.7743
vn -0.3941 0.0946 -0.9142
vn -0.2908 0.4560 -0.8411
vn -0.2521 0.1655 -0.9534
vn -0.1968 0.1968 -0.9605
vn -0.1739 0.0948 -0.9802
vn -0.1967 0.1572 -0.9678
vn -0.2122 0.1886 -0.9589
vn 0.2049 -0.9571 -0.2050
vn -0.1105 0.1736 -0.9786
vn -0.0947 0.4734 -0.8758
vn -0.1576 0.8192 -0.5514
vn -0.1180 0.8357 -0.5363
vn -0.1341 0.8282 -0.5442
vn -0.2744 0.5566 -0.7841
vn -0.0866 -0.3150 -0.9451
vn -0.3138 -0.6982 -0.6434
vn -0.4315 0.5413 -0.7217
vn -0.5931 0.4665 -0.6562
vn -0.6139 -0.2755 -0.7398
vn -0.0314 -0.9586 -0.2829
vn 0.0236 -0.8495 -0.5270
vn -0.0079 -0.9910 0.1337
vn 0.0157 -0.9898 0.1414
vn -0.1817 -0.9718 -0.1501
vn 0.0865 -0.9751 0.2044
vn -0.2596 -0.9045 -0.3383
vn -0.7543 0.1257 -0.6444
vn -0.5959 0.6508 -0.4705
vn -0.3699 0.8341 -0.4092
vn -0.6085 0.5532 -0.5690
vn -0.5202 0.3470 -0.7804
vn -0.0461 -0.6025 -0.7968
vn -0.5185 0.6784 -0.5205
vn 0.0721 0.3840 0.9205
vn 0.0252 0.2477 0.9685
vn -0.0002 0.4689 0.8833
vn -0.0194 0.4990 0.8664
vn 0.0129 0.6172 0.7867
vn 0.0849 0.5433 0.8353
vn 0.0142 0.8445 0.5354
vn 0.0455 0.7546 0.6547
vn 0.1157 0.7098 0.6949
vn 0.0623 0.9126 0.4041
vn 0.0149 0.9632 0.2684
vn -0.0391 0.9968 0.0696
vn -0.6099 0.7701 -0.1870
vn -0.1307 0.9625 0.2376
vn -0.3961 0.8754 -0.2770
vn -0.3686 0.9148 0.1650
vn -0.4343 0.8387 0.3285
vn -0.0874 0.9410 -0.3269
vn -0.0449 0.4695 -0.8818
vn -0.6326 -0.5480 -0.5472
vn -0.0272 0.8042 -0.5937
vn -0.0232 -0.3473 -0.9375
vn 0.0021 0.0715 -0.9974
vn -0.5494 0.2727 -0.7898
vn -0.7344 -0.1133 -0.6692
vn -0.1824 -0.4576 -0.8702
vn -0.2492 -0.8090 -0.5323
vn -0.2727 -0.8220 0.4999
vn -0.1125 -0.9705 -0.2131
vn 0.8323 -0.0448 0.5526
vn 0.4263 -0.7313 0.5325
vn 0.5827 -0.7072 0.4004
vn 0.9042 0.0206 0.4267
vn 0.9579 0.0978 0.2699
vn 0.9604 0.0663 0.2705
vn 0.9740 0.0793 -0.2123
vn 0.9335 -0.3283 0.1444
vn 0.3565 -0.9168 0.1800
vn 0.8398 -0.5201 -0.1559
vn 0.0917 -0.9940 0.0595
vn 0.5774 -0.7997 -0.1645
vn 0.3087 -0.9299 -0.2002
vn 0.7982 -0.4259 -0.4260
vn 0.7876 -0.3556 -0.5033
vn 0.4506 -0.8010 -0.3942
vn 0.5687 -0.4310 -0.7006
vn 0.2284 -0.8716 -0.4337
vn 0.6047 0.1579 -0.7807
vn 0.1721 0.0177 -0.9849
vn 0.9827 0.1268 -0.1352
vn 0.9527 -0.2369 -0.1903
vn 0.9486 0.0956 -0.3017
vn 0.9065 0.0959 -0.4111
vn 0.8979 -0.0715 -0.4344
vn 0.1637 -0.9834 -0.0788
vn 0.0061 -0.9999 -0.0160
vn 0.7216 -0.1103 -0.6835
vn 0.8519 0.1028 -0.5135
vn 0.7139 0.2127 -0.6671
vn 0.7317 0.1657 -0.6612
vn 0.5685 0.0320 -0.8221
vn 0.2608 0.8393 -0.4771
vn 0.4629 -0.1497 -0.8737
vn 0.3558 0.0552 -0.9329
vn 0.0217 -0.9650 -0.2614
vn 0.2284 -0.0475 -0.9724
vn 0.0949 0.2117 -0.9727
vn -0.0470 -0.0549 -0.9974
vn -0.0414 -0.9930 -0.1108
vn -0.2679 -0.3533 -0.8963
vn -0.0651 -0.9953 -0.0715
vn -0.5376 -0.2207 -0.8138
vn -0.3302 -0.0397 -0.9431
vn -0.1871 0.0622 -0.9804
vn -0.5448 -0.0557 -0.8367
vn -0.5599 0.1172 -0.8202
vn -0.1234 0.9137 -0.3873
vn -0.7058 -0.0632 -0.7056
vn -0.7858 -0.1881 -0.5891
vn -0.8497 0.0308 -0.5264
vn -0.9137 -0.1021 -0.3934
vn -0.9518 -0.0167 -0.3062
vn -0.3139 0.8954 -0.3159
vn -0.6467 0.7169 -0.2603
vn -0.8950 0.2264 -0.3844
vn -0.7697 0.0547 -0.6360
vn -0.9149 -0.0476 -0.4008
vn -0.5175 0.3381 -0.7861
vn -0.7871 -0.0710 -0.6127
vn -0.8502 0.1278 -0.5107
vn -0.5582 -0.1494 -0.8162
vn -0.3463 -0.0459 -0.9370
vn -0.0538 0.3159 -0.9473
vn -0.3613 -0.1654 -0.9176
vn 0.2528 0.2442 -0.9362
vn -0.1582 -0.1424 -0.9771
vn 0.1406 -0.1336 -0.9810
vn 0.5381 0.0004 -0.8429
vn 0.3683 -0.1411 -0.9189
vn 0.6056 -0.0230 -0.7954
vn 0.3392 0.0552 -0.9391
vn 0.0082 0.0624 -0.9980
vn -0.2756 0.0311 -0.9608
vn 0.8008 -0.0305 -0.5982
vn 0.9011 0.0871 -0.4247
vn 0.7323 0.1892 -0.6542
vn 0.9405 0.1260 -0.3155
vn 0.8186 0.1868 -0.5432
vn 0.5667 0.1887 -0.8020
vn 0.3876 0.2437 -0.8890
vn 0.1279 0.2203 -0.9670
vn -0.1638 0.2377 -0.9574
vn -0.1185 -0.3819 -0.9166
vn -0.4544 0.0863 -0.8866
vn -0.5116 0.0465 -0.8580
vn -0.6618 0.0550 -0.7477
vn -0.6031 0.2140 -0.7684
vn -0.1624 -0.9306 -0.3280
vn -0.7773 -0.1620 -0.6079
vn -0.3319 -0.9098 -0.2492
vn -0.8940 -0.2247 -0.3877
vn -0.3341 -0.9408 -0.0575
vn -0.6599 -0.6950 -0.2854
vn -0.2320 -0.9568 0.1751
vn -0.8098 -0.5456 0.2159
vn -0.8691 -0.4844 -0.0998
vn -0.8795 -0.3652 -0.3052
vn -0.9870 -0.0557 -0.1507
vn 0.2817 -0.0701 0.9569
vn 0.1003 -0.8434 0.5279
vn 0.0953 -0.6235 0.7760
vn 0.0776 -0.2770 0.9577
vn 0.0600 0.1669 0.9842
vn 0.0613 0.5604 0.8259
vn 0.1207 0.5872 0.8004
vn 0.0453 0.7949 0.6051
vn 0.2790 0.8774 0.3902
vn 0.0517 0.9735 0.2226
vn 0.2022 0.9788 -0.0340
vn 0.0683 0.9953 -0.0694
vn 0.0394 0.9152 -0.4010
vn 0.0430 0.8266 -0.5612
vn 0.1071 0.8750 -0.4721
vn 0.0073 0.7039 -0.7102
vn 0.0148 0.5520 -0.8337
vn 0.5123 0.6046 -0.6099
vn 0.0125 0.3245 -0.9458
vn 0.0165 0.1515 -0.9883
vn -0.2144 0.3708 -0.9036
vn 0.0552 0.9383 0.3414
vn -0.0229 0.9986 -0.0476
vn 0.8119 0.5670 0.1390
vn 0.1277 0.9504 0.2836
vn 0.8180 0.5458 -0.1816
vn -0.0620 0.9293 -0.3642
vn 0.1333 0.7674 -0.6271
vn 0.0922 0.9957 0.0038
vn -0.0283 0.9802 0.1959
vn -0.0532 0.9971 -0.0537
vn -0.0401 0.8943 0.4456
vn -0.0097 0.9323 0.3616
vn -0.0361 0.9476 -0.3175
vn -0.0436 0.9690 -0.2431
vn -0.0529 0.8844 -0.4636
vn -0.0713 0.7744 -0.6286
vn -0.0460 0.7257 -0.6864
vn 0.4456 0.7272 -0.5220
vn 0.8725 0.2518 -0.4187
vn 0.0229 0.5377 -0.8428
vn -0.0502 0.5772 -0.8150
vn -0.0614 0.6610 -0.7478
vn -0.0620 0.2652 -0.9622
vn -0.0526 0.3830 -0.9222
vn -0.0582 0.5103 -0.8580
vn -0.0639 0.1538 -0.9860
vn 0.1385 0.1446 -0.9797
vn 0.8128 -0.0720 -0.5780
vn 0.1526 -0.1682 -0.9739
vn 0.3152 0.4557 -0.8325
vn 0.1949 0.1631 -0.9672
vn -0.1229 0.4715 -0.8732
vn 0.8134 -0.3494 -0.4651
vn 0.0421 -0.5138 -0.8569
vn -0.0211 -0.1633 -0.9863
vn 0.1510 -0.4380 -0.8862
vn -0.0525 -0.4363 -0.8983
vn 0.0870 -0.7083 -0.7006
vn -0.0424 -0.7604 -0.6481
vn 0.7811 -0.5682 -0.2590
vn 0.1242 -0.9383 -0.3227
vn -0.0427 -0.9330 -0.3573
vn -0.0358 0.9159 0.3998
vn -0.1286 0.9524 0.2763
vn -0.0511 0.9719 0.2297
vn -0.0323 0.9990 0.0325
vn -0.1018 0.9947 0.0168
vn -0.1155 0.9875 -0.1073
vn -0.0532 0.9898 -0.1323
vn -0.0528 0.9191 -0.3905
vn -0.0985 0.9450 -0.3119
vn -0.0723 0.8205 -0.5670
vn -0.2124 0.9481 -0.2367
vn -0.1043 0.8058 -0.5830
vn -0.1341 0.6848 -0.7163
vn -0.1469 0.5223 -0.8400
vn -0.1489 0.6225 -0.7683
vn -0.1858 0.8528 -0.4881
vn -0.2446 0.6346 -0.7331
vn -0.1293 0.4327 -0.8922
vn -0.1129 0.3213 -0.9402
vn -0.1578 0.2614 -0.9522
vn -0.1098 0.1564 -0.9816
vn -0.1479 0.2968 -0.9434
vn -0.1504 0.1265 -0.9805
vn -0.1221 -0.0092 -0.9925
vn -0.0853 -0.1295 -0.9879
vn -0.1471 -0.2599 -0.9544
vn -0.0953 -0.3669 -0.9254
vn -0.1655 -0.1011 -0.9810
vn -0.1449 -0.1865 -0.9717
vn -0.1991 0.0483 -0.9788
vn -0.3758 -0.1217 -0.9187
vn -0.5197 -0.2446 -0.8186
vn -0.7229 -0.0826 -0.6860
vn -0.5413 -0.0344 -0.8401
vn -0.5652 0.0314 -0.8244
vn -0.3345 0.0689 -0.9399
vn -0.3309 0.2421 -0.9121
vn -0.4613 0.1796 -0.8689
vn -0.3415 0.4530 -0.8235
vn -0.6012 0.2899 -0.7447
vn -0.9232 0.1922 -0.3328
vn -0.7129 0.3466 -0.6097
vn -0.4502 0.6085 -0.6535
vn -0.3212 0.7492 -0.5793
vn -0.9596 0.1876 -0.2096
vn -0.7122 0.5627 -0.4197
vn -0.2680 0.8836 -0.3840
vn -0.5207 0.7777 -0.3521
vn -0.9914 0.1010 -0.0829
vn -0.2808 0.5260 -0.8028
vn -0.6638 0.6039 -0.4413
vn -0.8314 0.5241 -0.1845
vn -0.2293 0.9460 -0.2292
vn -0.5437 0.8318 -0.1122
vn -0.2176 0.9559 -0.1970
vn -0.1841 0.8777 -0.4423
vn -0.1392 0.8816 -0.4509
vn -0.1208 0.7256 -0.6774
vn -0.1162 0.7805 -0.6143
vn -0.1313 0.6313 -0.7644
vn -0.1230 0.4417 -0.8887
vn -0.1261 0.5120 -0.8497
vn -0.1266 0.6141 -0.7790
vn -0.1794 0.7687 0.6140
vn -0.0527 0.6691 0.7413
vn -0.1739 0.9533 0.2469
vn -0.0481 0.9204 0.3879
vn -0.0276 0.6947 0.7187
vn -0.0590 0.8887 0.4547
vn 0.0026 0.8076 0.5897
vn -0.0849 0.9921 0.0918
vn -0.0286 0.9995 -0.0132
vn -0.0335 0.9982 0.0502
vn -0.0696 0.9713 -0.2274
vn -0.1927 0.9780 -0.0804
vn -0.0224 0.9682 -0.2493
vn -0.0461 0.8321 -0.5527
vn -0.3619 0.7714 -0.5234
vn 0.0095 0.9549 -0.2969
vn 0.0333 0.9543 -0.2969
vn -0.0936 -0.6422 0.7608
vn -0.1332 -0.6431 0.7541
vn -0.1176 -0.6444 0.7556
vn -0.1879 -0.6406 0.7446
vn -0.0811 -0.8380 0.5396
vn -0.1781 -0.9121 0.3692
vn -0.0654 -0.9738 0.2176
vn -0.1078 -0.9084 0.4039
vn -0.0267 0.9738 0.2260
vn -0.0678 0.9942 0.0832
vn -0.1611 0.9776 0.1351
vn -0.2700 0.9629 -0.0007
vn 0.0005 0.9943 -0.1070
vn -0.1485 0.9886 0.0239
vn 0.2266 0.7755 -0.5893
vn 0.0064 0.8352 -0.5499
vn 0.3213 0.3178 -0.8921
vn -0.1614 0.9745 -0.1561
vn -0.2844 0.9521 -0.1119
vn 0.2389 0.0166 -0.9709
vn 0.1676 0.4520 -0.8761
vn 0.0617 -0.4891 -0.8701
vn 0.0904 0.0732 -0.9932
vn 0.0430 0.5920 -0.8048
vn -0.0287 0.7607 -0.6485
vn 0.1465 -0.5866 -0.7965
vn -0.0103 -0.9297 -0.3681
vn 0.0737 -0.8375 -0.5414
vn 0.0646 -0.2388 -0.9689
vn -0.1649 -0.6621 -0.7310
vn -0.1919 0.1143 -0.9747
vn 0.0408 0.4751 -0.8790
vn -0.2649 0.8374 -0.4781
vn -0.0060 0.7534 -0.6575
vn -0.1401 0.9179 -0.3712
vn -0.1244 0.9885 0.0858
vn -0.1914 0.9745 0.1173
vn -0.4034 0.9084 0.1098
vn -0.2189 0.9408 -0.2589
vn -0.1768 0.8417 -0.5102
vn -0.2293 0.9676 -0.1060
vn -0.3025 0.7354 -0.6064
vn -0.2849 0.8358 0.4694
vn -0.0785 0.9400 0.3320
vn -0.3862 0.5310 0.7543
vn -0.0571 0.4530 0.8897
vn 0.1468 -0.2287 0.9624
vn 0.0608 0.2573 0.9644
vn 0.0092 -0.1222 0.9925
vn 0.0248 0.3057 0.9518
vn 0.1120 -0.3687 0.9228
vn 0.0316 -0.6105 0.7914
vn 0.0881 -0.8172 0.5696
vn 0.0996 -0.9950 0.0031
vn 0.0697 -0.9968 0.0387
vn 0.0514 -0.9625 0.2664
vn 0.1243 -0.7507 0.6489
vn 0.3366 -0.9249 0.1767
vn 0.6435 -0.3668 0.6719
vn 0.8401 -0.5105 -0.1831
vn 0.9737 0.2059 0.0981
vn 0.4947 0.2293 0.8383
vn 0.4821 0.8277 0.2874
vn 0.6469 0.6411 -0.4128
vn 0.1438 0.9600 -0.2403
vn 0.0945 0.6324 0.7688
vn 0.0749 0.9413 0.3291
vn 0.0562 0.9863 -0.1549
vn 0.0181 0.6095 0.7926
vn 0.0820 0.8546 0.5129
vn 0.3053 0.8596 -0.4097
vn -0.1378 0.0980 0.9856
vn -0.0500 -0.2752 0.9601
vn -0.0895 0.6919 0.7164
vn -0.2043 0.8984 0.3889
vn -0.0731 0.9947 0.0726
vn -0.1971 0.9316 0.3055
vn -0.0817 0.1523 0.9850
vn -0.4163 0.5087 0.7536
vn -0.8053 0.5335 -0.2586
vn -0.2130 -0.3516 0.9116
vn -0.9427 -0.2811 0.1795
vn -0.5736 -0.3013 -0.7617
vn -0.0631 -0.7812 0.6211
vn -0.1914 -0.8119 0.5515
vn -0.3746 -0.9183 -0.1279
vn -0.0793 -0.8075 -0.5846
vn -0.0369 -0.9991 -0.0213
vn 0.1071 -0.9808 0.1630
vn -0.0053 -0.7972 -0.6037
vn -0.0668 -0.6222 -0.7800
vn -0.9733 0.0312 -0.2274
vn -0.9680 0.0076 -0.2510
vn -0.9363 0.0162 -0.3508
vn -0.5715 -0.7967 -0.1969
vn -0.9486 -0.0045 -0.3164
vn -0.9769 0.0048 -0.2138
vn -0.8979 0.0230 -0.4397
vn -0.9520 0.1720 -0.2533
vn -0.5394 -0.7401 -0.4017
vn -0.8753 0.2810 -0.3936
vn -0.7876 0.1722 -0.5916
vn -0.3539 0.9271 -0.1237
vn -0.7885 -0.0401 -0.6138
vn -0.5662 0.8155 -0.1197
vn -0.4904 0.8090 -0.3240
vn -0.6743 0.6699 -0.3108
vn -0.6108 -0.7843 -0.1085
vn -0.7940 -0.5563 -0.2452
vn -0.3924 -0.9111 -0.1258
vn -0.5031 -0.8019 -0.3223
vn -0.3837 -0.8930 -0.2350
vn -0.5966 -0.6439 -0.4790
vn -0.1645 -0.9725 -0.1647
vn -0.4185 -0.8216 -0.3871
vn -0.6652 0.5341 -0.5218
vn -0.4503 0.7622 -0.4650
vn -0.5644 0.5086 -0.6502
vn -0.5423 -0.6210 -0.5659
vn -0.6193 0.2438 -0.7464
vn -0.6948 0.1021 -0.7119
vn -0.6046 -0.1506 -0.7821
vn -0.6454 0.5063 -0.5719
vn -0.3933 -0.8579 -0.3305
vn -0.6854 0.1315 -0.7162
vn -0.6035 0.3555 -0.7137
vn -0.2589 -0.8791 -0.4003
vn -0.3141 -0.5969 -0.7383
vn -0.2128 -0.8364 -0.5050
vn -0.6158 0.1276 -0.7775
vn -0.1258 -0.8350 -0.5356
vn -0.2758 -0.0000 -0.9612
vn -0.0702 0.4176 -0.9059
vn -0.3949 0.1248 -0.9102
vn -0.5984 -0.0017 -0.8012
vn -0.0155 -0.9051 -0.4249
vn -0.0156 -0.9946 -0.1026
vn -0.0714 0.5442 -0.8359
vn -0.0271 0.1809 -0.9831
vn -0.2085 -0.0157 -0.9779
vn -0.1786 -0.0331 -0.9834
vn -0.3032 -0.3414 -0.8897
vn -0.6256 -0.3121 -0.7150
vn -0.7304 -0.0664 -0.6798
vn -0.5236 -0.0146 -0.8518
vn -0.6026 -0.0606 -0.7957
vn -0.7149 -0.0236 -0.6989
vn -0.6019 0.0800 -0.7945
vn -0.3468 0.0187 -0.9378
vn -0.4138 0.0712 -0.9076
vn -0.8564 0.0314 -0.5153
vn -0.7925 0.0795 -0.6047
vn -0.7508 -0.0043 -0.6605
vn -0.8773 0.0442 -0.4779
vn -0.5273 -0.0470 -0.8484
vn -0.6376 -0.1037 -0.7633
vn -0.4922 -0.1825 -0.8511
vn -0.3137 -0.2432 -0.9179
vn -0.3689 -0.0717 -0.9267
vn -0.2528 -0.0104 -0.9675
vn -0.2378 0.0939 -0.9668
vn -0.1622 -0.1428 -0.9764
vn -0.0873 0.0027 -0.9962
vn -0.1911 -0.0420 -0.9807
vn -0.0949 0.1387 -0.9858
vn -0.0753 -0.3229 -0.9434
vn -0.1916 -0.3582 -0.9138
vn -0.0193 -0.4843 -0.8747
vn 0.2571 -0.7213 -0.6431
vn 0.0333 -0.8957 -0.4434
vn 0.0676 -0.9751 -0.2113
vn 0.3182 -0.6798 -0.6607
vn 0.0853 -0.9338 -0.3476
vn 0.0505 -0.3704 -0.9275
vn 0.7036 0.0095 -0.7105
vn 0.0855 0.3322 -0.9393
vn 0.0439 0.8101 -0.5846
vn 0.0430 0.5881 -0.8076
vn 0.4269 0.8608 0.2773
vn 0.0813 0.0392 -0.9959
vn 0.0762 -0.5456 -0.8346
vn 0.1777 -0.6361 0.7509
vn 0.1135 0.1848 0.9762
vn 0.1584 -0.9631 0.2176
vn 0.0888 -0.0207 0.9958
vn 0.0709 -0.6549 0.7524
vn 0.0353 -0.9870 0.1570
vn 0.0633 -0.5881 0.8063
vn 0.6019 0.0455 0.7973
vn 0.1458 -0.9680 -0.2042
vn 0.4631 -0.7104 0.5299
vn 0.9702 -0.2394 0.0367
vn 0.0518 -0.8752 0.4810
vn 0.2509 -0.9590 -0.1318
vn 0.6800 -0.0744 -0.7294
vn -0.0015 -0.9435 -0.3313
vn 0.0843 -0.8729 -0.4805
vn 0.1044 -0.3974 -0.9117
vn 0.0121 -0.5153 -0.8569
vn 0.2315 -0.8504 0.4725
vn 0.2757 -0.0626 0.9592
vn 0.0923 -0.5733 0.8141
vn 0.0511 -0.9132 0.4044
vn 0.1176 -0.9927 0.0269
vn 0.4713 -0.7625 0.4432
vn 0.5454 -0.6782 -0.4925
vn 0.1133 -0.9893 -0.0923
vn 0.0348 -0.9836 0.1769
vn 0.1098 -0.9859 0.1265
vn 0.0854 -0.9735 -0.2123
vn 0.1969 -0.9049 -0.3772
vn 0.0598 -0.8334 -0.5494
vn 0.0557 -0.8795 -0.4727
vn 0.0404 -0.6263 -0.7785
vn 0.2449 -0.6263 -0.7401
vn 0.0308 -0.4835 -0.8748
vn 0.0002 -0.2571 -0.9664
vn 0.1512 -0.1937 -0.9693
vn 0.0056 -0.0297 -0.9995
vn -0.0744 0.0415 -0.9964
vn -0.1683 0.9359 -0.3095
vn -0.1451 0.3597 -0.9217
vn -0.0295 0.8327 -0.5529
vn -0.0080 -0.1925 -0.9813
vn -0.2088 0.9553 -0.2093
vn -0.2497 0.0699 -0.9658
vn -0.0875 -0.2049 0.9749
vn 0.0245 0.2838 -0.9586
vn 0.5942 0.8043 -0.0052
vn 0.2772 0.9517 -0.1320
vn 0.1511 0.9339 0.3242
vn 0.0567 0.6278 0.7763
vn 0.3232 0.7645 0.5578
vn 0.0968 0.9856 0.1383
vn 0.0679 0.9385 -0.3387
vn 0.3005 0.8527 -0.4272
vn 0.8043 0.5859 0.0991
vn 0.0848 0.2625 -0.9612
vn 0.0021 0.0214 -0.9998
vn 0.0597 0.5235 -0.8499
vn 0.2463 0.7433 -0.6220
vn 0.3079 0.7545 -0.5795
vn 0.2614 0.9406 -0.2165
vn 0.2294 0.6489 0.7255
vn 0.0690 0.4955 0.8659
vn 0.2812 -0.0767 0.9566
vn 0.2152 0.8405 0.4973
vn 0.0769 0.9876 -0.1372
vn 0.7632 0.5050 0.4032
vn 0.9270 -0.2356 0.2917
vn 0.2715 0.9292 -0.2506
vn 0.8055 0.2219 -0.5495
vn 0.0279 0.7959 -0.6048
vn 0.0890 0.4249 -0.9009
vn 0.1853 -0.1403 -0.9726
vn 0.0884 -0.6947 -0.7138
vn -0.0022 -0.1178 -0.9930
vn -0.0715 0.2671 -0.9610
vn 0.0601 0.7874 -0.6135
vn -0.0983 -0.5270 -0.8442
vn 0.0699 -0.8205 -0.5674
vn -0.0250 -0.9783 -0.2059
vn 0.1200 -0.9814 -0.1497
vn -0.0134 -0.8879 -0.4598
vn 0.0139 -0.8801 -0.4747
vn -0.0688 -0.6879 -0.7225
vn -0.1017 -0.1742 -0.9794
vn -0.1819 -0.4836 -0.8562
vn -0.2676 -0.5810 -0.7686
vn -0.1493 -0.6361 -0.7570
vn -0.2686 -0.1818 -0.9459
vn -0.2554 0.0435 -0.9659
vn -0.0995 0.3852 -0.9174
vn -0.2639 0.3991 -0.8781
vn -0.1478 0.6920 -0.7066
vn -0.0746 -0.9374 -0.3401
vn -0.1121 0.7183 -0.6867
vn -0.0323 0.9102 -0.4130
vn 0.1678 0.9574 -0.2352
vn 0.2788 0.9526 -0.1213
vn -0.9438 -0.0129 -0.3301
vn -0.8793 -0.0586 -0.4727
vn -0.7843 -0.0167 -0.6202
vn -0.6989 0.0313 -0.7146
vn -0.7149 0.0000 -0.6992
vn -0.6147 0.0314 -0.7881
vn -0.6830 0.0235 -0.7301
vn -0.5455 0.0158 -0.8380
vn -0.5023 0.0471 -0.8634
vn -0.4184 0.0236 -0.9080
vn -0.3630 0.0315 -0.9312
vn -0.5834 -0.0158 -0.8120
vn -0.4503 0.0079 -0.8928
vn -0.4023 0.0315 -0.9150
vn -0.3138 0.0235 -0.9492
vn -0.2682 0.0394 -0.9626
vn -0.1732 0.0393 -0.9841
vn -0.2443 0.0236 -0.9694
vn -0.1334 0.0628 -0.9891
vn -0.1103 -0.0473 -0.9928
vn -0.0628 0.0157 -0.9979
vn 0.0000 0.0628 -0.9980
vn -0.0157 0.0236 -0.9996
vn -0.0948 0.0237 -0.9952
vn 0.0550 0.0393 -0.9977
vn -0.0157 0.0157 -0.9998
vn -0.1579 0.0395 -0.9867
vn -0.0550 0.0314 -0.9980
vn -0.0079 0.0157 -0.9998
vn -0.1101 -0.0708 -0.9914
vn -0.0313 -0.3137 -0.9490
vn -0.1059 -0.3644 0.9252
vn -0.1007 -0.9589 0.2652
vn -0.1093 -0.9024 -0.4168
vn -0.0176 -0.5535 -0.8326
vn -0.1451 -0.4566 -0.8778
vn -0.5109 -0.8266 0.2361
vn -0.5781 -0.5273 -0.6226
vn -0.3709 0.4230 -0.8267
vn -0.9891 0.0018 -0.1471
vn -0.7189 -0.0668 0.6919
vn -0.3315 0.4144 0.8476
vn -0.6047 0.7877 0.1178
vn -0.0809 0.9503 -0.3006
vn -0.2314 0.8623 0.4505
vn 0.9121 0.0315 -0.4088
vn 0.8371 0.0474 -0.5449
vn 0.8305 0.0236 -0.5564
vn 0.7708 0.0079 -0.6370
vn 0.7450 0.0235 -0.6666
vn 0.7071 0.0079 -0.7071
vn 0.6364 0.0471 -0.7699
vn 0.4163 -0.3062 -0.8561
vn 0.5204 0.0632 -0.8516
vn 0.5419 0.0157 -0.8403
vn 0.3467 0.0236 -0.9377
vn 0.1970 -0.7088 -0.6773
vn 0.2127 -0.0079 -0.9771
vn 0.4084 0.0549 -0.9111
vn 0.2683 0.0315 -0.9628
vn 0.3700 0.0237 -0.9287
vn 0.5362 0.0237 -0.8438
vn 0.6149 0.0158 -0.7884
vn 0.4722 -0.0000 -0.8815
vn 0.7491 0.0158 -0.6623
vn 0.8126 -0.0765 -0.5778
vn 0.8753 -0.1120 -0.4705
vn 0.5561 -0.0892 -0.8263
vn 0.3138 0.0235 -0.9492
vn 0.2047 -0.0631 -0.9768
vn 0.1182 -0.0079 -0.9930
vn 0.1808 0.0472 -0.9824
vn 0.2368 0.0395 -0.9708
vn 0.1491 0.0235 -0.9885
vn 0.0393 0.0236 -0.9989
vn 0.0948 0.0157 -0.9954
vn 0.1023 -0.4480 -0.8882
vn 0.0393 -0.0157 -0.9991
vn 0.0316 -0.3630 -0.9312
vn -0.0582 0.4917 -0.8688
vn -0.3395 0.8980 -0.2800
vn -0.0330 -0.1119 -0.9932
vn -0.1147 -0.0339 -0.9928
vn -0.1893 0.6527 0.7336
vn -0.2454 -0.3983 0.8838
vn -0.2727 -0.8225 -0.4991
vn -0.2091 -0.9725 0.1026
vn -0.5406 0.6828 0.4915
vn -0.1513 0.1021 0.9832
vn -0.0887 -0.6725 0.7347
vn 0.0313 -0.9944 0.1007
vn -0.2159 -0.9659 0.1428
vn -0.4647 -0.4437 0.7663
vn -0.9644 -0.1404 -0.2241
vn -0.1134 -0.7286 -0.6755
vn -0.1086 -0.7053 -0.7006
vn -0.0991 -0.5184 -0.8494
vn -0.0829 -0.3100 -0.9471
vn -0.0680 -0.0043 -0.9977
vn 0.6361 -0.0550 -0.7696
vn 0.4978 -0.4345 -0.7506
vn 0.3297 -0.0628 -0.9420
vn 0.2753 -0.5743 -0.7709
vn 0.2125 -0.1338 -0.9680
vn -0.0552 -0.9618 0.2680
vn 0.0628 -0.9973 -0.0393
vn 0.2431 -0.4863 -0.8393
vn 0.4555 -0.1806 -0.8717
vn 0.5872 -0.1847 -0.7881
vn 0.6182 0.1205 -0.7767
vn 0.2266 -0.2935 -0.9287
vn 0.2661 0.3381 -0.9027
vn 0.3098 0.0305 -0.9503
vn 0.1716 -0.0091 -0.9851
vn 0.1107 -0.8605 -0.4973
vn 0.1032 0.2038 -0.9736
vn 0.0708 0.4957 -0.8656
vn 0.0865 -0.6599 -0.7463
vn 0.0552 -0.9663 -0.2514
vn 0.0159 -0.7989 -0.6012
vn 0.0002 -0.9920 -0.1260
vn 0.0080 -0.6870 -0.7266
vn 0.0156 0.6584 -0.7525
vn 0.0786 0.7319 -0.6768
vn 0.0156 0.7777 -0.6285
vn 0.1487 0.7835 -0.6033
vn 0.1889 0.1583 -0.9692
vn 0.0313 0.1810 -0.9830
vn 0.0468 0.0703 -0.9964
vn 0.1809 0.0318 -0.9830
vn 0.1929 -0.4174 -0.8880
vn 0.0618 -0.3338 -0.9406
vn -0.0469 -0.1067 -0.9932
vn -0.1653 -0.3307 -0.9291
vn -0.1105 0.6151 -0.7807
vn -0.0628 -0.3461 -0.9361
vn -0.0238 0.4660 -0.8845
vn -0.0313 -0.8015 -0.5972
vn -0.0239 0.8675 -0.4969
vn -0.1097 0.7635 -0.6364
vn -0.0628 0.4083 -0.9107
vn -0.2211 0.1519 -0.9633
vn -0.0787 0.0869 -0.9931
vn -0.1797 -0.1110 -0.9774
usemtl mat
s 1
f 1952/1/1 1932/2/2 1789/3/3
f 1952/1/1 1789/3/3 1941/4/4
f 2620/5/5 2605/6/6 2619/7/7
f 2620/5/5 2619/7/7 2648/8/8
f 1869/9/9 1406/10/10 1564/11/11
f 760/12/12 220/13/13 213/14/14
f 653/15/15 128/16/16 633/17/17
f 4193/18/18 3771/19/19 3142/20/20
f 2236/21/21 2259/22/22 2264/23/23
f 3996/24/24 3994/25/25 3995/26/26
f 2525/27/27 2539/28/28 78/29/29
f 140/30/30 2478/31/31 52/32/32
f 150/33/33 52/32/32 2563/34/34
f 52/32/32 150/33/33 243/35/35
f 52/32/32 243/35/35 140/30/30
f 243/35/35 150/33/33 706/36/36
f 140/30/30 243/35/35 621/37/37
f 621/37/37 243/35/35 706/36/36
f 706/36/36 150/33/33 730/38/38
f 730/38/38 150/33/33 23/39/39
f 621/37/37 706/36/36 959/40/40
f 706/36/36 730/38/38 1026/41/41
f 706/36/36 1026/41/41 959/40/40
f 730/38/38 23/39/39 468/42/42
f 468/42/42 23/39/39 2465/43/43
f 1026/41/41 730/38/38 1006/44/44
f 1006/44/44 730/38/38 926/45/45
f 926/45/45 730/38/38 468/42/42
f 1026/41/41 1006/44/44 1259/46/46
f 1259/46/46 1006/44/44 926/45/45
f 1189/47/47 959/40/40 1026/41/41
f 1189/47/47 1026/41/41 1319/48/48
f 1319/48/48 1026/41/41 1259/46/46
f 959/40/40 1189/47/47 1139/49/49
f 1259/46/46 926/45/45 1025/50/50
f 1025/50/50 926/45/45 468/42/42
f 1189/47/47 1319/48/48 1373/51/51
f 1189/47/47 1373/51/51 1139/49/49
f 959/40/40 1139/49/49 944/52/52
f 959/40/40 944/52/52 621/37/37
f 1139/49/49 1373/51/51 1264/53/53
f 944/52/52 1139/49/49 1067/54/54
f 1067/54/54 1139/49/49 1264/53/53
f 621/37/37 944/52/52 796/55/55
f 796/55/55 944/52/52 1067/54/54
f 1566/56/56 1373/51/51 1319/48/48
f 1428/57/57 1319/48/48 1259/46/46
f 1319/48/48 1428/57/57 1566/56/56
f 1428/57/57 1259/46/46 1529/58/58
f 1529/58/58 1259/46/46 1025/50/50
f 1566/56/56 1428/57/57 1613/59/59
f 1613/59/59 1428/57/57 1529/58/58
f 1468/60/60 1373/51/51 1566/56/56
f 1373/51/51 1468/60/60 1264/53/53
f 1566/56/56 1613/59/59 1706/61/61
f 1264/53/53 1468/60/60 1066/62/62
f 1566/56/56 1706/61/61 1718/63/63
f 1468/60/60 1566/56/56 1610/64/64
f 1610/64/64 1566/56/56 1718/63/63
f 1468/60/60 1610/64/64 1291/65/65
f 1468/60/60 1291/65/65 1066/62/62
f 1610/64/64 1718/63/63 1792/66/66
f 1718/63/63 1706/61/61 1806/67/67
f 1718/63/63 1806/67/67 1792/66/66
f 1761/68/68 1706/61/61 1613/59/59
f 1706/61/61 1761/68/68 1806/67/67
f 1761/68/68 1613/59/59 1629/69/69
f 1629/69/69 1613/59/59 1529/58/58
f 1806/67/67 1761/68/68 1704/70/70
f 1761/68/68 1629/69/69 1476/71/71
f 1761/68/68 1476/71/71 1704/70/70
f 1629/69/69 1529/58/58 1278/72/72
f 1806/67/67 1704/70/70 1770/73/73
f 1806/67/67 1770/73/73 1797/74/74
f 1806/67/67 1797/74/74 1792/66/66
f 1770/73/73 1704/70/70 1666/75/75
f 1797/74/74 1770/73/73 1713/76/76
f 1713/76/76 1770/73/73 1666/75/75
f 1792/66/66 1797/74/74 1699/77/77
f 1699/77/77 1797/74/74 1713/76/76
f 1713/76/76 1666/75/75 1555/78/78
f 1713/76/76 1555/78/78 1699/77/77
f 1666/75/75 1704/70/70 1558/79/79
f 1558/79/79 1704/70/70 1476/71/71
f 1792/66/66 1699/77/77 1522/80/80
f 1792/66/66 1522/80/80 1424/81/81
f 1792/66/66 1424/81/81 1610/64/64
f 1522/80/80 1699/77/77 1527/82/82
f 1610/64/64 1424/81/81 1291/65/65
f 1527/82/82 1699/77/77 1426/83/83
f 1426/83/83 1699/77/77 1555/78/78
f 1522/80/80 1527/82/82 1497/84/84
f 1424/81/81 1522/80/80 1443/85/85
f 1443/85/85 1522/80/80 1497/84/84
f 1497/84/84 1527/82/82 1430/86/86
f 1430/86/86 1527/82/82 1426/83/83
f 1443/85/85 1497/84/84 1378/87/87
f 1378/87/87 1497/84/84 1430/86/86
f 1424/81/81 1443/85/85 1345/88/88
f 1424/81/81 1345/88/88 1295/89/89
f 1424/81/81 1295/89/89 1291/65/65
f 1345/88/88 1443/85/85 1347/90/90
f 1347/90/90 1443/85/85 1378/87/87
f 1295/89/89 1345/88/88 1253/91/91
f 1253/91/91 1345/88/88 1347/90/90
f 1291/65/65 1295/89/89 1205/92/92
f 1205/92/92 1295/89/89 1253/91/91
f 1291/65/65 1205/92/92 1107/93/93
f 1291/65/65 1107/93/93 1066/62/62
f 1205/92/92 1253/91/91 1118/94/94
f 1107/93/93 1205/92/92 1057/95/95
f 1057/95/95 1205/92/92 1118/94/94
f 1107/93/93 1057/95/95 985/96/96
f 1057/95/95 1118/94/94 1019/97/97
f 1057/95/95 1019/97/97 985/96/96
f 1118/94/94 1253/91/91 1164/98/98
f 1118/94/94 1164/98/98 1019/97/97
f 1031/99/99 1066/62/62 1107/93/93
f 1031/99/99 1107/93/93 985/96/96
f 1164/98/98 1253/91/91 1247/100/100
f 1247/100/100 1253/91/91 1347/90/90
f 985/96/96 1019/97/97 828/101/101
f 1247/100/100 1347/90/90 1266/102/102
f 1266/102/102 1347/90/90 1378/87/87
f 1164/98/98 1247/100/100 1116/103/103
f 1017/104/104 1019/97/97 1164/98/98
f 1017/104/104 1164/98/98 1116/103/103
f 828/101/101 1019/97/97 787/105/105
f 787/105/105 1019/97/97 1017/104/104
f 1116/103/103 1247/100/100 1151/106/106
f 1151/106/106 1247/100/100 1266/102/102
f 1017/104/104 1116/103/103 998/107/107
f 998/107/107 1116/103/103 1151/106/106
f 1151/106/106 1266/102/102 1134/108/108
f 1017/104/104 998/107/107 831/109/109
f 1017/104/104 831/109/109 787/105/105
f 998/107/107 1151/106/106 1060/110/110
f 1060/110/110 1151/106/106 1134/108/108
f 1134/108/108 1266/102/102 1269/111/111
f 1269/111/111 1266/102/102 1378/87/87
f 1060/110/110 1134/108/108 971/112/112
f 1269/111/111 1378/87/87 1341/113/113
f 1341/113/113 1378/87/87 1430/86/86
f 1134/108/108 1269/111/111 1150/114/114
f 1134/108/108 1150/114/114 971/112/112
f 1269/111/111 1341/113/113 1246/115/115
f 1269/111/111 1246/115/115 1150/114/114
f 1341/113/113 1430/86/86 1355/116/116
f 1246/115/115 1341/113/113 1258/117/117
f 1258/117/117 1341/113/113 1355/116/116
f 1355/116/116 1430/86/86 1426/83/83
f 1246/115/115 1258/117/117 1137/118/118
f 1150/114/114 1246/115/115 1100/119/119
f 1100/119/119 1246/115/115 1137/118/118
f 1150/114/114 1100/119/119 992/120/120
f 1150/114/114 992/120/120 971/112/112
f 1258/117/117 1355/116/116 1203/121/121
f 1258/117/117 1203/121/121 1137/118/118
f 1355/116/116 1426/83/83 1283/122/122
f 1355/116/116 1283/122/122 1203/121/121
f 1100/119/119 1137/118/118 962/123/123
f 1100/119/119 962/123/123 992/120/120
f 1137/118/118 1203/121/121 1058/124/124
f 1203/121/121 1283/122/122 1143/125/125
f 1203/121/121 1143/125/125 1058/124/124
f 1283/122/122 1426/83/83 1300/126/126
f 1283/122/122 1300/126/126 1143/125/125
f 1300/126/126 1426/83/83 1432/127/127
f 1432/127/127 1426/83/83 1555/78/78
f 1143/125/125 1300/126/126 1148/128/128
f 1148/128/128 1300/126/126 1432/127/127
f 1432/127/127 1555/78/78 1413/129/129
f 1413/129/129 1555/78/78 1528/130/130
f 1528/130/130 1555/78/78 1666/75/75
f 1432/127/127 1413/129/129 1135/131/131
f 1432/127/127 1135/131/131 1148/128/128
f 1413/129/129 1528/130/130 1350/132/132
f 1413/129/129 1350/132/132 1135/131/131
f 1528/130/130 1666/75/75 1344/133/133
f 1528/130/130 1344/133/133 1350/132/132
f 1350/132/132 1344/133/133 1012/134/134
f 1135/131/131 1350/132/132 1147/135/135
f 1344/133/133 1666/75/75 1558/79/79
f 1135/131/131 1147/135/135 924/136/136
f 1344/133/133 1558/79/79 1098/137/137
f 1344/133/133 1098/137/137 923/138/138
f 1098/137/137 1558/79/79 1207/139/139
f 1098/137/137 1207/139/139 1144/140/140
f 1207/139/139 1558/79/79 1290/141/141
f 1207/139/139 1290/141/141 1168/142/142
f 1290/141/141 1558/79/79 1476/71/71
f 1290/141/141 1476/71/71 1322/143/143
f 1290/141/141 1322/143/143 1303/144/144
f 1322/143/143 1476/71/71 1325/145/145
f 1322/143/143 1325/145/145 1303/144/144
f 1325/145/145 1476/71/71 1629/69/69
f 1303/144/144 1325/145/145 1307/146/146
f 1307/146/146 1325/145/145 1301/147/147
f 1301/147/147 1325/145/145 1294/148/148
f 1325/145/145 1629/69/69 1278/72/72
f 1325/145/145 1278/72/72 1294/148/148
f 1294/148/148 1278/72/72 1202/149/149
f 1294/148/148 1202/149/149 1181/150/150
f 1181/150/150 1202/149/149 1088/151/151
f 1202/149/149 1278/72/72 1223/152/152
f 1223/152/152 1278/72/72 1529/58/58
f 1202/149/149 1223/152/152 1070/153/153
f 1202/149/149 1070/153/153 1088/151/151
f 1223/152/152 1529/58/58 1024/154/154
f 1223/152/152 1024/154/154 1070/153/153
f 1070/153/153 1024/154/154 1088/151/151
f 1024/154/154 1529/58/58 1025/50/50
f 1104/155/155 1088/151/151 1054/156/156
f 1054/156/156 1088/151/151 996/157/157
f 996/157/157 1088/151/151 1024/154/154
f 1024/154/154 1025/50/50 957/158/158
f 1024/154/154 957/158/158 996/157/157
f 996/157/157 957/158/158 869/159/159
f 996/157/157 869/159/159 977/160/160
f 957/158/158 1025/50/50 848/161/161
f 957/158/158 848/161/161 869/159/159
f 848/161/161 1025/50/50 667/162/162
f 667/162/162 1025/50/50 468/42/42
f 869/159/159 848/161/161 765/163/163
f 765/163/163 848/161/161 667/162/162
f 869/159/159 765/163/163 669/164/164
f 765/163/163 667/162/162 384/165/165
f 765/163/163 384/165/165 669/164/164
f 667/162/162 468/42/42 417/166/166
f 667/162/162 417/166/166 384/165/165
f 417/166/166 468/42/42 202/167/167
f 202/167/167 468/42/42 2465/43/43
f 202/167/167 2465/43/43 27/168/168
f 417/166/166 202/167/167 192/169/169
f 192/169/169 202/167/167 27/168/168
f 417/166/166 192/169/169 384/165/165
f 192/169/169 27/168/168 2508/170/170
f 192/169/169 2508/170/170 21/171/171
f 192/169/169 21/171/171 155/172/172
f 192/169/169 155/172/172 384/165/165
f 384/165/165 155/172/172 197/173/173
f 197/173/173 155/172/172 189/174/174
f 384/165/165 197/173/173 430/175/175
f 384/165/165 430/175/175 669/164/164
f 197/173/173 189/174/174 464/176/176
f 197/173/173 464/176/176 430/175/175
f 464/176/176 189/174/174 483/177/177
f 483/177/177 189/174/174 371/178/178
f 430/175/175 464/176/176 720/179/179
f 430/175/175 720/179/179 669/164/164
f 464/176/176 483/177/177 788/180/180
f 464/176/176 788/180/180 720/179/179
f 788/180/180 483/177/177 805/181/181
f 788/180/180 805/181/181 822/182/182
f 788/180/180 822/182/182 720/179/179
f 720/179/179 822/182/182 669/164/164
f 669/164/164 822/182/182 869/159/159
f 869/159/159 822/182/182 867/183/183
f 2478/184/31 2563/185/34 52/186/32
f 23/187/39 150/188/33 2563/185/34
f 23/187/39 2563/185/34 2810/189/184
f 2563/185/34 2478/184/31 2726/190/185
f 2563/185/34 2726/190/185 2810/189/184
f 23/187/39 2810/189/184 2465/191/43
f 140/192/30 2479/193/186 2478/184/31
f 2478/184/31 2479/193/186 2503/194/187
f 2503/194/187 2479/193/186 147/195/188
f 2726/190/185 2478/184/31 2729/196/189
f 2729/196/189 2478/184/31 2503/194/187
f 2810/189/184 2726/190/185 3227/197/190
f 2465/191/43 2810/189/184 2717/198/191
f 2717/198/191 2810/189/184 3227/197/190
f 2465/191/43 2717/198/191 2667/199/192
f 2667/199/192 2717/198/191 3089/200/193
f 3089/200/193 2717/198/191 3227/197/190
f 2465/191/43 2667/199/192 2637/201/194
f 2465/191/43 2637/201/194 27/202/168
f 27/202/168 2637/201/194 2508/203/170
f 2508/203/170 2637/201/194 2608/204/195
f 2637/201/194 2667/199/192 2935/205/196
f 2935/205/196 2667/199/192 3089/200/193
f 2608/204/195 2637/201/194 2772/206/197
f 2608/204/195 2772/206/197 2688/207/198
f 2688/207/198 2772/206/197 2966/208/199
f 2966/208/199 2772/206/197 3111/209/200
f 2772/206/197 2637/201/194 3022/210/201
f 2772/206/197 3022/210/201 3111/209/200
f 3022/210/201 2637/201/194 2935/205/196
f 3111/209/200 3022/210/201 3225/211/202
f 3225/211/202 3022/210/201 3252/212/203
f 3022/210/201 2935/205/196 3162/213/204
f 3022/210/201 3162/213/204 3252/212/203
f 3162/213/204 2935/205/196 3089/200/193
f 3252/212/203 3162/213/204 3337/214/205
f 3337/214/205 3162/213/204 3089/200/193
f 3341/215/206 3270/216/207 3252/212/203
f 3341/215/206 3252/212/203 3337/214/205
f 3341/215/206 3337/214/205 3438/217/208
f 3341/215/206 3438/217/208 3406/218/209
f 3406/218/209 3438/217/208 3458/219/210
f 3458/219/210 3438/217/208 3511/220/211
f 3511/220/211 3438/217/208 3491/221/212
f 3415/222/213 3337/214/205 3089/200/193
f 3415/222/213 3089/200/193 3227/197/190
f 3438/217/208 3337/214/205 3640/223/214
f 3640/223/214 3337/214/205 3415/222/213
f 3438/217/208 3640/223/214 3491/221/212
f 3511/220/211 3491/221/212 3570/224/215
f 3570/224/215 3491/221/212 3640/223/214
f 3511/220/211 3570/224/215 3575/225/216
f 3575/225/216 3570/224/215 3628/226/217
f 3575/225/216 3628/226/217 3678/227/218
f 3628/226/217 3570/224/215 3654/228/219
f 3628/226/217 3654/228/219 3678/227/218
f 3654/228/219 3570/224/215 3640/223/214
f 3678/227/218 3654/228/219 3745/229/220
f 3678/227/218 3745/229/220 3720/230/221
f 3720/230/221 3745/229/220 3734/231/222
f 3745/229/220 3654/228/219 4006/232/223
f 4006/232/223 3654/228/219 3640/223/214
f 3734/231/222 3745/229/220 3748/233/224
f 3748/233/224 3745/229/220 4006/232/223
f 3734/231/222 3748/233/224 3726/234/225
f 3726/234/225 3748/233/224 3739/235/226
f 3726/234/225 3739/235/226 3699/236/227
f 3739/235/226 3748/233/224 3940/237/228
f 3940/237/228 3748/233/224 4006/232/223
f 3699/236/227 3739/235/226 3757/238/229
f 3757/238/229 3739/235/226 3940/237/228
f 3656/239/230 3699/236/227 3641/240/231
f 3641/240/231 3699/236/227 3757/238/229
f 3940/237/228 4006/232/223 4202/241/232
f 3641/240/231 3757/238/229 3589/242/233
f 3641/240/231 3589/242/233 3561/243/234
f 3561/243/234 3589/242/233 3512/244/235
f 3757/238/229 3940/237/228 3982/245/236
f 3982/245/236 3940/237/228 4202/241/232
f 3589/242/233 3757/238/229 3550/246/237
f 3589/242/233 3550/246/237 3512/244/235
f 3757/238/229 3982/245/236 3743/247/238
f 3757/238/229 3743/247/238 3550/246/237
f 3743/247/238 3982/245/236 3965/248/239
f 3743/247/238 3965/248/239 3751/249/240
f 3743/247/238 3751/249/240 3550/246/237
f 3965/248/239 3982/245/236 4117/250/241
f 3512/244/235 3550/246/237 3360/251/242
f 3512/244/235 3360/251/242 3447/252/243
f 3965/248/239 4117/250/241 4005/253/244
f 3965/248/239 4005/253/244 3751/249/240
f 4117/250/241 3982/245/236 4210/254/245
f 4210/254/245 3982/245/236 4202/241/232
f 4117/250/241 4210/254/245 4209/255/246
f 4117/250/241 4209/255/246 4005/253/244
f 4210/254/245 4202/241/232 4245/256/247
f 4210/254/245 4245/256/247 4209/255/246
f 4245/256/247 4202/241/232 4204/257/248
f 4204/257/248 4202/241/232 4051/258/249
f 4051/258/249 4202/241/232 4006/232/223
f 4245/256/247 4204/257/248 4230/259/250
f 4209/255/246 4245/256/247 4226/260/251
f 4226/260/251 4245/256/247 4230/259/250
f 4209/255/246 4226/260/251 4105/261/252
f 4209/255/246 4105/261/252 4005/253/244
f 4105/261/252 4226/260/251 3961/262/253
f 3961/262/253 4226/260/251 4230/259/250
f 4005/253/244 4105/261/252 3922/263/254
f 4179/264/255 4230/259/250 4204/257/248
f 4179/264/255 4204/257/248 4051/258/249
f 4105/261/252 3961/262/253 3901/265/256
f 4105/261/252 3901/265/256 3922/263/254
f 3897/266/257 4051/258/249 4006/232/223
f 3897/266/257 4006/232/223 3640/223/214
f 3897/266/257 3640/223/214 3508/267/258
f 3508/267/258 3640/223/214 3415/222/213
f 3508/267/258 3415/222/213 3227/197/190
f 3897/266/257 3508/267/258 3804/268/259
f 3897/266/257 3804/268/259 4051/258/249
f 3508/267/258 3227/197/190 3229/269/260
f 3229/269/260 3227/197/190 2726/190/185
f 3804/268/259 3508/267/258 3559/270/261
f 3559/270/261 3508/267/258 3229/269/260
f 4051/258/249 3804/268/259 3974/271/262
f 4051/258/249 3974/271/262 4179/264/255
f 3804/268/259 3559/270/261 3652/272/263
f 3804/268/259 3652/272/263 3974/271/262
f 3559/270/261 3229/269/260 3503/273/264
f 3559/270/261 3503/273/264 3652/272/263
f 2936/274/265 3229/269/260 2726/190/185
f 2936/274/265 2726/190/185 2729/196/189
f 3503/273/264 3229/269/260 3256/275/266
f 3256/275/266 3229/269/260 2936/274/265
f 2936/274/265 2729/196/189 3238/276/267
f 2936/274/265 3238/276/267 3256/275/266
f 3503/273/264 3256/275/266 3471/277/268
f 3471/277/268 3256/275/266 3238/276/267
f 3643/278/269 3652/272/263 3503/273/264
f 3643/278/269 3503/273/264 3471/277/268
f 3911/279/270 3974/271/262 3652/272/263
f 3911/279/270 3652/272/263 3643/278/269
f 3974/271/262 3911/279/270 4179/264/255
f 2878/280/271 3238/276/267 2729/196/189
f 2878/280/271 2729/196/189 2503/194/187
f 3401/281/272 3471/277/268 3238/276/267
f 3238/276/267 2878/280/271 3095/282/273
f 3238/276/267 3095/282/273 3401/281/272
f 2878/280/271 2503/194/187 2764/283/274
f 2878/280/271 2764/283/274 3095/282/273
f 2764/283/274 2503/194/187 2568/284/275
f 2568/284/275 2503/194/187 68/285/276
f 2568/284/275 68/285/276 2457/286/277
f 2764/283/274 2568/284/275 2721/287/278
f 2568/284/275 2457/286/277 2520/288/279
f 2520/288/279 2457/286/277 96/289/280
f 2721/287/278 2568/284/275 2763/290/281
f 2763/290/281 2568/284/275 2520/288/279
f 2764/283/274 2721/287/278 3013/291/282
f 2764/283/274 3013/291/282 3095/282/273
f 3013/291/282 2721/287/278 2763/290/281
f 2520/288/279 96/289/280 2468/292/283
f 3095/282/273 3013/291/282 3288/293/284
f 3095/282/273 3288/293/284 3401/281/272
f 3013/291/282 2763/290/281 2823/294/285
f 2763/290/281 2520/288/279 2792/295/286
f 2763/290/281 2792/295/286 2823/294/285
f 2520/288/279 2468/292/283 2603/296/287
f 2520/288/279 2603/296/287 2792/295/286
f 3013/291/282 2823/294/285 3110/297/288
f 3013/291/282 3110/297/288 3288/293/284
f 2823/294/285 2792/295/286 2831/298/289
f 2792/295/286 2603/296/287 2818/299/290
f 2792/295/286 2818/299/290 2831/298/289
f 2603/296/287 2468/292/283 2562/300/291
f 2603/296/287 2562/300/291 2818/299/290
f 2562/300/291 2468/292/283 2476/301/292
f 2476/301/292 2468/292/283 107/302/293
f 2823/294/285 2831/298/289 2880/303/294
f 2823/294/285 2880/303/294 3110/297/288
f 2880/303/294 2831/298/289 2863/304/295
f 2880/303/294 2863/304/295 3024/305/296
f 2880/303/294 3024/305/296 3110/297/288
f 2863/304/295 2831/298/289 2867/306/297
f 2867/306/297 2831/298/289 2818/299/290
f 3024/305/296 2863/304/295 3051/307/298
f 3024/305/296 3051/307/298 3110/297/288
f 3051/307/298 2863/304/295 2867/306/297
f 3110/297/288 3051/307/298 3123/308/299
f 3110/297/288 3123/308/299 3251/309/300
f 3123/308/299 3051/307/298 3262/310/301
f 3123/308/299 3262/310/301 3251/309/300
f 3110/297/288 3251/309/300 3288/293/284
f 3262/310/301 3051/307/298 3242/311/302
f 3242/311/302 3051/307/298 2867/306/297
f 3251/309/300 3262/310/301 3470/312/303
f 3251/309/300 3470/312/303 3288/293/284
f 3470/312/303 3262/310/301 3455/313/304
f 3288/293/284 3470/312/303 3484/314/305
f 3484/314/305 3470/312/303 3455/313/304
f 3455/313/304 3262/310/301 3409/315/306
f 3409/315/306 3262/310/301 3242/311/302
f 3242/311/302 2867/306/297 3154/316/307
f 3455/313/304 3409/315/306 3560/317/308
f 3154/316/307 2867/306/297 3155/318/309
f 3154/316/307 3155/318/309 3242/311/302
f 3409/315/306 3242/311/302 3289/319/310
f 3289/319/310 3242/311/302 3155/318/309
f 3155/318/309 2867/306/297 2872/320/311
f 3155/318/309 2872/320/311 3289/319/310
f 2872/320/311 2867/306/297 2818/299/290
f 3409/315/306 3289/319/310 3464/321/312
f 3409/315/306 3464/321/312 3560/317/308
f 3289/319/310 2872/320/311 2865/322/313
f 2865/322/313 2872/320/311 2818/299/290
f 3464/321/312 3289/319/310 3357/323/314
f 3357/323/314 3289/319/310 2865/322/313
f 3464/321/312 3357/323/314 3504/324/315
f 2865/322/313 2818/299/290 2827/325/316
f 2827/325/316 2818/299/290 2562/300/291
f 2827/325/316 2562/300/291 2633/326/317
f 2633/326/317 2562/300/291 2476/301/292
f 2865/322/313 2827/325/316 2822/327/318
f 2822/327/318 2827/325/316 2633/326/317
f 2633/326/317 2476/301/292 2490/328/319
f 2490/328/319 2476/301/292 116/329/320
f 2822/327/318 2633/326/317 2602/330/321
f 2602/330/321 2633/326/317 2490/328/319
f 119/331/322 2447/332/323 2490/328/319
f 2490/328/319 2447/332/323 2602/330/321
f 2602/330/321 2447/332/323 2561/333/324
f 2561/333/324 2447/332/323 136/334/325
f 2822/327/318 2602/330/321 2843/335/326
f 2602/330/321 2561/333/324 2803/336/327
f 2602/330/321 2803/336/327 2843/335/326
f 2822/327/318 2843/335/326 2868/337/328
f 2822/327/318 2868/337/328 2865/322/313
f 2843/335/326 2803/336/327 2879/338/329
f 2843/335/326 2879/338/329 2868/337/328
f 2803/336/327 2561/333/324 2780/339/330
f 2780/339/330 2561/333/324 2461/340/331
f 2461/340/331 2561/333/324 229/341/332
f 2780/339/330 2461/340/331 2524/342/333
f 2803/336/327 2780/339/330 2837/343/334
f 2837/343/334 2780/339/330 2524/342/333
f 2803/336/327 2837/343/334 2879/338/329
f 3195/344/335 2865/322/313 2868/337/328
f 2865/322/313 3195/344/335 3357/323/314
f 3195/344/335 2868/337/328 3015/345/336
f 3015/345/336 2868/337/328 2879/338/329
f 3357/323/314 3195/344/335 3472/346/337
f 3195/344/335 3015/345/336 3343/347/338
f 3195/344/335 3343/347/338 3472/346/337
f 3015/345/336 2879/338/329 3104/348/339
f 3015/345/336 3104/348/339 3343/347/338
f 3357/323/314 3472/346/337 3504/324/315
f 3343/347/338 3104/348/339 3062/349/340
f 3062/349/340 3104/348/339 2879/338/329
f 3472/346/337 3343/347/338 3533/350/341
f 3504/324/315 3472/346/337 3620/351/342
f 3620/351/342 3472/346/337 3533/350/341
f 3533/350/341 3343/347/338 3322/352/343
f 3322/352/343 3343/347/338 3062/349/340
f 3062/349/340 2879/338/329 2873/353/344
f 2873/353/344 2879/338/329 2837/343/334
f 3322/352/343 3062/349/340 3085/354/345
f 3085/354/345 3062/349/340 2873/353/344
f 3533/350/341 3322/352/343 3500/355/346
f 3322/352/343 3085/354/345 3305/356/347
f 3322/352/343 3305/356/347 3500/355/346
f 3533/350/341 3500/355/346 3650/357/348
f 3533/350/341 3650/357/348 3620/351/342
f 3500/355/346 3305/356/347 3411/358/349
f 3085/354/345 2873/353/344 2871/359/350
f 3305/356/347 3085/354/345 3108/360/351
f 3108/360/351 3085/354/345 2871/359/350
f 3305/356/347 3108/360/351 3220/361/352
f 3305/356/347 3220/361/352 3411/358/349
f 3500/355/346 3411/358/349 3541/362/353
f 3500/355/346 3541/362/353 3650/357/348
f 2871/359/350 2873/353/344 2848/363/354
f 2848/363/354 2873/353/344 2837/343/334
f 3411/358/349 3220/361/352 3304/364/355
f 3541/362/353 3411/358/349 3469/365/356
f 3469/365/356 3411/358/349 3304/364/355
f 3541/362/353 3469/365/356 3646/366/357
f 3541/362/353 3646/366/357 3650/357/348
f 2848/363/354 2837/343/334 2660/367/358
f 3650/357/348 3646/366/357 3768/368/359
f 3646/366/357 3469/365/356 3585/369/360
f 3585/369/360 3469/365/356 3468/370/361
f 3468/370/361 3469/365/356 3304/364/355
f 3646/366/357 3585/369/360 3737/371/362
f 3646/366/357 3737/371/362 3768/368/359
f 3650/357/348 3768/368/359 3789/372/363
f 3650/357/348 3789/372/363 3620/351/342
f 3789/372/363 3768/368/359 3882/373/364
f 3620/351/342 3789/372/363 3746/374/365
f 3620/351/342 3746/374/365 3613/375/366
f 3620/351/342 3613/375/366 3504/324/315
f 3746/374/365 3789/372/363 3896/376/367
f 3896/376/367 3789/372/363 3882/373/364
f 3613/375/366 3746/374/365 3766/377/368
f 3766/377/368 3746/374/365 3896/376/367
f 3504/324/315 3613/375/366 3505/378/369
f 3504/324/315 3505/378/369 3464/321/312
f 3464/321/312 3505/378/369 3560/317/308
f 3505/378/369 3613/375/366 3666/379/370
f 3505/378/369 3666/379/370 3560/317/308
f 3666/379/370 3613/375/366 3766/377/368
f 3560/317/308 3666/379/370 3701/380/371
f 3701/380/371 3666/379/370 3766/377/368
f 3871/381/372 3766/377/368 3896/376/367
f 3560/317/308 3701/380/371 3466/382/373
f 3560/317/308 3466/382/373 3455/313/304
f 3455/313/304 3466/382/373 3484/314/305
f 3484/314/305 3466/382/373 3701/380/371
f 3871/381/372 3896/376/367 3961/262/253
f 3961/262/253 3896/376/367 3882/373/364
f 3766/377/368 3871/381/372 3837/383/374
f 3837/383/374 3871/381/372 3961/262/253
f 3766/377/368 3837/383/374 3701/380/371
f 3961/262/253 3882/373/364 3901/265/256
f 3837/383/374 3961/262/253 4230/259/250
f 3901/265/256 3882/373/364 3844/384/375
f 3844/384/375 3882/373/364 3768/368/359
f 3844/384/375 3768/368/359 3737/371/362
f 3901/265/256 3844/384/375 3754/385/376
f 3754/385/376 3844/384/375 3737/371/362
f 3837/383/374 4230/259/250 4103/386/377
f 3837/383/374 4103/386/377 4101/387/378
f 4103/386/377 4230/259/250 4171/388/379
f 4103/386/377 4171/388/379 4101/387/378
f 4171/388/379 4230/259/250 4179/264/255
f 3837/383/374 4101/387/378 4102/389/380
f 4102/389/380 4101/387/378 4171/388/379
f 3837/383/374 4102/389/380 4009/390/381
f 4009/390/381 4102/389/380 4171/388/379
f 4009/390/381 4171/388/379 4179/264/255
f 3837/383/374 4009/390/381 3701/380/371
f 4009/390/381 4179/264/255 3911/279/270
f 3701/380/371 4009/390/381 3811/391/382
f 3811/391/382 4009/390/381 3911/279/270
f 3701/380/371 3811/391/382 3484/314/305
f 3811/391/382 3911/279/270 3643/278/269
f 3484/314/305 3811/391/382 3576/392/383
f 3576/392/383 3811/391/382 3643/278/269
f 3484/314/305 3576/392/383 3288/293/284
f 3576/392/383 3643/278/269 3471/277/268
f 3288/293/284 3576/392/383 3401/281/272
f 3401/281/272 3576/392/383 3471/277/268
f 2479/393/186 140/30/30 147/394/188
f 147/394/188 140/30/30 353/395/384
f 353/395/384 140/30/30 621/37/37
f 353/395/384 621/37/37 796/55/55
f 147/394/188 353/395/384 435/396/385
f 68/397/276 2503/398/187 147/394/188
f 68/397/276 147/394/188 435/396/385
f 435/396/385 353/395/384 453/399/386
f 453/399/386 353/395/384 796/55/55
f 435/396/385 453/399/386 445/400/387
f 445/400/387 453/399/386 436/401/388
f 445/400/387 436/401/388 454/402/389
f 454/402/389 436/401/388 453/399/386
f 445/400/387 454/402/389 435/396/385
f 454/402/389 453/399/386 796/55/55
f 435/396/385 454/402/389 266/403/390
f 435/396/385 266/403/390 68/397/276
f 266/403/390 454/402/389 796/55/55
f 68/397/276 266/403/390 92/404/391
f 68/397/276 92/404/391 2457/405/277
f 2457/405/277 92/404/391 96/406/280
f 92/404/391 266/403/390 298/407/392
f 92/404/391 298/407/392 96/406/280
f 266/403/390 796/55/55 545/408/393
f 266/403/390 545/408/393 298/407/392
f 545/408/393 796/55/55 1067/54/54
f 545/408/393 1067/54/54 814/409/394
f 814/409/394 1067/54/54 1264/53/53
f 298/407/392 545/408/393 659/410/395
f 659/410/395 545/408/393 814/409/394
f 370/411/396 96/406/280 298/407/392
f 96/406/280 370/411/396 122/412/397
f 96/406/280 122/412/397 2468/413/283
f 2468/413/283 122/412/397 107/414/293
f 107/414/293 122/412/397 370/411/396
f 298/407/392 659/410/395 395/415/398
f 298/407/392 395/415/398 370/411/396
f 107/414/293 370/411/396 361/416/399
f 370/411/396 395/415/398 407/417/400
f 107/414/293 361/416/399 144/418/401
f 107/414/293 144/418/401 2476/419/292
f 2476/419/292 144/418/401 116/420/320
f 144/418/401 361/416/399 365/421/402
f 144/418/401 365/421/402 116/420/320
f 361/416/399 370/411/396 403/422/403
f 403/422/403 370/411/396 407/417/400
f 365/421/402 361/416/399 416/423/404
f 416/423/404 361/416/399 403/422/403
f 116/420/320 365/421/402 385/424/405
f 385/424/405 365/421/402 416/423/404
f 116/420/320 385/424/405 119/425/322
f 116/420/320 119/425/322 2490/426/319
f 403/422/403 407/417/400 712/427/406
f 403/422/403 712/427/406 416/423/404
f 119/425/322 385/424/405 389/428/407
f 712/427/406 407/417/400 620/429/408
f 385/424/405 416/423/404 410/430/409
f 385/424/405 410/430/409 389/428/407
f 416/423/404 712/427/406 985/96/96
f 416/423/404 985/96/96 828/101/101
f 416/423/404 828/101/101 787/105/105
f 416/423/404 787/105/105 410/430/409
f 985/96/96 712/427/406 1031/99/99
f 1031/99/99 712/427/406 620/429/408
f 410/430/409 787/105/105 411/431/410
f 410/430/409 411/431/410 389/428/407
f 411/431/410 787/105/105 831/109/109
f 179/432/411 119/425/322 389/428/407
f 119/425/322 179/432/411 2447/433/323
f 2447/433/323 179/432/411 136/434/325
f 179/432/411 389/428/407 346/435/412
f 179/432/411 346/435/412 136/434/325
f 389/428/407 411/431/410 396/436/413
f 389/428/407 396/436/413 346/435/412
f 136/434/325 346/435/412 229/437/332
f 136/434/325 229/437/332 2561/438/324
f 229/437/332 346/435/412 339/439/414
f 339/439/414 346/435/412 396/436/413
f 229/437/332 339/439/414 237/440/415
f 229/437/332 237/440/415 2461/441/331
f 2461/441/331 237/440/415 2524/442/333
f 237/440/415 339/439/414 354/443/416
f 237/440/415 354/443/416 2524/442/333
f 354/443/416 339/439/414 396/436/413
f 2524/442/333 354/443/416 2533/444/417
f 2533/444/417 354/443/416 215/445/418
f 354/443/416 396/436/413 377/446/419
f 354/443/416 377/446/419 215/445/418
f 377/446/419 396/436/413 418/447/420
f 418/447/420 396/436/413 411/431/410
f 215/445/418 377/446/419 171/448/421
f 215/445/418 171/448/421 2460/449/422
f 2460/449/422 171/448/421 3/450/423
f 3/450/423 171/448/421 378/451/424
f 378/451/424 171/448/421 377/446/419
f 378/451/424 377/446/419 418/447/420
f 418/447/420 411/431/410 540/452/425
f 540/452/425 411/431/410 831/109/109
f 418/447/420 540/452/425 610/453/426
f 540/452/425 831/109/109 820/454/427
f 540/452/425 820/454/427 610/453/426
f 820/454/427 831/109/109 998/107/107
f 820/454/427 998/107/107 866/455/428
f 820/454/427 866/455/428 610/453/426
f 866/455/428 998/107/107 1060/110/110
f 866/455/428 1060/110/110 971/112/112
f 610/453/426 866/455/428 833/456/429
f 833/456/429 866/455/428 971/112/112
f 610/453/426 833/456/429 656/457/430
f 656/457/430 833/456/429 971/112/112
f 409/458/431 418/447/420 610/453/426
f 418/447/420 409/458/431 378/451/424
f 409/458/431 610/453/426 656/457/430
f 656/457/430 971/112/112 864/459/432
f 864/459/432 971/112/112 992/120/120
f 656/457/430 864/459/432 751/460/433
f 751/460/433 864/459/432 992/120/120
f 656/457/430 751/460/433 419/461/434
f 656/457/430 419/461/434 409/458/431
f 751/460/433 992/120/120 769/462/435
f 374/463/436 378/451/424 409/458/431
f 378/451/424 374/463/436 2793/464/437
f 374/463/436 409/458/431 419/461/434
f 769/462/435 992/120/120 962/123/123
f 419/461/434 751/460/433 423/465/438
f 423/465/438 751/460/433 769/462/435
f 769/462/435 962/123/123 967/466/439
f 967/466/439 962/123/123 1137/118/118
f 967/466/439 1137/118/118 1058/124/124
f 967/466/439 1058/124/124 850/467/440
f 769/462/435 967/466/439 609/468/441
f 609/468/441 967/466/439 850/467/440
f 423/465/438 769/462/435 408/469/442
f 408/469/442 769/462/435 609/468/441
f 850/467/440 1058/124/124 660/470/443
f 850/467/440 660/470/443 609/468/441
f 367/471/444 419/461/434 423/465/438
f 367/471/444 423/465/438 408/469/442
f 408/469/442 609/468/441 412/472/445
f 412/472/445 609/468/441 660/470/443
f 660/470/443 1058/124/124 921/473/446
f 921/473/446 1058/124/124 1143/125/125
f 412/472/445 660/470/443 406/474/447
f 921/473/446 1143/125/125 1011/475/448
f 1011/475/448 1143/125/125 1148/128/128
f 660/470/443 921/473/446 723/476/449
f 660/470/443 723/476/449 406/474/447
f 723/476/449 921/473/446 821/477/450
f 821/477/450 921/473/446 1011/475/448
f 723/476/449 821/477/450 560/478/451
f 1011/475/448 1148/128/128 1023/479/452
f 1023/479/452 1148/128/128 1048/480/453
f 1023/479/452 1048/480/453 1011/475/448
f 1048/480/453 1148/128/128 1135/131/131
f 723/476/449 560/478/451 402/481/454
f 723/476/449 402/481/454 406/474/447
f 560/478/451 821/477/450 698/482/455
f 1009/483/456 821/477/450 1011/475/448
f 821/477/450 1009/483/456 698/482/455
f 1011/475/448 1048/480/453 1049/484/457
f 1011/475/448 1049/484/457 1009/483/456
f 698/482/455 1009/483/456 851/485/458
f 851/485/458 1009/483/456 1049/484/457
f 560/478/451 698/482/455 626/486/459
f 560/478/451 626/486/459 402/481/454
f 698/482/455 851/485/458 761/487/460
f 698/482/455 761/487/460 626/486/459
f 761/487/460 851/485/458 1049/484/457
f 896/488/461 1049/484/457 1048/480/453
f 1049/484/457 896/488/461 761/487/460
f 896/488/461 1048/480/453 1135/131/131
f 626/486/459 761/487/460 559/489/462
f 559/489/462 761/487/460 896/488/461
f 896/488/461 1135/131/131 954/490/463
f 954/490/463 1135/131/131 924/136/136
f 954/490/463 924/136/136 690/491/464
f 954/490/463 690/491/464 896/488/461
f 896/488/461 690/491/464 559/489/462
f 559/489/462 690/491/464 364/492/465
f 386/493/466 402/481/454 626/486/459
f 386/493/466 626/486/459 559/489/462
f 402/481/454 386/493/466 406/474/447
f 559/489/462 364/492/465 77/494/467
f 559/489/462 77/494/467 386/493/466
f 77/494/467 364/492/465 124/495/468
f 77/494/467 124/495/468 2548/496/469
f 386/493/466 77/494/467 338/497/470
f 386/493/466 338/497/470 406/474/447
f 338/497/470 77/494/467 76/498/471
f 406/474/447 338/497/470 366/499/472
f 406/474/447 366/499/472 412/472/445
f 338/497/470 76/498/471 134/500/473
f 338/497/470 134/500/473 366/499/472
f 134/500/473 76/498/471 2458/501/474
f 412/472/445 366/499/472 381/502/475
f 381/502/475 366/499/472 134/500/473
f 412/472/445 381/502/475 408/469/442
f 381/502/475 134/500/473 102/503/476
f 102/503/476 134/500/473 2507/504/477
f 408/469/442 381/502/475 372/505/478
f 372/505/478 381/502/475 102/503/476
f 408/469/442 372/505/478 367/471/444
f 372/505/478 102/503/476 103/506/479
f 103/506/479 102/503/476 2472/507/480
f 372/505/478 103/506/479 367/471/444
f 367/471/444 103/506/479 88/508/481
f 367/471/444 88/508/481 156/509/482
f 156/509/482 88/508/481 2550/510/483
f 367/471/444 156/509/482 325/511/484
f 325/511/484 156/509/482 2557/512/485
f 325/511/484 2557/512/485 357/513/486
f 367/471/444 325/511/484 379/514/487
f 367/471/444 379/514/487 419/461/434
f 325/511/484 357/513/486 380/515/488
f 325/511/484 380/515/488 379/514/487
f 379/514/487 380/515/488 391/516/489
f 379/514/487 391/516/489 419/461/434
f 391/516/489 380/515/488 357/513/486
f 419/461/434 391/516/489 374/463/436
f 374/463/436 391/516/489 357/513/486
f 374/463/436 357/513/486 2673/517/490
f 1580/518/491 1502/519/492 1298/520/493
f 1502/519/492 1580/518/491 1691/521/494
f 1502/519/492 1691/521/494 1740/522/495
f 1691/521/494 1580/518/491 1854/523/496
f 1691/521/494 1854/523/496 1740/522/495
f 1502/519/492 1740/522/495 1367/524/497
f 1502/519/492 1367/524/497 1298/520/493
f 1367/524/497 1740/522/495 1549/525/498
f 1298/520/493 1367/524/497 1136/526/499
f 1563/527/500 1580/518/491 1298/520/493
f 1367/524/497 1549/525/498 1288/528/501
f 1367/524/497 1288/528/501 1136/526/499
f 1549/525/498 1740/522/495 1769/529/502
f 1288/528/501 1549/525/498 1381/530/503
f 1288/528/501 1381/530/503 1204/531/504
f 1381/530/503 1549/525/498 1687/532/505
f 1687/532/505 1549/525/498 1769/529/502
f 1381/530/503 1687/532/505 1572/533/506
f 1381/530/503 1572/533/506 1204/531/504
f 1769/529/502 1740/522/495 1896/534/507
f 1896/534/507 1740/522/495 1854/523/496
f 1687/532/505 1769/529/502 1857/535/508
f 1572/533/506 1687/532/505 1822/536/509
f 1822/536/509 1687/532/505 1857/535/508
f 1769/529/502 1896/534/507 1898/537/510
f 1769/529/502 1898/537/510 1857/535/508
f 1896/534/507 1854/523/496 1930/538/511
f 1898/537/510 1896/534/507 1935/539/512
f 1935/539/512 1896/534/507 1930/538/511
f 1898/537/510 1935/539/512 1925/540/513
f 1857/535/508 1898/537/510 1906/541/514
f 1906/541/514 1898/537/510 1925/540/513
f 1857/535/508 1906/541/514 1891/542/515
f 1857/535/508 1891/542/515 1822/536/509
f 1891/542/515 1906/541/514 1913/543/516
f 1913/543/516 1906/541/514 1927/544/517
f 1927/544/517 1906/541/514 1925/540/513
f 1891/542/515 1913/543/516 1908/545/518
f 1822/536/509 1891/542/515 1847/546/519
f 1847/546/519 1891/542/515 1908/545/518
f 1913/543/516 1927/544/517 1923/547/520
f 1913/543/516 1923/547/520 1908/545/518
f 1927/544/517 1925/540/513 1944/548/521
f 1927/544/517 1944/548/521 1923/547/520
f 1944/548/521 1925/540/513 1942/549/522
f 1923/547/520 1944/548/521 1948/550/523
f 1948/550/523 1944/548/521 1942/549/522
f 1908/545/518 1923/547/520 1921/551/524
f 1921/551/524 1923/547/520 1948/550/523
f 1908/545/518 1921/551/524 1897/552/525
f 1908/545/518 1897/552/525 1847/546/519
f 1942/549/522 1925/540/513 1953/553/526
f 1953/553/526 1925/540/513 1935/539/512
f 1953/553/526 1935/539/512 1958/554/527
f 1897/552/525 1921/551/524 1911/555/528
f 1958/554/527 1935/539/512 1930/538/511
f 1847/546/519 1897/552/525 1849/556/529
f 1849/556/529 1897/552/525 1911/555/528
f 1847/546/519 1849/556/529 1624/557/530
f 1911/555/528 1921/551/524 1917/558/531
f 1624/557/530 1849/556/529 1749/559/532
f 1847/546/519 1624/557/530 1586/560/533
f 1586/560/533 1624/557/530 1382/561/534
f 1847/546/519 1586/560/533 1822/536/509
f 1586/560/533 1382/561/534 1179/562/535
f 1822/536/509 1586/560/533 1565/563/536
f 1822/536/509 1565/563/536 1572/533/506
f 1586/560/533 1179/562/535 1235/564/537
f 1586/560/533 1235/564/537 1565/563/536
f 1565/563/536 1235/564/537 1572/533/506
f 1235/564/537 1179/562/535 1090/565/538
f 1572/533/506 1235/564/537 1204/531/504
f 1235/564/537 1090/565/538 1032/566/539
f 1032/566/539 1090/565/538 847/567/540
f 1235/564/537 1032/566/539 965/568/541
f 965/568/541 1032/566/539 847/567/540
f 1235/564/537 965/568/541 1204/531/504
f 965/568/541 847/567/540 776/569/542
f 965/568/541 776/569/542 912/570/543
f 1204/531/504 965/568/541 955/571/544
f 955/571/544 965/568/541 912/570/543
f 912/570/543 776/569/542 782/572/545
f 912/570/543 782/572/545 955/571/544
f 782/572/545 776/569/542 683/573/546
f 782/572/545 683/573/546 627/574/547
f 1204/531/504 955/571/544 1074/575/548
f 1204/531/504 1074/575/548 1288/528/501
f 1288/528/501 1074/575/548 1136/526/499
f 1074/575/548 955/571/544 903/576/549
f 903/576/549 955/571/544 782/572/545
f 1136/526/499 1074/575/548 873/577/550
f 873/577/550 1074/575/548 903/576/549
f 782/572/545 627/574/547 774/578/551
f 782/572/545 774/578/551 903/576/549
f 774/578/551 627/574/547 618/579/552
f 774/578/551 618/579/552 593/580/553
f 903/576/549 774/578/551 804/581/554
f 804/581/554 774/578/551 593/580/553
f 903/576/549 804/581/554 873/577/550
f 1000/582/555 1136/526/499 873/577/550
f 804/581/554 593/580/553 681/583/556
f 1136/526/499 1000/582/555 1052/584/557
f 1136/526/499 1052/584/557 1298/520/493
f 1000/582/555 873/577/550 904/585/558
f 1000/582/555 904/585/558 1052/584/557
f 873/577/550 804/581/554 792/586/559
f 792/586/559 804/581/554 681/583/556
f 873/577/550 792/586/559 904/585/558
f 1298/520/493 1052/584/557 1133/587/560
f 1133/587/560 1052/584/557 904/585/558
f 1298/520/493 1133/587/560 1563/527/500
f 904/585/558 792/586/559 813/588/561
f 792/586/559 681/583/556 725/589/562
f 792/586/559 725/589/562 813/588/561
f 596/590/563 681/583/556 593/580/553
f 681/583/556 596/590/563 725/589/562
f 596/590/563 593/580/553 526/591/564
f 725/589/562 596/590/563 728/592/565
f 728/592/565 596/590/563 526/591/564
f 725/589/562 728/592/565 813/588/561
f 728/592/565 526/591/564 573/593/566
f 942/594/567 904/585/558 813/588/561
f 942/594/567 813/588/561 728/592/565
f 904/585/558 942/594/567 1133/587/560
f 728/592/565 573/593/566 1123/595/568
f 728/592/565 1123/595/568 942/594/567
f 1133/587/560 942/594/567 1509/596/569
f 1509/596/569 942/594/567 1123/595/568
f 1133/587/560 1509/596/569 1563/527/500
f 1123/595/568 573/593/566 1789/3/3
f 1123/595/568 1789/3/3 1509/596/569
f 1789/3/3 573/593/566 1595/597/570
f 1789/3/3 1595/597/570 1941/4/4
f 1941/4/4 1595/597/570 1922/598/571
f 1509/596/569 1789/3/3 1932/2/2
f 1563/527/500 1509/596/569 1883/599/572
f 1883/599/572 1509/596/569 1932/2/2
f 1563/527/500 1883/599/572 1859/600/573
f 1563/527/500 1859/600/573 1580/518/491
f 1580/518/491 1859/600/573 1854/523/496
f 1854/523/496 1859/600/573 1902/601/574
f 1854/523/496 1902/601/574 1930/538/511
f 1859/600/573 1883/599/572 1919/602/575
f 1859/600/573 1919/602/575 1902/601/574
f 1902/601/574 1919/602/575 1930/538/511
f 1919/602/575 1883/599/572 1932/2/2
f 1930/538/511 1919/602/575 1938/603/576
f 1938/603/576 1919/602/575 1932/2/2
f 1930/538/511 1938/603/576 1958/554/527
f 1932/2/2 1952/1/1 1961/604/577
f 1961/604/577 1952/1/1 1941/4/4
f 1938/603/576 1932/2/2 1954/605/578
f 1938/603/576 1954/605/578 1958/554/527
f 1954/605/578 1932/2/2 1961/604/577
f 1958/554/527 1954/605/578 1967/606/579
f 1958/554/527 1967/606/579 1953/553/526
f 1954/605/578 1961/604/577 1964/607/580
f 1954/605/578 1964/607/580 1967/606/579
f 1961/604/577 1941/4/4 1955/608/581
f 1964/607/580 1961/604/577 1962/609/582
f 1962/609/582 1961/604/577 1955/608/581
f 1967/606/579 1964/607/580 1968/610/583
f 1968/610/583 1964/607/580 1962/609/582
f 1963/611/584 1953/553/526 1967/606/579
f 1963/611/584 1967/606/579 1968/610/583
f 1953/553/526 1963/611/584 1942/549/522
f 1968/610/583 1962/609/582 1965/612/585
f 1968/610/583 1965/612/585 1963/611/584
f 1965/612/585 1962/609/582 1955/608/581
f 1942/549/522 1963/611/584 1946/613/586
f 1946/613/586 1963/611/584 1965/612/585
f 1942/549/522 1946/613/586 1948/550/523
f 1965/612/585 1955/608/581 1951/614/587
f 1946/613/586 1965/612/585 1940/615/588
f 1940/615/588 1965/612/585 1951/614/587
f 1945/616/589 1955/608/581 1941/4/4
f 1955/608/581 1945/616/589 1951/614/587
f 1945/616/589 1941/4/4 1922/598/571
f 1945/616/589 1922/598/571 1915/617/590
f 1945/616/589 1915/617/590 1926/618/591
f 1945/616/589 1926/618/591 1951/614/587
f 1951/614/587 1926/618/591 1912/619/592
f 1951/614/587 1912/619/592 1918/620/593
f 1951/614/587 1918/620/593 1940/615/588
f 1918/620/593 1912/619/592 1903/621/594
f 1918/620/593 1903/621/594 1916/622/595
f 1918/620/593 1916/622/595 1940/615/588
f 1916/622/595 1903/621/594 1900/623/596
f 1940/615/588 1916/622/595 1914/624/597
f 1914/624/597 1916/622/595 1900/623/596
f 1940/615/588 1914/624/597 1937/625/598
f 1940/615/588 1937/625/598 1946/613/586
f 1914/624/597 1900/623/596 1920/626/599
f 1914/624/597 1920/626/599 1937/625/598
f 1920/626/599 1900/623/596 1885/627/600
f 1946/613/586 1937/625/598 1943/628/601
f 1943/628/601 1937/625/598 1920/626/599
f 1946/613/586 1943/628/601 1948/550/523
f 1920/626/599 1885/627/600 1893/629/602
f 1920/626/599 1893/629/602 1909/630/603
f 1909/630/603 1893/629/602 1879/631/604
f 1943/628/601 1920/626/599 1931/632/605
f 1931/632/605 1920/626/599 1909/630/603
f 1909/630/603 1879/631/604 1878/633/606
f 1943/628/601 1931/632/605 1929/634/607
f 1929/634/607 1931/632/605 1909/630/603
f 1943/628/601 1929/634/607 1948/550/523
f 1909/630/603 1878/633/606 1874/635/608
f 1909/630/603 1874/635/608 1929/634/607
f 1874/635/608 1878/633/606 1860/636/609
f 1860/636/609 1878/633/606 1880/637/610
f 1874/635/608 1860/636/609 1850/638/611
f 1948/550/523 1929/634/607 1917/558/531
f 1917/558/531 1929/634/607 1874/635/608
f 1917/558/531 1874/635/608 1850/638/611
f 1948/550/523 1917/558/531 1921/551/524
f 1917/558/531 1850/638/611 1871/639/612
f 1917/558/531 1871/639/612 1911/555/528
f 1871/639/612 1850/638/611 1765/640/613
f 1911/555/528 1871/639/612 1849/556/529
f 1871/639/612 1765/640/613 1749/559/532
f 1871/639/612 1749/559/532 1849/556/529
f 3462/641/614 3619/642/615 3730/643/616
f 3730/643/616 3619/642/615 3917/644/617
f 3730/643/616 3917/644/617 4044/645/618
f 3917/644/617 3619/642/615 3870/646/619
f 3730/643/616 4044/645/618 3667/647/620
f 3730/643/616 3667/647/620 3462/641/614
f 4044/645/618 3917/644/617 4218/648/621
f 4218/648/621 3917/644/617 3870/646/619
f 3667/647/620 4044/645/618 4236/649/622
f 3870/646/619 3619/642/615 3481/650/623
f 3481/650/623 3619/642/615 3462/641/614
f 3870/646/619 3481/650/623 3644/651/624
f 3870/646/619 3644/651/624 3998/652/625
f 3870/646/619 3998/652/625 4218/648/621
f 3644/651/624 3481/650/623 3377/653/626
f 4218/648/621 3998/652/625 4212/654/627
f 4218/648/621 4212/654/627 4316/655/628
f 3377/653/626 3481/650/623 3311/656/629
f 3311/656/629 3481/650/623 3462/641/614
f 3377/653/626 3311/656/629 3177/657/630
f 3377/653/626 3177/657/630 3239/658/631
f 3239/658/631 3177/657/630 3114/659/632
f 4218/648/621 4316/655/628 4278/660/633
f 4218/648/621 4278/660/633 4044/645/618
f 4044/645/618 4278/660/633 4236/649/622
f 4278/660/633 4316/655/628 4336/661/634
f 4278/660/633 4336/661/634 4236/649/622
f 4336/661/634 4316/655/628 4348/662/635
f 3114/659/632 3177/657/630 3031/663/636
f 3114/659/632 3031/663/636 3014/664/637
f 4336/661/634 4348/662/635 4356/665/638
f 4356/665/638 4348/662/635 4374/666/639
f 4236/649/622 4336/661/634 4344/667/640
f 4344/667/640 4336/661/634 4356/665/638
f 4356/665/638 4374/666/639 4371/668/641
f 4356/665/638 4371/668/641 4344/667/640
f 4371/668/641 4374/666/639 4378/669/642
f 4378/669/642 4374/666/639 4375/670/643
f 4344/667/640 4371/668/641 4372/671/644
f 4372/671/644 4371/668/641 4378/669/642
f 4236/649/622 4344/667/640 3725/672/645
f 4378/669/642 4375/670/643 4370/673/646
f 4378/669/642 4370/673/646 4372/671/644
f 4370/673/646 4375/670/643 4364/674/647
f 4236/649/622 3725/672/645 3667/647/620
f 4370/673/646 4364/674/647 4351/675/648
f 4344/667/640 4372/671/644 3964/676/649
f 4344/667/640 3964/676/649 3725/672/645
f 3667/647/620 3725/672/645 3388/677/650
f 3667/647/620 3388/677/650 3462/641/614
f 4351/675/648 4364/674/647 4362/678/651
f 3462/641/614 3388/677/650 3267/679/652
f 3462/641/614 3267/679/652 3311/656/629
f 3311/656/629 3267/679/652 3177/657/630
f 3267/679/652 3388/677/650 3201/680/653
f 3201/680/653 3388/677/650 3725/672/645
f 3177/657/630 3267/679/652 3133/681/654
f 3133/681/654 3267/679/652 3201/680/653
f 3177/657/630 3133/681/654 3031/663/636
f 3031/663/636 3133/681/654 3044/682/655
f 3031/663/636 3044/682/655 2962/683/656
f 3044/682/655 3133/681/654 3087/684/657
f 3044/682/655 3087/684/657 2962/683/656
f 3087/684/657 3133/681/654 3201/680/653
f 3849/685/658 3201/680/653 3725/672/645
f 3201/680/653 3849/685/658 3087/684/657
f 3849/685/658 3725/672/645 3964/676/649
f 2962/683/656 3087/684/657 3039/686/659
f 3039/686/659 3087/684/657 3849/685/658
f 2962/683/656 3039/686/659 2969/687/660
f 2969/687/660 3039/686/659 3079/688/661
f 3079/688/661 3039/686/659 3849/685/658
f 2969/687/660 3079/688/661 3055/689/662
f 3079/688/661 3849/685/658 3675/690/663
f 3079/688/661 3675/690/663 3055/689/662
f 4353/691/664 3849/685/658 3964/676/649
f 4353/691/664 3964/676/649 4372/671/644
f 3849/685/658 4353/691/664 4338/692/665
f 3849/685/658 4338/692/665 3675/690/663
f 4353/691/664 4372/671/644 4367/693/666
f 4367/693/666 4372/671/644 4370/673/646
f 4338/692/665 4353/691/664 4342/694/667
f 4338/692/665 4342/694/667 3675/690/663
f 4342/694/667 4353/691/664 4367/693/666
f 4367/693/666 4370/673/646 4360/695/668
f 4367/693/666 4360/695/668 4342/694/667
f 4360/695/668 4370/673/646 4351/675/648
f 3043/696/669 3055/689/662 3675/690/663
f 3055/689/662 3043/696/669 2986/697/670
f 2986/697/670 3043/696/669 3064/698/671
f 3064/698/671 3043/696/669 3724/699/672
f 3043/696/669 3675/690/663 3884/700/673
f 3043/696/669 3884/700/673 3724/699/672
f 3884/700/673 3675/690/663 4342/694/667
f 3724/699/672 3884/700/673 4323/701/674
f 4323/701/674 3884/700/673 4342/694/667
f 4323/701/674 4342/694/667 4333/702/675
f 4333/702/675 4342/694/667 4340/703/676
f 4340/703/676 4342/694/667 4360/695/668
f 4333/702/675 4340/703/676 4331/704/677
f 4331/704/677 4340/703/676 4360/695/668
f 4331/704/677 4360/695/668 4334/705/678
f 4334/705/678 4360/695/668 4351/675/648
f 4331/704/677 4334/705/678 4310/706/679
f 4334/705/678 4351/675/648 4347/707/680
f 4334/705/678 4347/707/680 4310/706/679
f 4347/707/680 4351/675/648 4362/678/651
f 4310/706/679 4347/707/680 4308/708/681
f 4347/707/680 4362/678/651 4352/709/682
f 4308/708/681 4347/707/680 4341/710/683
f 4341/710/683 4347/707/680 4352/709/682
f 4341/710/683 4352/709/682 4362/678/651
f 4308/708/681 4341/710/683 4304/711/684
f 4341/710/683 4362/678/651 4346/712/685
f 4304/711/684 4341/710/683 4332/713/686
f 4332/713/686 4341/710/683 4346/712/685
f 3700/714/687 4004/715/688 3644/716/624
f 3644/716/624 4004/715/688 3998/717/625
f 3998/717/625 4004/715/688 4212/718/627
f 3700/714/687 3644/716/624 3496/719/689
f 3496/719/689 3644/716/624 3377/720/626
f 4004/715/688 3700/714/687 3949/721/690
f 4004/715/688 3949/721/690 4243/722/691
f 4212/718/627 4004/715/688 4260/723/692
f 4260/723/692 4004/715/688 4243/722/691
f 4212/718/627 4260/723/692 4305/724/693
f 4212/718/627 4305/724/693 4316/725/628
f 3949/721/690 3700/714/687 3651/726/694
f 4305/724/693 4260/723/692 4326/727/695
f 3498/728/696 3700/714/687 3496/719/689
f 3700/714/687 3498/728/696 3651/726/694
f 3498/728/696 3496/719/689 3294/729/697
f 3294/729/697 3496/719/689 3377/720/626
f 4326/727/695 4260/723/692 4322/730/698
f 4322/730/698 4260/723/692 4243/722/691
f 4305/724/693 4326/727/695 4339/731/699
f 4305/724/693 4339/731/699 4316/725/628
f 4326/727/695 4322/730/698 4343/732/700
f 4326/727/695 4343/732/700 4339/731/699
f 4316/725/628 4339/731/699 4369/733/701
f 4316/725/628 4369/733/701 4348/734/635
f 4348/734/635 4369/733/701 4374/735/639
f 4374/735/639 4369/733/701 4375/736/643
f 4369/733/701 4339/731/699 4358/737/702
f 4369/733/701 4358/737/702 4375/736/643
f 4358/737/702 4339/731/699 4343/732/700
f 4375/736/643 4358/737/702 4364/738/647
f 4364/738/647 4358/737/702 4359/739/703
f 4359/739/703 4358/737/702 4343/732/700
f 4364/738/647 4359/739/703 4362/740/651
f 4362/740/651 4359/739/703 4346/741/685
f 4359/739/703 4343/732/700 4345/742/704
f 4345/742/704 4343/732/700 4322/730/698
f 4346/741/685 4359/739/703 4329/743/705
f 4329/743/705 4359/739/703 4345/742/704
f 4345/742/704 4322/730/698 4321/744/706
f 4345/742/704 4321/744/706 4329/743/705
f 4321/744/706 4322/730/698 4243/722/691
f 4346/741/685 4329/743/705 4303/745/707
f 4346/741/685 4303/745/707 4332/746/686
f 4329/743/705 4321/744/706 4220/747/708
f 4329/743/705 4220/747/708 4303/745/707
f 4321/744/706 4243/722/691 4215/748/709
f 4321/744/706 4215/748/709 4220/747/708
f 4215/748/709 4243/722/691 4036/749/710
f 4036/749/710 4243/722/691 3949/721/690
f 4036/749/710 3949/721/690 3651/726/694
f 4215/748/709 4036/749/710 4034/750/711
f 4034/750/711 4036/749/710 3651/726/694
f 4215/748/709 4034/750/711 4220/747/708
f 4034/750/711 3651/726/694 3626/751/712
f 4220/747/708 4034/750/711 3775/752/713
f 3775/752/713 4034/750/711 3626/751/712
f 3775/752/713 3626/751/712 3580/753/714
f 3626/751/712 3651/726/694 3385/754/715
f 3385/754/715 3651/726/694 3498/728/696
f 3385/754/715 3498/728/696 3294/729/697
f 3626/751/712 3385/754/715 3381/755/716
f 3626/751/712 3381/755/716 3580/753/714
f 3385/754/715 3294/729/697 3202/756/717
f 3385/754/715 3202/756/717 3381/755/716
f 3775/752/713 3580/753/714 3459/757/718
f 3459/757/718 3580/753/714 3381/755/716
f 3794/758/719 4220/747/708 3775/752/713
f 3794/758/719 3775/752/713 3459/757/718
f 4220/747/708 3794/758/719 4185/759/720
f 4220/747/708 4185/759/720 4303/745/707
f 4185/759/720 3794/758/719 4065/760/721
f 4303/745/707 4185/759/720 4189/761/722
f 4189/761/722 4185/759/720 4065/760/721
f 4065/760/721 3794/758/719 3781/762/723
f 3781/762/723 3794/758/719 3459/757/718
f 4189/761/722 4065/760/721 3946/763/724
f 3946/763/724 4065/760/721 3781/762/723
f 4303/745/707 4189/761/722 4266/764/725
f 3946/763/724 3781/762/723 3883/765/726
f 4303/745/707 4266/764/725 4299/766/727
f 4303/745/707 4299/766/727 4332/746/686
f 4332/746/686 4299/766/727 4304/767/684
f 4304/767/684 4299/766/727 4281/768/728
f 4281/768/728 4299/766/727 4235/769/729
f 4266/764/725 4189/761/722 4254/770/730
f 4266/764/725 4254/770/730 4299/766/727
f 4235/769/729 4299/766/727 4227/771/731
f 4227/771/731 4299/766/727 4254/770/730
f 4235/769/729 4227/771/731 4027/772/732
f 4254/770/730 4189/761/722 4025/773/733
f 4025/773/733 4189/761/722 3946/763/724
f 4227/771/731 4254/770/730 4029/774/734
f 4029/774/734 4254/770/730 4025/773/733
f 4227/771/731 4029/774/734 4027/772/732
f 4025/773/733 3946/763/724 3991/775/735
f 4025/773/733 3991/775/735 4029/774/734
f 3991/775/735 3946/763/724 3883/765/726
f 4027/772/732 4029/774/734 4033/776/736
f 4033/776/736 4029/774/734 3991/775/735
f 4027/772/732 4033/776/736 3852/777/737
f 3852/777/737 4033/776/736 3991/775/735
f 3991/775/735 3883/765/726 3638/778/738
f 3638/778/738 3883/765/726 3781/762/723
f 3852/777/737 3991/775/735 3673/779/739
f 3673/779/739 3991/775/735 3638/778/738
f 4027/772/732 3852/777/737 3854/780/740
f 4027/772/732 3854/780/740 3992/781/741
f 3992/781/741 3854/780/740 3763/782/742
f 3992/781/741 3763/782/742 3952/783/743
f 3763/782/742 3854/780/740 3486/784/744
f 3763/782/742 3486/784/744 3402/785/745
f 3402/785/745 3486/784/744 3369/786/746
f 3486/784/744 3854/780/740 3762/787/747
f 3762/787/747 3854/780/740 3852/777/737
f 3486/784/744 3762/787/747 3369/786/746
f 3762/787/747 3852/777/737 3502/788/748
f 3502/788/748 3852/777/737 3673/779/739
f 3762/787/747 3502/788/748 3369/786/746
f 3502/788/748 3673/779/739 3400/789/749
f 3502/788/748 3400/789/749 3369/786/746
f 3400/789/749 3673/779/739 3638/778/738
f 3369/786/746 3400/789/749 3396/790/750
f 3400/789/749 3638/778/738 3413/791/751
f 3400/789/749 3413/791/751 3396/790/750
f 3369/786/746 3396/790/750 3253/792/752
f 3369/786/746 3253/792/752 3274/793/753
f 3274/793/753 3253/792/752 3178/794/754
f 3253/792/752 3396/790/750 3186/795/755
f 3253/792/752 3186/795/755 3178/794/754
f 3186/795/755 3396/790/750 3413/791/751
f 3178/794/754 3186/795/755 3117/796/756
f 3178/794/754 3117/796/756 3101/797/757
f 3101/797/757 3117/796/756 3094/798/758
f 3094/798/758 3117/796/756 3186/795/755
f 3592/799/759 3413/791/751 3638/778/738
f 3592/799/759 3638/778/738 3781/762/723
f 3592/799/759 3781/762/723 3459/757/718
f 3413/791/751 3592/799/759 3335/800/760
f 3335/800/760 3592/799/759 3459/757/718
f 3413/791/751 3335/800/760 3186/795/755
f 3335/800/760 3459/757/718 3313/801/761
f 3313/801/761 3459/757/718 3381/755/716
f 3186/795/755 3335/800/760 3208/802/762
f 3208/802/762 3335/800/760 3313/801/761
f 3313/801/761 3381/755/716 3209/803/763
f 3313/801/761 3209/803/763 3208/802/762
f 3209/803/763 3381/755/716 3202/756/717
f 3208/802/762 3209/803/763 3118/804/764
f 3118/804/764 3209/803/763 3202/756/717
f 3186/795/755 3208/802/762 3099/805/765
f 3186/795/755 3099/805/765 3094/798/758
f 3099/805/765 3208/802/762 3118/804/764
f 3094/798/758 3099/805/765 2997/806/766
f 2997/806/766 3099/805/765 3118/804/764
f 3094/798/758 2997/806/766 3071/807/767
f 3071/807/767 2997/806/766 2996/808/768
f 3071/807/767 2996/808/768 3078/809/769
f 3078/809/769 2996/808/768 3065/810/770
f 2996/808/768 2997/806/766 3003/811/771
f 3003/811/771 2997/806/766 3118/804/764
f 3065/810/770 2996/808/768 3014/812/637
f 3014/812/637 2996/808/768 3003/811/771
f 3014/812/637 3003/811/771 3114/813/632
f 3003/811/771 3118/804/764 3098/814/772
f 3003/811/771 3098/814/772 3114/813/632
f 3098/814/772 3118/804/764 3202/756/717
f 3114/813/632 3098/814/772 3185/815/773
f 3185/815/773 3098/814/772 3202/756/717
f 3114/813/632 3185/815/773 3239/816/631
f 3185/815/773 3202/756/717 3294/729/697
f 3239/816/631 3185/815/773 3377/720/626
f 3377/720/626 3185/815/773 3294/729/697
f 2974/817/774 3065/810/770 3014/812/637
f 3065/810/770 2974/817/774 2990/818/775
f 2990/818/775 2974/817/774 2986/819/670
f 2986/819/670 2974/817/774 2969/820/660
f 2986/819/670 2969/820/660 3055/821/662
f 2974/817/774 3014/812/637 2950/822/776
f 2974/817/774 2950/822/776 2969/820/660
f 2950/822/776 3014/812/637 3031/823/636
f 2969/820/660 2950/822/776 2962/824/656
f 2962/824/656 2950/822/776 3031/823/636
f 2464/825/777 32/826/778 46/827/779
f 2464/825/777 46/827/779 26/828/780
f 46/827/779 32/826/778 142/829/781
f 26/828/780 46/827/779 100/830/782
f 100/830/782 46/827/779 142/829/781
f 26/828/780 100/830/782 64/831/783
f 26/828/780 64/831/783 2469/832/784
f 100/830/782 142/829/781 169/833/785
f 100/830/782 169/833/785 64/831/783
f 142/829/781 32/826/778 153/834/786
f 142/829/781 153/834/786 169/833/785
f 153/834/786 32/826/778 131/835/787
f 169/833/785 153/834/786 200/836/788
f 200/836/788 153/834/786 131/835/787
f 131/835/787 32/826/778 19/837/789
f 64/831/783 169/833/785 178/838/790
f 178/838/790 169/833/785 200/836/788
f 131/835/787 19/837/789 145/839/791
f 145/839/791 19/837/789 20/840/792
f 200/836/788 131/835/787 281/841/793
f 281/841/793 131/835/787 145/839/791
f 145/839/791 20/840/792 205/842/794
f 145/839/791 205/842/794 281/841/793
f 205/842/794 20/840/792 55/843/795
f 55/843/795 20/840/792 2453/844/796
f 55/843/795 2453/844/796 58/845/797
f 205/842/794 55/843/795 183/846/798
f 183/846/798 55/843/795 293/847/799
f 183/846/798 293/847/799 205/842/794
f 293/847/799 55/843/795 58/845/797
f 478/848/800 281/841/793 205/842/794
f 478/848/800 205/842/794 293/847/799
f 281/841/793 478/848/800 488/849/801
f 281/841/793 488/849/801 200/836/788
f 478/848/800 293/847/799 443/850/802
f 478/848/800 443/850/802 488/849/801
f 293/847/799 58/845/797 235/851/803
f 293/847/799 235/851/803 443/850/802
f 235/851/803 58/845/797 34/852/804
f 235/851/803 34/852/804 85/853/805
f 85/853/805 34/852/804 2449/854/806
f 235/851/803 85/853/805 449/855/807
f 235/851/803 449/855/807 443/850/802
f 449/855/807 85/853/805 218/856/808
f 218/856/808 85/853/805 13/857/809
f 443/850/802 449/855/807 535/858/810
f 443/850/802 535/858/810 553/859/810
f 443/850/802 553/859/810 554/860/811
f 443/850/802 554/860/811 488/849/801
f 553/859/810 535/858/810 687/861/812
f 553/859/810 687/861/812 554/860/811
f 687/861/812 535/858/810 449/855/807
f 554/860/811 687/861/812 488/849/801
f 687/861/812 449/855/807 672/862/813
f 672/862/813 449/855/807 218/856/808
f 488/849/801 687/861/812 644/863/814
f 67/864/815 218/856/808 13/857/809
f 67/864/815 13/857/809 2474/865/816
f 687/861/812 672/862/813 770/866/817
f 687/861/812 770/866/817 644/863/814
f 488/849/801 644/863/814 486/867/818
f 488/849/801 486/867/818 200/836/788
f 200/836/788 486/867/818 178/838/790
f 486/867/818 644/863/814 771/868/819
f 771/868/819 644/863/814 870/869/820
f 870/869/820 644/863/814 770/866/817
f 486/867/818 771/868/819 619/870/821
f 771/868/819 870/869/820 867/871/183
f 771/868/819 867/871/183 619/870/821
f 178/838/790 486/867/818 343/872/822
f 343/872/822 486/867/818 619/870/821
f 619/870/821 867/871/183 805/873/181
f 805/873/181 867/871/183 822/874/182
f 619/870/821 805/873/181 595/875/823
f 595/875/823 805/873/181 483/876/177
f 343/872/822 619/870/821 557/877/824
f 557/877/824 619/870/821 595/875/823
f 343/872/822 557/877/824 349/878/825
f 595/875/823 483/876/177 371/879/178
f 557/877/824 595/875/823 457/880/826
f 457/880/826 595/875/823 371/879/178
f 557/877/824 457/880/826 421/881/827
f 557/877/824 421/881/827 349/878/825
f 421/881/827 457/880/826 371/879/178
f 343/872/822 349/878/825 232/882/828
f 232/882/828 349/878/825 421/881/827
f 232/882/828 421/881/827 371/879/178
f 343/872/822 232/882/828 178/838/790
f 232/882/828 371/879/178 108/883/829
f 232/882/828 108/883/829 178/838/790
f 108/883/829 371/879/178 189/884/174
f 178/838/790 108/883/829 64/831/783
f 108/883/829 189/884/174 155/885/172
f 64/831/783 108/883/829 15/886/830
f 108/883/829 155/885/172 21/887/171
f 108/883/829 21/887/171 15/886/830
f 32/888/778 2464/889/777 2510/890/831
f 32/888/778 2510/890/831 2481/891/832
f 32/888/778 2481/891/832 19/892/789
f 19/892/789 2481/891/832 20/893/792
f 20/893/792 2481/891/832 2489/894/833
f 20/893/792 2489/894/833 2453/895/796
f 2481/891/832 2510/890/831 2567/896/834
f 2510/890/831 2464/889/777 2584/897/835
f 2510/890/831 2584/897/835 2567/896/834
f 2489/894/833 2481/891/832 2653/898/836
f 2653/898/836 2481/891/832 2567/896/834
f 2567/896/834 2584/897/835 2612/899/837
f 2567/896/834 2612/899/837 2653/898/836
f 2584/897/835 2464/889/777 2574/900/838
f 2612/899/837 2584/897/835 2635/901/839
f 2635/901/839 2584/897/835 2574/900/838
f 2574/900/838 2464/889/777 2485/902/840
f 2485/902/840 2464/889/777 26/903/780
f 2485/902/840 26/903/780 2469/904/784
f 2574/900/838 2485/902/840 2542/905/841
f 2542/905/841 2485/902/840 2469/904/784
f 2635/901/839 2574/900/838 2598/906/842
f 2598/906/842 2574/900/838 2542/905/841
f 2598/906/842 2542/905/841 2635/901/839
f 15/907/830 2469/904/784 64/908/783
f 2469/904/784 15/907/830 2473/909/843
f 2469/904/784 2473/909/843 2542/905/841
f 2473/909/843 15/907/830 21/910/171
f 2473/909/843 21/910/171 2508/911/170
f 2542/905/841 2473/909/843 2597/912/844
f 2542/905/841 2597/912/844 2635/901/839
f 2473/909/843 2508/911/170 2530/913/845
f 2473/909/843 2530/913/845 2597/912/844
f 2530/913/845 2508/911/170 2608/914/195
f 2597/912/844 2530/913/845 2701/915/846
f 2530/913/845 2608/914/195 2646/916/847
f 2635/901/839 2597/912/844 2704/917/848
f 2646/916/847 2608/914/195 2664/918/849
f 2664/918/849 2608/914/195 2688/919/198
f 2664/918/849 2688/919/198 2966/920/199
f 2664/918/849 2966/920/199 2972/921/850
f 2664/918/849 2972/921/850 2646/916/847
f 2530/913/845 2646/916/847 2733/922/851
f 2530/913/845 2733/922/851 2701/915/846
f 2646/916/847 2972/921/850 2906/923/852
f 2972/921/850 2966/920/199 3203/924/853
f 3203/924/853 2966/920/199 3111/925/200
f 3203/924/853 3111/925/200 3225/926/202
f 2972/921/850 3203/924/853 3254/927/854
f 3254/927/854 3203/924/853 3225/926/202
f 2906/923/852 2972/921/850 3145/928/855
f 3145/928/855 2972/921/850 3254/927/854
f 2646/916/847 2906/923/852 2912/929/856
f 2646/916/847 2912/929/856 2733/922/851
f 2912/929/856 2906/923/852 3145/928/855
f 3254/927/854 3225/926/202 3270/930/207
f 3270/930/207 3225/926/202 3252/931/203
f 3254/927/854 3270/930/207 3145/928/855
f 3145/928/855 3270/930/207 3324/932/857
f 3324/932/857 3270/930/207 3341/933/206
f 3324/932/857 3341/933/206 3406/934/209
f 2912/929/856 3145/928/855 3052/935/858
f 2923/936/859 2733/922/851 2912/929/856
f 2923/936/859 2912/929/856 3052/935/858
f 2733/922/851 2923/936/859 2761/937/860
f 2733/922/851 2761/937/860 2701/915/846
f 2761/937/860 2923/936/859 2891/938/861
f 2761/937/860 2891/938/861 2701/915/846
f 2923/936/859 3052/935/858 3038/939/862
f 2923/936/859 3038/939/862 2891/938/861
f 3224/940/863 3052/935/858 3145/928/855
f 3224/940/863 3145/928/855 3324/932/857
f 3038/939/862 3052/935/858 3050/941/864
f 3050/941/864 3052/935/858 3224/940/863
f 2891/938/861 3038/939/862 2980/942/865
f 2980/942/865 3038/939/862 3050/941/864
f 2891/938/861 2980/942/865 2904/943/866
f 2891/938/861 2904/943/866 2701/915/846
f 2904/943/866 2980/942/865 3050/941/864
f 2701/915/846 2904/943/866 2801/944/867
f 2801/944/867 2904/943/866 3050/941/864
f 2701/915/846 2801/944/867 2597/912/844
f 2597/912/844 2801/944/867 2704/917/848
f 2801/944/867 3050/941/864 3027/945/868
f 2801/944/867 3027/945/868 2704/917/848
f 3027/945/868 3050/941/864 3224/940/863
f 2704/917/848 3027/945/868 3019/946/869
f 3027/945/868 3224/940/863 3284/947/870
f 3027/945/868 3284/947/870 3019/946/869
f 2704/917/848 3019/946/869 2768/948/871
f 2704/917/848 2768/948/871 2635/901/839
f 2635/901/839 2768/948/871 2612/899/837
f 2768/948/871 3019/946/869 2957/949/872
f 2612/899/837 2768/948/871 2806/950/873
f 2612/899/837 2806/950/873 2653/898/836
f 2806/950/873 2768/948/871 2937/951/874
f 2937/951/874 2768/948/871 2957/949/872
f 2653/898/836 2806/950/873 2654/952/875
f 2653/898/836 2654/952/875 2489/894/833
f 2806/950/873 2937/951/874 2910/953/876
f 2806/950/873 2910/953/876 2654/952/875
f 2910/953/876 2937/951/874 2957/949/872
f 2489/894/833 2654/952/875 2632/954/877
f 2632/954/877 2654/952/875 2910/953/876
f 2489/894/833 2632/954/877 2453/895/796
f 2453/895/796 2632/954/877 2613/955/878
f 2632/954/877 2910/953/876 2896/956/879
f 2632/954/877 2896/956/879 2613/955/878
f 2896/956/879 2910/953/876 2957/949/872
f 2453/895/796 2613/955/878 2516/957/880
f 2516/957/880 2613/955/878 2896/956/879
f 2453/895/796 2516/957/880 58/958/797
f 58/958/797 2516/957/880 34/959/804
f 34/959/804 2516/957/880 2449/960/806
f 2449/960/806 2516/957/880 2513/961/881
f 2513/961/881 2516/957/880 2896/956/879
f 2449/960/806 2513/961/881 85/962/805
f 85/962/805 2513/961/881 13/963/809
f 13/963/809 2513/961/881 2616/964/882
f 2616/964/882 2513/961/881 2896/956/879
f 13/963/809 2616/964/882 2474/965/816
f 2474/965/816 2616/964/882 2628/966/883
f 2616/964/882 2896/956/879 3018/967/884
f 3018/967/884 2896/956/879 2957/949/872
f 2628/966/883 2616/964/882 2961/968/885
f 2961/968/885 2616/964/882 3018/967/884
f 2474/965/816 2628/966/883 2659/969/886
f 2659/969/886 2628/966/883 2961/968/885
f 2474/965/816 2659/969/886 2493/970/887
f 2474/965/816 2493/970/887 67/971/815
f 3018/967/884 2957/949/872 3160/972/888
f 3160/972/888 2957/949/872 3019/946/869
f 3160/972/888 3019/946/869 3284/947/870
f 3018/967/884 3160/972/888 3235/973/889
f 3235/973/889 3160/972/888 3284/947/870
f 3018/967/884 3235/973/889 2961/968/885
f 2683/974/890 2493/970/887 2659/969/886
f 2939/975/891 2659/969/886 2961/968/885
f 2659/969/886 2939/975/891 2683/974/890
f 2493/970/887 2683/974/890 2560/976/892
f 2493/970/887 2560/976/892 38/977/893
f 38/977/893 2560/976/892 33/978/894
f 33/978/894 2560/976/892 2636/979/895
f 2636/979/895 2560/976/892 2858/980/896
f 2858/980/896 2560/976/892 2683/974/890
f 2636/979/895 2858/980/896 2933/981/897
f 2895/982/898 2683/974/890 2939/975/891
f 2683/974/890 2895/982/898 2858/980/896
f 2895/982/898 2939/975/891 3230/983/899
f 2895/982/898 3230/983/899 2858/980/896
f 2933/981/897 2858/980/896 3180/984/900
f 3180/984/900 2858/980/896 3230/983/899
f 2933/981/897 3180/984/900 3216/985/901
f 3230/983/899 2939/975/891 3215/986/902
f 3215/986/902 2939/975/891 2961/968/885
f 3180/984/900 3230/983/899 3290/987/903
f 3180/984/900 3290/987/903 3216/985/901
f 3230/983/899 3215/986/902 3380/988/904
f 3230/983/899 3380/988/904 3290/987/903
f 3215/986/902 2961/968/885 3200/989/905
f 3216/985/901 3290/987/903 3399/990/906
f 3399/990/906 3290/987/903 3380/988/904
f 3216/985/901 3399/990/906 3319/991/907
f 3380/988/904 3215/986/902 3283/992/908
f 3283/992/908 3215/986/902 3200/989/905
f 3200/989/905 2961/968/885 3235/973/889
f 3283/992/908 3200/989/905 3336/993/909
f 3336/993/909 3200/989/905 3235/973/889
f 3283/992/908 3336/993/909 3380/988/904
f 3319/991/907 3399/990/906 3482/994/910
f 3380/988/904 3336/993/909 3445/995/911
f 3380/988/904 3445/995/911 3399/990/906
f 3336/993/909 3235/973/889 3410/996/912
f 3336/993/909 3410/996/912 3445/995/911
f 3410/996/912 3235/973/889 3403/997/913
f 3399/990/906 3445/995/911 3525/998/914
f 3399/990/906 3525/998/914 3482/994/910
f 3445/995/911 3410/996/912 3513/999/915
f 3445/995/911 3513/999/915 3525/998/914
f 3513/999/915 3410/996/912 3403/997/913
f 3403/997/913 3235/973/889 3284/947/870
f 3342/1000/916 3319/991/907 3482/994/910
f 3403/997/913 3284/947/870 3423/1001/917
f 3513/999/915 3403/997/913 3507/1002/918
f 3507/1002/918 3403/997/913 3423/1001/917
f 3423/1001/917 3284/947/870 3367/1003/919
f 3367/1003/919 3284/947/870 3323/1004/920
f 3323/1004/920 3284/947/870 3224/940/863
f 3323/1004/920 3224/940/863 3324/932/857
f 3367/1003/919 3323/1004/920 3368/1005/921
f 3367/1003/919 3368/1005/921 3423/1001/917
f 3368/1005/921 3323/1004/920 3366/1006/922
f 3366/1006/922 3323/1004/920 3324/932/857
f 3368/1005/921 3366/1006/922 3423/1001/917
f 3423/1001/917 3366/1006/922 3324/932/857
f 3423/1001/917 3324/932/857 3406/934/209
f 3423/1001/917 3406/934/209 3458/1007/210
f 3423/1001/917 3458/1007/210 3507/1002/918
f 3507/1002/918 3458/1007/210 3511/1008/211
f 3507/1002/918 3511/1008/211 3537/1009/923
f 3537/1009/923 3511/1008/211 3575/1010/216
f 3507/1002/918 3537/1009/923 3545/1011/924
f 3507/1002/918 3545/1011/924 3513/999/915
f 3537/1009/923 3575/1010/216 3604/1012/925
f 3537/1009/923 3604/1012/925 3545/1011/924
f 3604/1012/925 3575/1010/216 3678/1013/218
f 3545/1011/924 3604/1012/925 3607/1014/926
f 3607/1014/926 3604/1012/925 3678/1013/218
f 3513/999/915 3545/1011/924 3572/1015/927
f 3572/1015/927 3545/1011/924 3607/1014/926
f 3513/999/915 3572/1015/927 3548/1016/928
f 3513/999/915 3548/1016/928 3525/998/914
f 3525/998/914 3548/1016/928 3591/1017/929
f 3591/1017/929 3548/1016/928 3572/1015/927
f 3607/1014/926 3678/1013/218 3642/1018/930
f 3607/1014/926 3642/1018/930 3572/1015/927
f 3642/1018/930 3678/1013/218 3686/1019/931
f 3572/1015/927 3642/1018/930 3630/1020/932
f 3630/1020/932 3642/1018/930 3686/1019/931
f 3686/1019/931 3678/1013/218 3720/1021/221
f 3572/1015/927 3630/1020/932 3594/1022/933
f 3594/1022/933 3630/1020/932 3686/1019/931
f 3572/1015/927 3594/1022/933 3611/1023/934
f 3572/1015/927 3611/1023/934 3591/1017/929
f 3686/1019/931 3720/1021/221 3685/1024/935
f 3594/1022/933 3686/1019/931 3645/1025/936
f 3645/1025/936 3686/1019/931 3685/1024/935
f 3594/1022/933 3645/1025/936 3733/1026/937
f 3594/1022/933 3733/1026/937 3611/1023/934
f 3591/1017/929 3611/1023/934 3634/1027/938
f 3685/1024/935 3720/1021/221 3734/1028/222
f 3645/1025/936 3685/1024/935 3772/1029/939
f 3645/1025/936 3772/1029/939 3733/1026/937
f 3611/1023/934 3733/1026/937 3702/1030/940
f 3772/1029/939 3685/1024/935 3850/1031/941
f 3611/1023/934 3702/1030/940 3684/1032/942
f 3611/1023/934 3684/1032/942 3634/1027/938
f 3702/1030/940 3733/1026/937 3869/1033/943
f 3702/1030/940 3869/1033/943 3684/1032/942
f 3733/1026/937 3772/1029/939 3906/1034/944
f 3733/1026/937 3906/1034/944 3869/1033/943
f 3906/1034/944 3772/1029/939 3850/1031/941
f 3634/1027/938 3684/1032/942 3683/1035/945
f 3634/1027/938 3683/1035/945 3591/1017/929
f 3684/1032/942 3869/1033/943 3796/1036/946
f 3684/1032/942 3796/1036/946 3683/1035/945
f 3869/1033/943 3906/1034/944 3973/1037/947
f 3869/1033/943 3973/1037/947 3796/1036/946
f 3683/1035/945 3796/1036/946 3842/1038/948
f 3842/1038/948 3796/1036/946 3973/1037/947
f 3591/1017/929 3683/1035/945 3556/1039/949
f 3591/1017/929 3556/1039/949 3525/998/914
f 3683/1035/945 3842/1038/948 3661/1040/950
f 3683/1035/945 3661/1040/950 3556/1039/949
f 3842/1038/948 3973/1037/947 3815/1041/951
f 3842/1038/948 3815/1041/951 3661/1040/950
f 3525/998/914 3556/1039/949 3522/1042/952
f 3522/1042/952 3556/1039/949 3661/1040/950
f 3525/998/914 3522/1042/952 3482/994/910
f 3661/1040/950 3815/1041/951 3658/1043/953
f 3661/1040/950 3658/1043/953 3522/1042/952
f 3815/1041/951 3973/1037/947 3919/1044/954
f 3658/1043/953 3815/1041/951 3779/1045/955
f 3779/1045/955 3815/1041/951 3919/1044/954
f 3522/1042/952 3658/1043/953 3547/1046/956
f 3522/1042/952 3547/1046/956 3482/994/910
f 3658/1043/953 3779/1045/955 3653/1047/957
f 3658/1043/953 3653/1047/957 3547/1046/956
f 3779/1045/955 3919/1044/954 3848/1048/958
f 3779/1045/955 3848/1048/958 3653/1047/957
f 3979/1049/959 3919/1044/954 3973/1037/947
f 3919/1044/954 3979/1049/959 3848/1048/958
f 3979/1049/959 3973/1037/947 3906/1034/944
f 3653/1047/957 3848/1048/958 3753/1050/960
f 3979/1049/959 3906/1034/944 3850/1031/941
f 3848/1048/958 3979/1049/959 3803/1051/961
f 3848/1048/958 3803/1051/961 3753/1050/960
f 3803/1051/961 3979/1049/959 3850/1031/941
f 3653/1047/957 3753/1050/960 3584/1052/962
f 3653/1047/957 3584/1052/962 3547/1046/956
f 3584/1052/962 3753/1050/960 3803/1051/961
f 3803/1051/961 3850/1031/941 3760/1053/963
f 3760/1053/963 3850/1031/941 3680/1054/964
f 3680/1054/964 3850/1031/941 3685/1024/935
f 3803/1051/961 3760/1053/963 3647/1055/965
f 3647/1055/965 3760/1053/963 3680/1054/964
f 3803/1051/961 3647/1055/965 3624/1056/966
f 3803/1051/961 3624/1056/966 3584/1052/962
f 3680/1054/964 3685/1024/935 3734/1028/222
f 3680/1054/964 3734/1028/222 3647/1055/965
f 3624/1056/966 3647/1055/965 3664/1057/967
f 3664/1057/967 3647/1055/965 3734/1028/222
f 3624/1056/966 3664/1057/967 3584/1052/962
f 3664/1057/967 3734/1028/222 3656/1058/230
f 3656/1058/230 3734/1028/222 3726/1059/225
f 3656/1058/230 3726/1059/225 3699/1060/227
f 3584/1052/962 3664/1057/967 3597/1061/968
f 3664/1057/967 3656/1058/230 3601/1062/969
f 3664/1057/967 3601/1062/969 3597/1061/968
f 3601/1062/969 3656/1058/230 3614/1063/970
f 3614/1063/970 3656/1058/230 3641/1064/231
f 3614/1063/970 3641/1064/231 3561/1065/234
f 3614/1063/970 3561/1065/234 3601/1062/969
f 3584/1052/962 3597/1061/968 3499/1066/971
f 3584/1052/962 3499/1066/971 3547/1046/956
f 3547/1046/956 3499/1066/971 3482/994/910
f 3482/994/910 3499/1066/971 3342/1000/916
f 3499/1066/971 3597/1061/968 3422/1067/972
f 3499/1066/971 3422/1067/972 3342/1000/916
f 3490/1068/973 3597/1061/968 3601/1062/969
f 3490/1068/973 3601/1062/969 3561/1065/234
f 3422/1067/972 3597/1061/968 3432/1069/974
f 3432/1069/974 3597/1061/968 3490/1068/973
f 3342/1000/916 3422/1067/972 3260/1070/975
f 3260/1070/975 3422/1067/972 3432/1069/974
f 3342/1000/916 3260/1070/975 2988/1071/976
f 3490/1068/973 3561/1065/234 3463/1072/977
f 2988/1071/976 3260/1070/975 2968/1073/978
f 3432/1069/974 3490/1068/973 3318/1074/979
f 3318/1074/979 3490/1068/973 3463/1072/977
f 3260/1070/975 3432/1069/974 3273/1075/980
f 3260/1070/975 3273/1075/980 2968/1073/978
f 3273/1075/980 3432/1069/974 3318/1074/979
f 2988/1071/976 2968/1073/978 2815/1076/981
f 3318/1074/979 3463/1072/977 3414/1077/982
f 3414/1077/982 3463/1072/977 3561/1065/234
f 3273/1075/980 3318/1074/979 3081/1078/983
f 3273/1075/980 3081/1078/983 2968/1073/978
f 2815/1076/981 2968/1073/978 2718/1079/984
f 3081/1078/983 3318/1074/979 3223/1080/985
f 3223/1080/985 3318/1074/979 3414/1077/982
f 3414/1077/982 3561/1065/234 3447/1081/243
f 3447/1081/243 3561/1065/234 3512/1082/235
f 2815/1076/981 2718/1079/984 2650/1083/986
f 2968/1073/978 3081/1078/983 2909/1084/987
f 2968/1073/978 2909/1084/987 2718/1079/984
f 2909/1084/987 3081/1078/983 2914/1085/988
f 2914/1085/988 3081/1078/983 3223/1080/985
f 2718/1079/984 2909/1084/987 2621/1086/989
f 2621/1086/989 2909/1084/987 2914/1085/988
f 2650/1083/986 2718/1079/984 2572/1087/990
f 2650/1083/986 2572/1087/990 2527/1088/991
f 2527/1088/991 2572/1087/990 97/1089/992
f 2572/1087/990 2718/1079/984 2589/1090/993
f 2589/1090/993 2718/1079/984 2621/1086/989
f 2572/1087/990 2589/1090/993 25/1091/994
f 25/1091/994 2589/1090/993 2621/1086/989
f 2572/1087/990 25/1091/994 117/1092/995
f 25/1091/994 2621/1086/989 2491/1093/996
f 2491/1093/996 2621/1086/989 2657/1094/997
f 2657/1094/997 2621/1086/989 2914/1085/988
f 2491/1093/996 2657/1094/997 2498/1095/998
f 2491/1093/996 2498/1095/998 99/1096/999
f 2657/1094/997 2914/1085/988 2861/1097/1000
f 2861/1097/1000 2914/1085/988 3223/1080/985
f 2498/1095/998 2657/1094/997 2645/1098/1001
f 2645/1098/1001 2657/1094/997 2861/1097/1000
f 2498/1095/998 2645/1098/1001 2500/1099/1002
f 2498/1095/998 2500/1099/1002 83/1100/1003
f 2645/1098/1001 2861/1097/1000 2698/1101/1004
f 2645/1098/1001 2698/1101/1004 2500/1099/1002
f 2861/1097/1000 3223/1080/985 3166/1102/1005
f 2861/1097/1000 3166/1102/1005 2698/1101/1004
f 3166/1102/1005 3223/1080/985 3414/1077/982
f 2500/1099/1002 2698/1101/1004 2552/1103/1006
f 2500/1099/1002 2552/1103/1006 43/1104/1007
f 2552/1103/1006 2698/1101/1004 2599/1105/1008
f 2552/1103/1006 2599/1105/1008 152/1106/1009
f 2599/1105/1008 2698/1101/1004 2869/1107/1010
f 2869/1107/1010 2698/1101/1004 2993/1108/1011
f 2993/1108/1011 2698/1101/1004 3166/1102/1005
f 2869/1107/1010 2993/1108/1011 3264/1109/1012
f 3264/1109/1012 3166/1102/1005 3414/1077/982
f 3264/1109/1012 3414/1077/982 3447/1081/243
f 3264/1109/1012 3447/1081/243 3360/1110/242
f 3166/1102/1005 3264/1109/1012 3172/1111/1013
f 3166/1102/1005 3172/1111/1013 2993/1108/1011
f 2993/1108/1011 3172/1111/1013 3264/1109/1012
f 847/1112/540 740/1113/1014 776/1114/542
f 776/1114/542 740/1113/1014 683/1115/546
f 740/1113/1014 847/1112/540 758/1116/1015
f 683/1115/546 740/1113/1014 641/1117/1016
f 641/1117/1016 740/1113/1014 758/1116/1015
f 683/1115/546 641/1117/1016 564/1118/1017
f 683/1115/546 564/1118/1017 627/1119/547
f 564/1118/1017 641/1117/1016 716/1120/1018
f 716/1120/1018 641/1117/1016 758/1116/1015
f 564/1118/1017 716/1120/1018 640/1121/1019
f 640/1121/1019 716/1120/1018 663/1122/1020
f 663/1122/1020 716/1120/1018 759/1123/1021
f 759/1123/1021 716/1120/1018 837/1124/1022
f 759/1123/1021 837/1124/1022 842/1125/1023
f 716/1120/1018 758/1116/1015 753/1126/1024
f 716/1120/1018 753/1126/1024 837/1124/1022
f 899/1127/1025 758/1116/1015 847/1112/540
f 758/1116/1015 899/1127/1025 753/1126/1024
f 899/1127/1025 847/1112/540 1090/1128/538
f 899/1127/1025 1090/1128/538 1179/1129/535
f 842/1125/1023 837/1124/1022 968/1130/1026
f 753/1126/1024 899/1127/1025 876/1131/1027
f 753/1126/1024 876/1131/1027 837/1124/1022
f 899/1127/1025 1179/1129/535 1160/1132/1028
f 1160/1132/1028 1179/1129/535 1382/1133/534
f 876/1131/1027 899/1127/1025 1021/1134/1029
f 1021/1134/1029 899/1127/1025 1160/1132/1028
f 837/1124/1022 876/1131/1027 987/1135/1030
f 987/1135/1030 876/1131/1027 1021/1134/1029
f 837/1124/1022 987/1135/1030 968/1130/1026
f 1021/1134/1029 1160/1132/1028 1274/1136/1031
f 1021/1134/1029 1274/1136/1031 987/1135/1030
f 1160/1132/1028 1382/1133/534 1464/1137/1032
f 1160/1132/1028 1464/1137/1032 1274/1136/1031
f 1464/1137/1032 1382/1133/534 1624/1138/530
f 1464/1137/1032 1624/1138/530 1749/1139/532
f 1464/1137/1032 1749/1139/532 1492/1140/1033
f 1464/1137/1032 1492/1140/1033 1274/1136/1031
f 1492/1140/1033 1749/1139/532 1765/1141/613
f 1030/1142/1034 987/1135/1030 1274/1136/1031
f 987/1135/1030 1030/1142/1034 968/1130/1026
f 1274/1136/1031 1492/1140/1033 1292/1143/1035
f 1274/1136/1031 1292/1143/1035 1030/1142/1034
f 1492/1140/1033 1765/1141/613 1504/1144/1036
f 1492/1140/1033 1504/1144/1036 1292/1143/1035
f 1030/1142/1034 1292/1143/1035 1217/1145/1037
f 1217/1145/1037 1292/1143/1035 1504/1144/1036
f 1030/1142/1034 1217/1145/1037 968/1130/1026
f 1504/1144/1036 1765/1141/613 1568/1146/1038
f 1568/1146/1038 1765/1141/613 1800/1147/1039
f 1800/1147/1039 1765/1141/613 1850/1148/611
f 1504/1144/1036 1568/1146/1038 1570/1149/1040
f 1504/1144/1036 1570/1149/1040 1217/1145/1037
f 1570/1149/1040 1568/1146/1038 1800/1147/1039
f 1800/1147/1039 1850/1148/611 1860/1150/609
f 1800/1147/1039 1860/1150/609 1762/1151/1041
f 1762/1151/1041 1860/1150/609 1831/1152/1042
f 1800/1147/1039 1762/1151/1041 1670/1153/1043
f 1800/1147/1039 1670/1153/1043 1570/1149/1040
f 1670/1153/1043 1762/1151/1041 1543/1154/1044
f 1543/1154/1044 1762/1151/1041 1625/1155/1045
f 1570/1149/1040 1670/1153/1043 1591/1156/1046
f 1591/1156/1046 1670/1153/1043 1543/1154/1044
f 1543/1154/1044 1625/1155/1045 1577/1157/1047
f 1570/1149/1040 1591/1156/1046 1421/1158/1048
f 1421/1158/1048 1591/1156/1046 1543/1154/1044
f 1543/1154/1044 1577/1157/1047 1415/1159/1049
f 1415/1159/1049 1577/1157/1047 1386/1160/1050
f 1543/1154/1044 1415/1159/1049 1339/1161/1051
f 1339/1161/1051 1415/1159/1049 1117/1162/1052
f 1421/1158/1048 1543/1154/1044 1416/1163/1053
f 1416/1163/1053 1543/1154/1044 1339/1161/1051
f 1339/1161/1051 1117/1162/1052 940/1164/1054
f 1416/1163/1053 1339/1161/1051 1016/1165/1055
f 1016/1165/1055 1339/1161/1051 940/1164/1054
f 1421/1158/1048 1416/1163/1053 1250/1166/1056
f 1250/1166/1056 1416/1163/1053 1016/1165/1055
f 1245/1167/1057 1570/1149/1040 1421/1158/1048
f 1245/1167/1057 1421/1158/1048 1250/1166/1056
f 1570/1149/1040 1245/1167/1057 1217/1145/1037
f 1217/1145/1037 1245/1167/1057 968/1130/1026
f 842/1125/1023 968/1130/1026 940/1164/1054
f 1250/1166/1056 1016/1165/1055 986/1168/1058
f 1250/1166/1056 986/1168/1058 1245/1167/1057
f 986/1168/1058 1016/1165/1055 940/1164/1054
f 1245/1167/1057 986/1168/1058 968/1130/1026
f 968/1130/1026 986/1168/1058 940/1164/1054
f 422/1169/1059 395/415/398 659/410/395
f 395/415/398 422/1169/1059 407/417/400
f 422/1169/1059 659/410/395 567/1170/1060
f 407/417/400 422/1169/1059 620/429/408
f 620/429/408 422/1169/1059 567/1170/1060
f 620/429/408 567/1170/1060 659/410/395
f 620/429/408 659/410/395 693/1171/1061
f 693/1171/1061 659/410/395 814/409/394
f 620/429/408 693/1171/1061 863/1172/1062
f 863/1172/1062 693/1171/1061 814/409/394
f 620/429/408 863/1172/1062 1031/99/99
f 863/1172/1062 814/409/394 1046/1173/1063
f 863/1172/1062 1046/1173/1063 1031/99/99
f 1046/1173/1063 814/409/394 1061/1174/1064
f 1046/1173/1063 1061/1174/1064 1031/99/99
f 1061/1174/1064 814/409/394 1264/53/53
f 1031/99/99 1061/1174/1064 1066/62/62
f 1066/62/62 1061/1174/1064 1264/53/53
f 485/1175/1065 300/1176/1066 392/1177/1067
f 485/1175/1065 392/1177/1067 668/1178/1068
f 668/1178/1068 392/1177/1067 451/1179/1069
f 451/1179/1069 392/1177/1067 297/1180/1070
f 297/1180/1070 392/1177/1067 300/1176/1066
f 451/1179/1069 297/1180/1070 358/1181/1071
f 485/1175/1065 668/1178/1068 791/1182/1072
f 791/1182/1072 668/1178/1068 882/1183/1073
f 358/1181/1071 297/1180/1070 277/1184/1074
f 277/1184/1074 297/1180/1070 300/1176/1066
f 358/1181/1071 277/1184/1074 428/1185/1075
f 358/1181/1071 428/1185/1075 591/1186/1076
f 277/1184/1074 300/1176/1066 252/1187/1077
f 428/1185/1075 277/1184/1074 383/1188/1078
f 383/1188/1078 277/1184/1074 252/1187/1077
f 791/1182/1072 882/1183/1073 889/1189/1079
f 735/1190/1080 485/1175/1065 791/1182/1072
f 735/1190/1080 791/1182/1072 889/1189/1079
f 513/1191/1081 300/1176/1066 485/1175/1065
f 513/1191/1081 485/1175/1065 735/1190/1080
f 300/1176/1066 513/1191/1081 305/1192/1082
f 300/1176/1066 305/1192/1082 252/1187/1077
f 513/1191/1081 735/1190/1080 745/1193/1083
f 745/1193/1083 735/1190/1080 889/1189/1079
f 305/1192/1082 513/1191/1081 344/1194/1084
f 344/1194/1084 513/1191/1081 745/1193/1083
f 252/1187/1077 305/1192/1082 292/1195/1085
f 292/1195/1085 305/1192/1082 344/1194/1084
f 252/1187/1077 292/1195/1085 241/1196/1086
f 745/1193/1083 889/1189/1079 1093/1197/1087
f 252/1187/1077 241/1196/1086 278/1198/1088
f 252/1187/1077 278/1198/1088 383/1188/1078
f 241/1196/1086 292/1195/1085 263/1199/1089
f 292/1195/1085 344/1194/1084 347/1200/1090
f 292/1195/1085 347/1200/1090 263/1199/1089
f 694/1201/1091 344/1194/1084 745/1193/1083
f 344/1194/1084 694/1201/1091 347/1200/1090
f 694/1201/1091 745/1193/1083 1093/1197/1087
f 347/1200/1090 694/1201/1091 628/1202/1092
f 347/1200/1090 628/1202/1092 484/1203/1093
f 628/1202/1092 694/1201/1091 980/1204/1094
f 628/1202/1092 980/1204/1094 484/1203/1093
f 980/1204/1094 694/1201/1091 1093/1197/1087
f 347/1200/1090 484/1203/1093 315/1205/1095
f 347/1200/1090 315/1205/1095 263/1199/1089
f 315/1205/1095 484/1203/1093 431/1206/1096
f 263/1199/1089 315/1205/1095 247/1207/1097
f 431/1206/1096 484/1203/1093 684/1208/1098
f 684/1208/1098 484/1203/1093 826/1209/1099
f 826/1209/1099 484/1203/1093 980/1204/1094
f 431/1206/1096 684/1208/1098 691/1210/1100
f 691/1210/1100 684/1208/1098 826/1209/1099
f 431/1206/1096 691/1210/1100 692/1211/1101
f 692/1211/1101 691/1210/1100 826/1209/1099
f 299/1212/1102 315/1205/1095 431/1206/1096
f 315/1205/1095 299/1212/1102 247/1207/1097
f 431/1206/1096 692/1211/1101 762/1213/1103
f 762/1213/1103 692/1211/1101 826/1209/1099
f 431/1206/1096 762/1213/1103 299/1212/1102
f 762/1213/1103 826/1209/1099 1091/1214/1104
f 1008/1215/1105 826/1209/1099 980/1204/1094
f 826/1209/1099 1008/1215/1105 1091/1214/1104
f 1008/1215/1105 980/1204/1094 1152/1216/1106
f 1008/1215/1105 1152/1216/1106 1277/1217/1107
f 1008/1215/1105 1277/1217/1107 1091/1214/1104
f 1152/1216/1106 980/1204/1094 1248/1218/1108
f 1248/1218/1108 980/1204/1094 1093/1197/1087
f 1277/1217/1107 1152/1216/1106 1331/1219/1109
f 1331/1219/1109 1152/1216/1106 1248/1218/1108
f 1091/1214/1104 1277/1217/1107 1333/1220/1110
f 1331/1219/1109 1248/1218/1108 1441/1221/1111
f 1277/1217/1107 1331/1219/1109 1379/1222/1112
f 1277/1217/1107 1379/1222/1112 1333/1220/1110
f 1379/1222/1112 1331/1219/1109 1507/1223/1113
f 1507/1223/1113 1331/1219/1109 1441/1221/1111
f 1379/1222/1112 1507/1223/1113 1545/1224/1114
f 1379/1222/1112 1545/1224/1114 1333/1220/1110
f 1507/1223/1113 1441/1221/1111 1607/1225/1115
f 1507/1223/1113 1607/1225/1115 1545/1224/1114
f 1309/1226/1116 1441/1221/1111 1248/1218/1108
f 1309/1226/1116 1248/1218/1108 1093/1197/1087
f 1607/1225/1115 1441/1221/1111 1597/1227/1117
f 1309/1226/1116 1093/1197/1087 1153/1228/1118
f 1153/1228/1118 1093/1197/1087 889/1189/1079
f 1441/1221/1111 1309/1226/1116 1576/1229/1119
f 1441/1221/1111 1576/1229/1119 1597/1227/1117
f 1309/1226/1116 1153/1228/1118 1349/1230/1120
f 1309/1226/1116 1349/1230/1120 1576/1229/1119
f 1153/1228/1118 889/1189/1079 1056/1231/1121
f 1056/1231/1121 889/1189/1079 882/1183/1073
f 1056/1231/1121 882/1183/1073 1002/1232/1122
f 1056/1231/1121 1002/1232/1122 1155/1233/1123
f 1153/1228/1118 1056/1231/1121 1220/1234/1124
f 1220/1234/1124 1056/1231/1121 1155/1233/1123
f 1153/1228/1118 1220/1234/1124 1349/1230/1120
f 1220/1234/1124 1155/1233/1123 1323/1235/1125
f 1220/1234/1124 1323/1235/1125 1385/1236/1126
f 1220/1234/1124 1385/1236/1126 1349/1230/1120
f 1385/1236/1126 1323/1235/1125 1520/1237/1127
f 1349/1230/1120 1385/1236/1126 1544/1238/1128
f 1544/1238/1128 1385/1236/1126 1520/1237/1127
f 1349/1230/1120 1544/1238/1128 1576/1229/1119
f 1544/1238/1128 1520/1237/1127 1642/1239/1129
f 1544/1238/1128 1642/1239/1129 1576/1229/1119
f 1642/1239/1129 1520/1237/1127 1600/1240/1130
f 1600/1240/1130 1520/1237/1127 1535/1241/1131
f 1642/1239/1129 1600/1240/1130 1646/1242/1132
f 1576/1229/1119 1642/1239/1129 1698/1243/1133
f 1698/1243/1133 1642/1239/1129 1646/1242/1132
f 1576/1229/1119 1698/1243/1133 1597/1227/1117
f 1639/1244/1134 1684/1245/1135 1646/1242/1132
f 1646/1242/1132 1684/1245/1135 1720/1246/1136
f 1646/1242/1132 1720/1246/1136 1698/1243/1133
f 1720/1246/1136 1684/1245/1135 1680/1247/1137
f 1597/1227/1117 1698/1243/1133 1655/1248/1138
f 1698/1243/1133 1720/1246/1136 1738/1249/1139
f 1655/1248/1138 1698/1243/1133 1662/1250/1140
f 1720/1246/1136 1680/1247/1137 1731/1251/1141
f 1720/1246/1136 1731/1251/1141 1738/1249/1139
f 1698/1243/1133 1738/1249/1139 1723/1252/1142
f 1723/1252/1142 1738/1249/1139 1731/1251/1141
f 1698/1243/1133 1723/1252/1142 1662/1250/1140
f 1731/1251/1141 1680/1247/1137 1650/1253/1143
f 1650/1253/1143 1680/1247/1137 1653/1254/1144
f 1723/1252/1142 1731/1251/1141 1682/1255/1145
f 1682/1255/1145 1731/1251/1141 1650/1253/1143
f 1650/1253/1143 1653/1254/1144 1534/1256/1146
f 1650/1253/1143 1534/1256/1146 1682/1255/1145
f 1662/1250/1140 1723/1252/1142 1645/1257/1147
f 1723/1252/1142 1682/1255/1145 1611/1258/1148
f 1723/1252/1142 1611/1258/1148 1645/1257/1147
f 1662/1250/1140 1645/1257/1147 1702/1259/1149
f 1702/1259/1149 1645/1257/1147 1611/1258/1148
f 1702/1259/1149 1611/1258/1148 1663/1260/1150
f 1702/1259/1149 1663/1260/1150 1733/1261/1151
f 1663/1260/1150 1611/1258/1148 1550/1262/1152
f 1550/1262/1152 1611/1258/1148 1682/1255/1145
f 1663/1260/1150 1550/1262/1152 1531/1263/1153
f 1702/1259/1149 1733/1261/1151 1747/1264/1154
f 1702/1259/1149 1747/1264/1154 1662/1250/1140
f 1747/1264/1154 1733/1261/1151 1705/1265/1155
f 1662/1250/1140 1747/1264/1154 1668/1266/1156
f 1662/1250/1140 1668/1266/1156 1655/1248/1138
f 1655/1248/1138 1668/1266/1156 1597/1227/1117
f 1747/1264/1154 1705/1265/1155 1719/1267/1157
f 1747/1264/1154 1719/1267/1157 1668/1266/1156
f 1719/1267/1157 1705/1265/1155 1673/1268/1158
f 1597/1227/1117 1668/1266/1156 1659/1269/1159
f 1659/1269/1159 1668/1266/1156 1719/1267/1157
f 1597/1227/1117 1659/1269/1159 1607/1225/1115
f 1659/1269/1159 1719/1267/1157 1665/1270/1160
f 1659/1269/1159 1665/1270/1160 1607/1225/1115
f 1665/1270/1160 1719/1267/1157 1673/1268/1158
f 1607/1225/1115 1665/1270/1160 1545/1224/1114
f 1665/1270/1160 1673/1268/1158 1601/1271/1161
f 1665/1270/1160 1601/1271/1161 1545/1224/1114
f 1601/1271/1161 1673/1268/1158 1635/1272/1162
f 1601/1271/1161 1635/1272/1162 1445/1273/1163
f 1601/1271/1161 1445/1273/1163 1545/1224/1114
f 1545/1224/1114 1445/1273/1163 1333/1220/1110
f 1333/1220/1110 1445/1273/1163 1268/1274/1164
f 1268/1274/1164 1445/1273/1163 1477/1275/1165
f 1333/1220/1110 1268/1274/1164 1065/1276/1166
f 1065/1276/1166 1268/1274/1164 1177/1277/1167
f 1333/1220/1110 1065/1276/1166 1091/1214/1104
f 1091/1214/1104 1065/1276/1166 932/1278/1168
f 1091/1214/1104 932/1278/1168 762/1213/1103
f 975/1279/1169 705/1280/1170 1065/1276/1166
f 762/1213/1103 932/1278/1168 650/1281/1171
f 762/1213/1103 650/1281/1171 299/1212/1102
f 932/1278/1168 1065/1276/1166 931/1282/1172
f 931/1282/1172 1065/1276/1166 705/1280/1170
f 932/1278/1168 931/1282/1172 650/1281/1171
f 931/1282/1172 705/1280/1170 323/1283/1173
f 931/1282/1172 323/1283/1173 650/1281/1171
f 650/1281/1171 323/1283/1173 299/1212/1102
f 323/1283/1173 705/1280/1170 308/1284/1174
f 299/1212/1102 323/1283/1173 256/1285/1175
f 256/1285/1175 323/1283/1173 308/1284/1174
f 256/1285/1175 308/1284/1174 250/1286/1176
f 256/1285/1175 250/1286/1176 238/1287/1177
f 299/1212/1102 256/1285/1175 247/1207/1097
f 256/1285/1175 238/1287/1177 258/1288/1178
f 256/1285/1175 258/1288/1178 247/1207/1097
f 269/1289/1179 312/1290/1180 258/1288/1178
f 258/1288/1178 312/1290/1180 341/1291/1181
f 341/1291/1181 312/1290/1180 282/1292/1182
f 247/1207/1097 258/1288/1178 280/1293/1183
f 280/1293/1183 258/1288/1178 341/1291/1181
f 247/1207/1097 280/1293/1183 271/1294/1184
f 247/1207/1097 271/1294/1184 263/1199/1089
f 280/1293/1183 341/1291/1181 477/1295/1185
f 280/1293/1183 477/1295/1185 271/1294/1184
f 263/1199/1089 271/1294/1184 262/1296/1186
f 262/1296/1186 271/1294/1184 477/1295/1185
f 263/1199/1089 262/1296/1186 241/1196/1086
f 241/1196/1086 262/1296/1186 278/1198/1088
f 79/1297/1187 341/1291/1181 282/1292/1182
f 341/1291/1181 79/1297/1187 477/1295/1185
f 79/1297/1187 282/1292/1182 69/1298/1188
f 69/1298/1188 282/1292/1182 70/1299/1189
f 69/1298/1188 70/1299/1189 41/1300/1190
f 69/1298/1188 41/1300/1190 53/1301/1191
f 69/1298/1188 53/1301/1191 79/1297/1187
f 53/1301/1191 41/1300/1190 30/1302/1192
f 53/1301/1191 30/1302/1192 9/1303/1193
f 53/1301/1191 9/1303/1193 2484/1304/1194
f 53/1301/1191 2484/1304/1194 1/1305/1195
f 79/1297/1187 53/1301/1191 63/1306/1196
f 79/1297/1187 63/1306/1196 477/1295/1185
f 53/1301/1191 1/1305/1195 35/1307/1197
f 53/1301/1191 35/1307/1197 63/1306/1196
f 35/1307/1197 1/1305/1195 2514/1308/1198
f 35/1307/1197 2514/1308/1198 24/1309/1199
f 35/1307/1197 24/1309/1199 63/1306/1196
f 63/1306/1196 24/1309/1199 47/1310/1200
f 47/1310/1200 24/1309/1199 2451/1311/1201
f 47/1310/1200 2451/1311/1201 2482/1312/1202
f 47/1310/1200 2482/1312/1202 22/1313/1203
f 47/1310/1200 22/1313/1203 54/1314/1204
f 54/1314/1204 22/1313/1203 40/1315/1205
f 47/1310/1200 54/1314/1204 73/1316/1206
f 73/1316/1206 54/1314/1204 80/1317/1207
f 73/1316/1206 80/1317/1207 428/1185/1075
f 47/1310/1200 73/1316/1206 66/1318/1208
f 47/1310/1200 66/1318/1208 63/1306/1196
f 73/1316/1206 428/1185/1075 348/1319/1209
f 348/1319/1209 428/1185/1075 383/1188/1078
f 66/1318/1208 73/1316/1206 245/1320/1210
f 245/1320/1210 73/1316/1206 348/1319/1209
f 63/1306/1196 66/1318/1208 173/1321/1211
f 173/1321/1211 66/1318/1208 245/1320/1210
f 63/1306/1196 173/1321/1211 477/1295/1185
f 245/1320/1210 348/1319/1209 393/1322/1212
f 393/1322/1212 348/1319/1209 383/1188/1078
f 477/1295/1185 173/1321/1211 470/1323/1213
f 477/1295/1185 470/1323/1213 480/1324/1214
f 477/1295/1185 480/1324/1214 262/1296/1186
f 470/1323/1213 173/1321/1211 613/1325/1215
f 470/1323/1213 613/1325/1215 480/1324/1214
f 262/1296/1186 480/1324/1214 278/1198/1088
f 613/1325/1215 173/1321/1211 750/1326/1216
f 750/1326/1216 173/1321/1211 245/1320/1210
f 480/1324/1214 613/1325/1215 746/1327/1217
f 746/1327/1217 613/1325/1215 750/1326/1216
f 278/1198/1088 480/1324/1214 489/1328/1218
f 489/1328/1218 480/1324/1214 746/1327/1217
f 489/1328/1218 746/1327/1217 695/1329/1219
f 489/1328/1218 695/1329/1219 278/1198/1088
f 695/1329/1219 746/1327/1217 750/1326/1216
f 750/1326/1216 245/1320/1210 529/1330/1220
f 750/1326/1216 529/1330/1220 695/1329/1219
f 529/1330/1220 245/1320/1210 393/1322/1212
f 278/1198/1088 695/1329/1219 499/1331/1221
f 499/1331/1221 695/1329/1219 529/1330/1220
f 499/1331/1221 529/1330/1220 393/1322/1212
f 278/1198/1088 499/1331/1221 383/1188/1078
f 383/1188/1078 499/1331/1221 393/1322/1212
f 2853/1332/1222 2774/1333/1223 2958/1334/1224
f 2853/1332/1222 2958/1334/1224 3105/1335/1225
f 2853/1332/1222 3105/1335/1225 3025/1336/1226
f 2958/1334/1224 2774/1333/1223 2930/1337/1227
f 2930/1337/1227 2774/1333/1223 2748/1338/1228
f 2930/1337/1227 2748/1338/1228 2738/1339/1229
f 3025/1336/1226 3105/1335/1225 3298/1340/1230
f 3298/1340/1230 3105/1335/1225 3281/1341/1231
f 3298/1340/1230 3281/1341/1231 3426/1342/1232
f 3281/1341/1231 3105/1335/1225 3329/1343/1233
f 3281/1341/1231 3329/1343/1233 3426/1342/1232
f 3152/1344/1234 3105/1335/1225 2958/1334/1224
f 3152/1344/1234 2958/1334/1224 2930/1337/1227
f 3105/1335/1225 3152/1344/1234 3329/1343/1233
f 2902/1345/1235 2930/1337/1227 2738/1339/1229
f 2930/1337/1227 2902/1345/1235 3152/1344/1234
f 2902/1345/1235 2738/1339/1229 2745/1346/1236
f 3329/1343/1233 3152/1344/1234 3184/1347/1237
f 3184/1347/1237 3152/1344/1234 2902/1345/1235
f 3538/1348/1238 3426/1342/1232 3329/1343/1233
f 3535/1349/1239 3426/1342/1232 3596/1350/1240
f 3596/1350/1240 3426/1342/1232 3538/1348/1238
f 3538/1348/1238 3329/1343/1233 3434/1351/692
f 3434/1351/692 3329/1343/1233 3184/1347/1237
f 3596/1350/1240 3538/1348/1238 3705/1352/1241
f 3596/1350/1240 3705/1352/1241 3749/1353/1242
f 3538/1348/1238 3434/1351/692 3587/1354/1243
f 3538/1348/1238 3587/1354/1243 3705/1352/1241
f 3587/1354/1243 3434/1351/692 3546/1355/1244
f 3705/1352/1241 3587/1354/1243 3736/1356/1245
f 3736/1356/1245 3587/1354/1243 3546/1355/1244
f 3705/1352/1241 3736/1356/1245 3834/1357/1246
f 3705/1352/1241 3834/1357/1246 3942/1358/1247
f 3834/1357/1246 3736/1356/1245 3717/1359/1248
f 3717/1359/1248 3736/1356/1245 3546/1355/1244
f 3834/1357/1246 3717/1359/1248 3970/1360/1249
f 3834/1357/1246 3970/1360/1249 4015/1361/1250
f 3444/1362/1251 3546/1355/1244 3434/1351/692
f 3444/1362/1251 3434/1351/692 3184/1347/1237
f 4015/1361/1250 3970/1360/1249 4078/1363/1252
f 4078/1363/1252 3970/1360/1249 3993/1364/1253
f 4078/1363/1252 3993/1364/1253 3902/1365/1254
f 3902/1365/1254 3993/1364/1253 3970/1360/1249
f 3546/1355/1244 3444/1362/1251 3506/1366/1255
f 3444/1362/1251 3184/1347/1237 3371/1367/1256
f 3444/1362/1251 3371/1367/1256 3506/1366/1255
f 3546/1355/1244 3506/1366/1255 3648/1368/1257
f 3546/1355/1244 3648/1368/1257 3717/1359/1248
f 3765/1369/1258 3970/1360/1249 3717/1359/1248
f 3765/1369/1258 3717/1359/1248 3648/1368/1257
f 3970/1360/1249 3765/1369/1258 3902/1365/1254
f 3648/1368/1257 3506/1366/1255 3562/1370/1259
f 3765/1369/1258 3648/1368/1257 3660/1371/1260
f 3660/1371/1260 3648/1368/1257 3562/1370/1259
f 3562/1370/1259 3506/1366/1255 3433/1372/1261
f 3562/1370/1259 3433/1372/1261 3660/1371/1260
f 3433/1372/1261 3506/1366/1255 3371/1367/1256
f 3902/1365/1254 3765/1369/1258 3840/1373/1262
f 3840/1373/1262 3765/1369/1258 3660/1371/1260
f 3660/1371/1260 3433/1372/1261 3540/1374/1263
f 3840/1373/1262 3660/1371/1260 3774/1375/1264
f 3774/1375/1264 3660/1371/1260 3540/1374/1263
f 3902/1365/1254 3840/1373/1262 4037/1376/1265
f 3840/1373/1262 3774/1375/1264 3928/1377/1266
f 3840/1373/1262 3928/1377/1266 4032/1378/1267
f 3840/1373/1262 4032/1378/1267 4037/1376/1265
f 3928/1377/1266 3774/1375/1264 3899/1379/1268
f 4032/1378/1267 3928/1377/1266 4038/1380/1269
f 4038/1380/1269 3928/1377/1266 3899/1379/1268
f 4037/1376/1265 4032/1378/1267 4119/1381/1270
f 4119/1381/1270 4032/1378/1267 4038/1380/1269
f 4002/1382/1271 3902/1365/1254 4037/1376/1265
f 3902/1365/1254 4002/1382/1271 4078/1363/1252
f 4078/1363/1252 4002/1382/1271 4158/1383/1272
f 4002/1382/1271 4037/1376/1265 4151/1384/1273
f 4151/1384/1273 4037/1376/1265 4119/1381/1270
f 4158/1383/1272 4002/1382/1271 4066/1385/1274
f 4066/1385/1274 4002/1382/1271 4151/1384/1273
f 4158/1383/1272 4066/1385/1274 4092/1386/1275
f 4092/1386/1275 4066/1385/1274 4151/1384/1273
f 4158/1383/1272 4092/1386/1275 4087/1387/1276
f 4087/1387/1276 4092/1386/1275 4181/1388/1277
f 4181/1388/1277 4092/1386/1275 4151/1384/1273
f 4087/1387/1276 4181/1388/1277 4054/1389/1278
f 4054/1389/1278 4181/1388/1277 4130/1390/1279
f 4130/1390/1279 4181/1388/1277 4148/1391/1280
f 4148/1391/1280 4181/1388/1277 4166/1392/1281
f 4166/1392/1281 4181/1388/1277 4151/1384/1273
f 4166/1392/1281 4151/1384/1273 4119/1381/1270
f 4166/1392/1281 4119/1381/1270 4109/1393/1282
f 4166/1392/1281 4109/1393/1282 4133/1394/1283
f 4109/1393/1282 4119/1381/1270 4038/1380/1269
f 4133/1394/1283 4109/1393/1282 4031/1395/1284
f 4031/1395/1284 4109/1393/1282 4038/1380/1269
f 4031/1395/1284 4038/1380/1269 3899/1379/1268
f 4031/1395/1284 3899/1379/1268 3792/1396/1285
f 4031/1395/1284 3792/1396/1285 3924/1397/1286
f 3792/1396/1285 3899/1379/1268 3703/1398/1287
f 3703/1398/1287 3899/1379/1268 3774/1375/1264
f 3703/1398/1287 3774/1375/1264 3540/1374/1263
f 3792/1396/1285 3703/1398/1287 3586/1399/1288
f 3586/1399/1288 3703/1398/1287 3540/1374/1263
f 3792/1396/1285 3586/1399/1288 3773/1400/1289
f 3586/1399/1288 3540/1374/1263 3395/1401/1290
f 3395/1401/1290 3540/1374/1263 3351/1402/1291
f 3351/1402/1291 3540/1374/1263 3433/1372/1261
f 3586/1399/1288 3395/1401/1290 3384/1403/1292
f 3351/1402/1291 3433/1372/1261 3276/1404/1293
f 3493/1405/1294 3747/1406/1295 3586/1399/1288
f 3493/1405/1294 3586/1399/1288 3384/1403/1292
f 3276/1404/1293 3433/1372/1261 3371/1367/1256
f 3384/1403/1292 3395/1401/1290 3059/1407/1296
f 3059/1407/1296 3395/1401/1290 3351/1402/1291
f 3493/1405/1294 3384/1403/1292 3332/1408/1297
f 3493/1405/1294 3332/1408/1297 3379/1409/1298
f 3379/1409/1298 3332/1408/1297 2773/1410/1299
f 3332/1408/1297 3384/1403/1292 2750/1411/1300
f 3332/1408/1297 2750/1411/1300 2773/1410/1299
f 2750/1411/1300 3384/1403/1292 3059/1407/1296
f 2731/1412/1301 2770/1413/1302 2773/1410/1299
f 2731/1412/1301 2773/1410/1299 2697/1414/1303
f 2697/1414/1303 2773/1410/1299 2750/1411/1300
f 2697/1414/1303 2750/1411/1300 2705/1415/1304
f 2750/1411/1300 3059/1407/1296 2771/1416/1305
f 2705/1415/1304 2750/1411/1300 2722/1417/1306
f 2722/1417/1306 2750/1411/1300 2771/1416/1305
f 2705/1415/1304 2722/1417/1306 2710/1418/1307
f 2722/1417/1306 2771/1416/1305 2778/1419/1308
f 2722/1417/1306 2778/1419/1308 2710/1418/1307
f 2778/1419/1308 2771/1416/1305 3059/1407/1296
f 2710/1418/1307 2778/1419/1308 2769/1420/1309
f 2710/1418/1307 2769/1420/1309 2745/1346/1236
f 2769/1420/1309 2778/1419/1308 2949/1421/1310
f 2769/1420/1309 2949/1421/1310 2745/1346/1236
f 2778/1419/1308 3059/1407/1296 3168/1422/1311
f 2778/1419/1308 3168/1422/1311 2949/1421/1310
f 3168/1422/1311 3059/1407/1296 3351/1402/1291
f 3168/1422/1311 3351/1402/1291 3276/1404/1293
f 3168/1422/1311 3276/1404/1293 2949/1421/1310
f 2949/1421/1310 3276/1404/1293 3371/1367/1256
f 2745/1346/1236 2949/1421/1310 3092/1423/1312
f 3092/1423/1312 2949/1421/1310 3371/1367/1256
f 2745/1346/1236 3092/1423/1312 3176/1424/1313
f 3176/1424/1313 3092/1423/1312 3371/1367/1256
f 2745/1346/1236 3176/1424/1313 2902/1345/1235
f 3176/1424/1313 3371/1367/1256 3184/1347/1237
f 3176/1424/1313 3184/1347/1237 2902/1345/1235
f 2790/1425/1314 2774/1426/1223 2853/1427/1222
f 2790/1425/1314 2853/1427/1222 2943/1428/1315
f 2943/1428/1315 2853/1427/1222 3025/1429/1226
f 2790/1425/1314 2943/1428/1315 2811/1430/1316
f 2774/1426/1223 2790/1425/1314 2743/1431/1317
f 2743/1431/1317 2790/1425/1314 2811/1430/1316
f 2774/1426/1223 2743/1431/1317 2725/1432/1318
f 2725/1432/1318 2743/1431/1317 2811/1430/1316
f 2774/1426/1223 2725/1432/1318 2711/1433/1319
f 2774/1426/1223 2711/1433/1319 2748/1434/1228
f 2748/1434/1228 2711/1433/1319 2738/1435/1229
f 2738/1435/1229 2711/1433/1319 2709/1436/1320
f 2738/1435/1229 2709/1436/1320 2745/1437/1236
f 2745/1437/1236 2709/1436/1320 2710/1438/1307
f 2710/1438/1307 2709/1436/1320 2746/1439/1321
f 2710/1438/1307 2746/1439/1321 2705/1440/1304
f 2709/1436/1320 2711/1433/1319 2758/1441/1322
f 2709/1436/1320 2758/1441/1322 2746/1439/1321
f 2758/1441/1322 2711/1433/1319 2742/1442/1323
f 2742/1442/1323 2711/1433/1319 2725/1432/1318
f 2758/1441/1322 2742/1442/1323 2860/1443/1324
f 2742/1442/1323 2725/1432/1318 2832/1444/1325
f 2832/1444/1325 2725/1432/1318 2811/1430/1316
f 2742/1442/1323 2832/1444/1325 2994/1445/1326
f 2742/1442/1323 2994/1445/1326 2860/1443/1324
f 2832/1444/1325 2811/1430/1316 2857/1446/1327
f 2857/1446/1327 2811/1430/1316 3023/1447/1328
f 2994/1445/1326 2832/1444/1325 2855/1448/1329
f 2855/1448/1329 2832/1444/1325 2857/1446/1327
f 2994/1445/1326 2855/1448/1329 3077/1449/1330
f 2994/1445/1326 3077/1449/1330 3163/1450/1331
f 2994/1445/1326 3163/1450/1331 2860/1443/1324
f 3163/1450/1331 3077/1449/1330 3141/1451/1332
f 3141/1451/1332 3077/1449/1330 2855/1448/1329
f 2860/1443/1324 3163/1450/1331 3148/1452/1333
f 3148/1452/1333 3163/1450/1331 3141/1451/1332
f 2860/1443/1324 3148/1452/1333 3011/1453/1334
f 2967/1454/1335 2758/1441/1322 2860/1443/1324
f 2967/1454/1335 2860/1443/1324 3011/1453/1334
f 3011/1453/1334 3148/1452/1333 2976/1455/1336
f 2976/1455/1336 3148/1452/1333 3141/1451/1332
f 3011/1453/1334 2976/1455/1336 2967/1454/1335
f 2758/1441/1322 2967/1454/1335 2746/1439/1321
f 2967/1454/1335 2976/1455/1336 2931/1456/1337
f 2746/1439/1321 2967/1454/1335 2965/1457/1338
f 2965/1457/1338 2967/1454/1335 2931/1456/1337
f 2746/1439/1321 2965/1457/1338 2897/1458/1339
f 2746/1439/1321 2897/1458/1339 2735/1459/1340
f 2746/1439/1321 2735/1459/1340 2705/1440/1304
f 2897/1458/1339 2965/1457/1338 2932/1460/1341
f 2932/1460/1341 2965/1457/1338 2931/1456/1337
f 2713/1461/1342 2697/1462/1303 2705/1440/1304
f 2713/1461/1342 2705/1440/1304 2735/1459/1340
f 2713/1461/1342 2735/1459/1340 2777/1463/1343
f 2897/1458/1339 2932/1460/1341 2819/1464/1344
f 2897/1458/1339 2819/1464/1344 2735/1459/1340
f 2735/1459/1340 2819/1464/1344 2756/1465/1345
f 2735/1459/1340 2756/1465/1345 2777/1463/1343
f 2777/1463/1343 2756/1465/1345 2739/1466/1346
f 2739/1466/1346 2756/1465/1345 2819/1464/1344
f 2777/1463/1343 2739/1466/1346 2762/1467/1347
f 2819/1464/1344 2932/1460/1341 2571/1468/1348
f 2819/1464/1344 2571/1468/1348 2739/1466/1346
f 2571/1468/1348 2932/1460/1341 2931/1456/1337
f 2762/1467/1347 2739/1466/1346 2573/1469/1349
f 2573/1469/1349 2739/1466/1346 2509/1470/1350
f 2573/1469/1349 2509/1470/1350 2487/1471/1351
f 2487/1471/1351 2509/1470/1350 44/1472/1352
f 2509/1470/1350 2739/1466/1346 2559/1473/1353
f 2559/1473/1353 2739/1466/1346 2571/1468/1348
f 2509/1470/1350 2559/1473/1353 41/1474/1190
f 41/1474/1190 2559/1473/1353 30/1475/1192
f 30/1475/1192 2559/1473/1353 2511/1476/1354
f 2511/1476/1354 2559/1473/1353 2571/1468/1348
f 30/1475/1192 2511/1476/1354 9/1477/1193
f 9/1477/1193 2511/1476/1354 2580/1478/1355
f 2580/1478/1355 2511/1476/1354 2571/1468/1348
f 9/1477/1193 2580/1478/1355 2484/1479/1194
f 2580/1478/1355 2571/1468/1348 2529/1480/1356
f 2580/1478/1355 2529/1480/1356 2484/1479/1194
f 2529/1480/1356 2571/1468/1348 2931/1456/1337
f 2484/1479/1194 2529/1480/1356 1/1481/1195
f 1/1481/1195 2529/1480/1356 2514/1482/1198
f 2514/1482/1198 2529/1480/1356 2931/1456/1337
f 2514/1482/1198 2931/1456/1337 2976/1455/1336
f 2514/1482/1198 2976/1455/1336 2488/1483/1357
f 2514/1482/1198 2488/1483/1357 24/1484/1199
f 2488/1483/1357 2976/1455/1336 3141/1451/1332
f 24/1484/1199 2488/1483/1357 2519/1485/1358
f 24/1484/1199 2519/1485/1358 2451/1486/1201
f 2488/1483/1357 3141/1451/1332 2570/1487/1359
f 2488/1483/1357 2570/1487/1359 2519/1485/1358
f 2451/1486/1201 2519/1485/1358 2556/1488/1360
f 2556/1488/1360 2519/1485/1358 2570/1487/1359
f 2451/1486/1201 2556/1488/1360 2482/1489/1202
f 2482/1489/1202 2556/1488/1360 2570/1487/1359
f 2570/1487/1359 3141/1451/1332 2855/1448/1329
f 2570/1487/1359 2855/1448/1329 2482/1489/1202
f 2482/1489/1202 2855/1448/1329 2594/1490/1361
f 2482/1489/1202 2594/1490/1361 22/1491/1203
f 22/1491/1203 2594/1490/1361 40/1492/1205
f 2594/1490/1361 2855/1448/1329 2857/1446/1327
f 2594/1490/1361 2857/1446/1327 2638/1493/1362
f 2526/1494/1363 2517/1495/1364 2714/1496/1365
f 2517/1495/1364 2526/1494/1363 109/1497/1366
f 2526/1494/1363 2714/1496/1365 2566/1498/1367
f 2517/1495/1364 109/1497/1366 2531/1499/1368
f 2526/1494/1363 2566/1498/1367 2535/1500/1369
f 2526/1494/1363 2535/1500/1369 94/1501/1370
f 2535/1500/1369 2566/1498/1367 2661/1502/1371
f 2661/1502/1371 2566/1498/1367 2714/1496/1365
f 2535/1500/1369 2661/1502/1371 2779/1503/1372
f 2779/1503/1372 2661/1502/1371 2714/1496/1365
f 2535/1500/1369 2779/1503/1372 37/1504/1373
f 2652/1505/1374 2714/1496/1365 2517/1495/1364
f 2714/1496/1365 2652/1505/1374 2693/1506/1375
f 2693/1506/1375 2652/1505/1374 2517/1495/1364
f 2693/1506/1375 2517/1495/1364 2554/1507/1376
f 2554/1507/1376 2517/1495/1364 2531/1499/1368
f 2693/1506/1375 2554/1507/1376 2564/1508/1377
f 2564/1508/1377 2554/1507/1376 2531/1499/1368
f 2714/1496/1365 2693/1506/1375 2775/1509/1378
f 2714/1496/1365 2775/1509/1378 2779/1503/1372
f 2693/1506/1375 2564/1508/1377 2695/1510/1379
f 2695/1510/1379 2564/1508/1377 2531/1499/1368
f 2693/1506/1375 2695/1510/1379 2775/1509/1378
f 2695/1510/1379 2531/1499/1368 2728/1511/1380
f 2695/1510/1379 2728/1511/1380 2775/1509/1378
f 2728/1511/1380 2531/1499/1368 115/1512/1381
f 2728/1511/1380 115/1512/1381 2544/1513/1382
f 2728/1511/1380 2544/1513/1382 2638/1514/1362
f 2638/1514/1362 2544/1513/1382 40/1515/1205
f 2638/1514/1362 40/1515/1205 2594/1516/1361
f 2728/1511/1380 2638/1514/1362 2752/1517/1383
f 2775/1509/1378 2728/1511/1380 2798/1518/1384
f 2798/1518/1384 2728/1511/1380 2752/1517/1383
f 2752/1517/1383 2638/1514/1362 3023/1519/1328
f 3023/1519/1328 2638/1514/1362 2857/1520/1327
f 2798/1518/1384 2752/1517/1383 3035/1521/1385
f 3035/1521/1385 2752/1517/1383 3023/1519/1328
f 2775/1509/1378 2798/1518/1384 2808/1522/1386
f 2775/1509/1378 2808/1522/1386 2779/1503/1372
f 2808/1522/1386 2798/1518/1384 3060/1523/1387
f 3060/1523/1387 2798/1518/1384 3035/1521/1385
f 2779/1503/1372 2808/1522/1386 2813/1524/1388
f 2813/1524/1388 2808/1522/1386 3060/1523/1387
f 2779/1503/1372 2813/1524/1388 2809/1525/1389
f 2813/1524/1388 3060/1523/1387 3221/1526/1390
f 2813/1524/1388 3221/1526/1390 2809/1525/1389
f 3221/1526/1390 3060/1523/1387 3373/1527/1391
f 3060/1523/1387 3035/1521/1385 3345/1528/1392
f 3060/1523/1387 3345/1528/1392 3373/1527/1391
f 3345/1528/1392 3035/1521/1385 3310/1529/1393
f 3310/1529/1393 3035/1521/1385 3248/1530/1394
f 3248/1530/1394 3035/1521/1385 3023/1519/1328
f 2811/1531/1316 2943/1532/1315 3023/1519/1328
f 3023/1519/1328 2943/1532/1315 3248/1530/1394
f 3248/1530/1394 2943/1532/1315 3312/1533/1395
f 3312/1533/1395 2943/1532/1315 3025/1534/1226
f 3312/1533/1395 3025/1534/1226 3298/1535/1230
f 3310/1529/1393 3248/1530/1394 3356/1536/1396
f 3312/1533/1395 3298/1535/1230 3535/1537/1239
f 3535/1537/1239 3298/1535/1230 3426/1538/1232
f 3248/1530/1394 3312/1533/1395 3393/1539/1397
f 3248/1530/1394 3393/1539/1397 3356/1536/1396
f 3312/1533/1395 3535/1537/1239 3671/1540/1398
f 3312/1533/1395 3671/1540/1398 3393/1539/1397
f 3749/1541/1242 3535/1537/1239 3596/1542/1240
f 3535/1537/1239 3749/1541/1242 3671/1540/1398
f 3393/1539/1397 3671/1540/1398 3551/1543/1399
f 3393/1539/1397 3551/1543/1399 3356/1536/1396
f 3671/1540/1398 3749/1541/1242 3894/1544/1400
f 3894/1544/1400 3749/1541/1242 3942/1545/1247
f 3894/1544/1400 3942/1545/1247 4011/1546/1401
f 3671/1540/1398 3894/1544/1400 3759/1547/1402
f 3671/1540/1398 3759/1547/1402 3551/1543/1399
f 3894/1544/1400 4011/1546/1401 4039/1548/1403
f 4039/1548/1403 4011/1546/1401 4081/1549/1404
f 3759/1547/1402 3894/1544/1400 3866/1550/1405
f 3866/1550/1405 3894/1544/1400 4039/1548/1403
f 4039/1548/1403 4081/1549/1404 4048/1551/1406
f 3866/1550/1405 4039/1548/1403 3976/1552/1407
f 3976/1552/1407 4039/1548/1403 4048/1551/1406
f 3759/1547/1402 3866/1550/1405 3855/1553/1408
f 3866/1550/1405 3976/1552/1407 3932/1554/1409
f 3866/1550/1405 3932/1554/1409 3855/1553/1408
f 3932/1554/1409 3976/1552/1407 3984/1555/1410
f 3984/1555/1410 3976/1552/1407 4048/1551/1406
f 3932/1554/1409 3984/1555/1410 4062/1556/1411
f 4062/1556/1411 3984/1555/1410 4048/1551/1406
f 3932/1554/1409 4062/1556/1411 4001/1557/1412
f 3932/1554/1409 4001/1557/1412 3855/1553/1408
f 3712/1558/1413 3759/1547/1402 3855/1553/1408
f 3759/1547/1402 3712/1558/1413 3551/1543/1399
f 3712/1558/1413 3855/1553/1408 4001/1557/1412
f 4057/1559/1414 4048/1551/1406 4111/1560/1415
f 4048/1551/1406 4057/1559/1414 4141/1561/1416
f 4141/1561/1416 4057/1559/1414 3967/1562/1417
f 3966/1563/1418 4076/1564/1419 3967/1562/1417
f 3967/1562/1417 4076/1564/1419 4141/1561/1416
f 4141/1561/1416 4076/1564/1419 4167/1565/1420
f 4141/1561/1416 4167/1565/1420 4217/1566/1421
f 4048/1551/1406 4141/1561/1416 4138/1567/1422
f 4048/1551/1406 4138/1567/1422 4062/1556/1411
f 4141/1561/1416 4217/1566/1421 4229/1568/1423
f 4141/1561/1416 4229/1568/1423 4138/1567/1422
f 4217/1566/1421 4167/1565/1420 4231/1569/1424
f 4217/1566/1421 4231/1569/1424 4229/1568/1423
f 4231/1569/1424 4167/1565/1420 4168/1570/1425
f 4062/1556/1411 4138/1567/1422 4175/1571/1426
f 4175/1571/1426 4138/1567/1422 4229/1568/1423
f 4062/1556/1411 4175/1571/1426 4001/1557/1412
f 4229/1568/1423 4231/1569/1424 4240/1572/1427
f 4229/1568/1423 4240/1572/1427 4175/1571/1426
f 4231/1569/1424 4168/1570/1425 4183/1573/1428
f 4231/1569/1424 4183/1573/1428 4240/1572/1427
f 4183/1573/1428 4168/1570/1425 4067/1574/1429
f 4067/1574/1429 4168/1570/1425 4043/1575/1430
f 4183/1573/1428 4067/1574/1429 4094/1576/1431
f 4240/1572/1427 4183/1573/1428 4208/1577/1432
f 4208/1577/1432 4183/1573/1428 4094/1576/1431
f 4240/1572/1427 4208/1577/1432 4206/1578/1433
f 4240/1572/1427 4206/1578/1433 4175/1571/1426
f 4206/1578/1433 4208/1577/1432 4089/1579/1434
f 4089/1579/1434 4208/1577/1432 4094/1576/1431
f 4175/1571/1426 4206/1578/1433 4153/1580/1435
f 4206/1578/1433 4089/1579/1434 4108/1581/1436
f 4206/1578/1433 4108/1581/1436 4153/1580/1435
f 4089/1579/1434 4094/1576/1431 4041/1582/1437
f 4089/1579/1434 4041/1582/1437 4108/1581/1436
f 4175/1571/1426 4153/1580/1435 4114/1583/1438
f 4175/1571/1426 4114/1583/1438 4001/1557/1412
f 4114/1583/1438 4153/1580/1435 4080/1584/1439
f 4001/1557/1412 4114/1583/1438 3978/1585/1440
f 3978/1585/1440 4114/1583/1438 4080/1584/1439
f 4080/1584/1439 4153/1580/1435 3959/1586/1441
f 4080/1584/1439 3959/1586/1441 3978/1585/1440
f 3959/1586/1441 4153/1580/1435 4108/1581/1436
f 4001/1557/1412 3978/1585/1440 3783/1587/1442
f 4001/1557/1412 3783/1587/1442 3712/1558/1413
f 3783/1587/1442 3978/1585/1440 3707/1588/1443
f 3707/1588/1443 3978/1585/1440 3959/1586/1441
f 3712/1558/1413 3783/1587/1442 3526/1589/1444
f 3526/1589/1444 3783/1587/1442 3707/1588/1443
f 3712/1558/1413 3526/1589/1444 3551/1543/1399
f 3551/1543/1399 3526/1589/1444 3478/1590/1445
f 3551/1543/1399 3478/1590/1445 3356/1536/1396
f 3526/1589/1444 3707/1588/1443 3558/1591/1446
f 3478/1590/1445 3526/1589/1444 3515/1592/1447
f 3478/1590/1445 3515/1592/1447 3356/1536/1396
f 3526/1589/1444 3558/1591/1446 3553/1593/1448
f 3526/1589/1444 3553/1593/1448 3515/1592/1447
f 3558/1591/1446 3707/1588/1443 3574/1594/1449
f 3558/1591/1446 3574/1594/1449 3553/1593/1448
f 3356/1536/1396 3515/1592/1447 3375/1595/1450
f 3375/1595/1450 3515/1592/1447 3553/1593/1448
f 3356/1536/1396 3375/1595/1450 3310/1529/1393
f 3310/1529/1393 3375/1595/1450 3345/1528/1392
f 3345/1528/1392 3375/1595/1450 3398/1596/1451
f 3398/1596/1451 3375/1595/1450 3553/1593/1448
f 3345/1528/1392 3398/1596/1451 3373/1527/1391
f 3398/1596/1451 3553/1593/1448 3567/1597/1452
f 3567/1597/1452 3553/1593/1448 3574/1594/1449
f 3373/1527/1391 3398/1596/1451 3407/1598/1453
f 3407/1598/1453 3398/1596/1451 3567/1597/1452
f 3407/1598/1453 3567/1597/1452 3554/1599/1454
f 3554/1599/1454 3567/1597/1452 3574/1594/1449
f 3373/1527/1391 3407/1598/1453 3374/1600/1455
f 3374/1600/1455 3407/1598/1453 3554/1599/1454
f 3373/1527/1391 3374/1600/1455 3326/1601/1456
f 3373/1527/1391 3326/1601/1456 3221/1526/1390
f 3374/1600/1455 3554/1599/1454 3370/1602/1457
f 3374/1600/1455 3370/1602/1457 3326/1601/1456
f 3221/1526/1390 3326/1601/1456 3005/1603/1458
f 3370/1602/1457 3554/1599/1454 3539/1604/1459
f 3539/1604/1459 3554/1599/1454 3574/1594/1449
f 3326/1601/1456 3370/1602/1457 3183/1605/1460
f 3326/1601/1456 3183/1605/1460 3005/1603/1458
f 3370/1602/1457 3539/1604/1459 3441/1606/1461
f 3370/1602/1457 3441/1606/1461 3183/1605/1460
f 3221/1526/1390 3005/1603/1458 2809/1525/1389
f 3441/1606/1461 3539/1604/1459 3609/1607/1462
f 3609/1607/1462 3539/1604/1459 3574/1594/1449
f 3183/1605/1460 3441/1606/1461 3440/1608/1463
f 3005/1603/1458 3183/1605/1460 3084/1609/1464
f 3084/1609/1464 3183/1605/1460 3440/1608/1463
f 2809/1525/1389 3005/1603/1458 2720/1610/1465
f 2720/1610/1465 3005/1603/1458 3084/1609/1464
f 2809/1525/1389 2720/1610/1465 2690/1611/1466
f 2809/1525/1389 2690/1611/1466 2647/1612/1467
f 2809/1525/1389 2647/1612/1467 2779/1503/1372
f 2779/1503/1372 2647/1612/1467 37/1504/1373
f 37/1504/1373 2647/1612/1467 2534/1613/1468
f 2534/1613/1468 2647/1612/1467 2690/1611/1466
f 2534/1613/1468 2690/1611/1466 2720/1610/1465
f 2534/1613/1468 2720/1610/1465 2596/1614/1469
f 2596/1614/1469 2720/1610/1465 3084/1609/1464
f 2534/1613/1468 2596/1614/1469 105/1615/1470
f 2596/1614/1469 3084/1609/1464 3009/1616/1471
f 2596/1614/1469 3009/1616/1471 2677/1617/1472
f 2596/1614/1469 2677/1617/1472 93/1618/1473
f 3009/1616/1471 3084/1609/1464 3272/1619/1474
f 3272/1619/1474 3084/1609/1464 3440/1608/1463
f 93/1618/1473 2677/1617/1472 2973/1620/1475
f 2973/1620/1475 2677/1617/1472 3009/1616/1471
f 93/1618/1473 2973/1620/1475 87/1621/1476
f 3009/1616/1471 3272/1619/1474 3279/1622/1477
f 3009/1616/1471 3279/1622/1477 2973/1620/1475
f 3272/1619/1474 3440/1608/1463 3509/1623/1478
f 3272/1619/1474 3509/1623/1478 3279/1622/1477
f 2973/1620/1475 3279/1622/1477 3321/1624/1479
f 3321/1624/1479 3279/1622/1477 3495/1625/1480
f 3495/1625/1480 3279/1622/1477 3509/1623/1478
f 2973/1620/1475 3321/1624/1479 3120/1626/1481
f 3495/1625/1480 3509/1623/1478 3639/1627/1482
f 2973/1620/1475 3120/1626/1481 2749/1628/1483
f 2973/1620/1475 2749/1628/1483 87/1621/1476
f 2749/1628/1483 3120/1626/1481 2920/1629/1484
f 87/1621/1476 2749/1628/1483 2538/1630/1485
f 2538/1630/1485 2749/1628/1483 2630/1631/1486
f 2630/1631/1486 2749/1628/1483 2760/1632/1487
f 2538/1630/1485 2630/1631/1486 2494/1633/1488
f 2538/1630/1485 2494/1633/1488 45/1634/1489
f 3691/1635/1490 3639/1627/1482 3509/1623/1478
f 3691/1635/1490 3509/1623/1478 3440/1608/1463
f 3639/1627/1482 3691/1635/1490 3791/1636/1491
f 3639/1627/1482 3791/1636/1491 3756/1637/1492
f 3756/1637/1492 3791/1636/1491 3880/1638/1493
f 3880/1638/1493 3791/1636/1491 3975/1639/1494
f 3975/1639/1494 3791/1636/1491 3937/1640/1495
f 3937/1640/1495 3791/1636/1491 3691/1635/1490
f 3975/1639/1494 3937/1640/1495 4097/1641/1496
f 3975/1639/1494 4097/1641/1496 4019/1642/1497
f 4019/1642/1497 4097/1641/1496 4134/1643/1498
f 4134/1643/1498 4097/1641/1496 4222/1644/1499
f 4134/1643/1498 4222/1644/1499 4203/1645/1500
f 4203/1645/1500 4222/1644/1499 4196/1646/1501
f 4097/1641/1496 3937/1640/1495 4107/1647/1502
f 4097/1641/1496 4107/1647/1502 4222/1644/1499
f 4196/1646/1501 4222/1644/1499 4224/1648/1503
f 4196/1646/1501 4224/1648/1503 4177/1649/1504
f 4177/1649/1504 4224/1648/1503 4222/1644/1499
f 4177/1649/1504 4222/1644/1499 4144/1650/1505
f 4144/1650/1505 4222/1644/1499 4107/1647/1502
f 4177/1649/1504 4144/1650/1505 4143/1651/1506
f 4177/1649/1504 4143/1651/1506 4094/1576/1431
f 4094/1576/1431 4143/1651/1506 4144/1650/1505
f 4094/1576/1431 4144/1650/1505 4041/1582/1437
f 4041/1582/1437 4144/1650/1505 4083/1652/1507
f 4083/1652/1507 4144/1650/1505 4107/1647/1502
f 4041/1582/1437 4083/1652/1507 3935/1653/1508
f 4041/1582/1437 3935/1653/1508 4108/1581/1436
f 4083/1652/1507 4107/1647/1502 3956/1654/1509
f 4083/1652/1507 3956/1654/1509 3935/1653/1508
f 4108/1581/1436 3935/1653/1508 3959/1586/1441
f 3959/1586/1441 3935/1653/1508 3731/1655/1510
f 3731/1655/1510 3935/1653/1508 3956/1654/1509
f 3956/1654/1509 4107/1647/1502 3831/1656/1511
f 3956/1654/1509 3831/1656/1511 3825/1657/1512
f 3956/1654/1509 3825/1657/1512 3755/1658/1513
f 3755/1658/1513 3825/1657/1512 3831/1656/1511
f 3956/1654/1509 3755/1658/1513 3731/1655/1510
f 3831/1656/1511 4107/1647/1502 3927/1659/1514
f 3927/1659/1514 4107/1647/1502 3937/1640/1495
f 3927/1659/1514 3937/1640/1495 3691/1635/1490
f 3831/1656/1511 3927/1659/1514 3832/1660/1515
f 3831/1656/1511 3832/1660/1515 3790/1661/1516
f 3790/1661/1516 3832/1660/1515 3927/1659/1514
f 3831/1656/1511 3790/1661/1516 3755/1658/1513
f 3790/1661/1516 3927/1659/1514 3691/1635/1490
f 3662/1662/1517 3731/1655/1510 3755/1658/1513
f 3662/1662/1517 3755/1658/1513 3790/1661/1516
f 3662/1662/1517 3790/1661/1516 3704/1663/1518
f 3790/1661/1516 3691/1635/1490 3622/1664/1519
f 3790/1661/1516 3622/1664/1519 3704/1663/1518
f 3622/1664/1519 3691/1635/1490 3440/1608/1463
f 3622/1664/1519 3440/1608/1463 3441/1606/1461
f 3622/1664/1519 3441/1606/1461 3609/1607/1462
f 3622/1664/1519 3609/1607/1462 3704/1663/1518
f 3704/1663/1518 3609/1607/1462 3662/1662/1517
f 3662/1662/1517 3609/1607/1462 3731/1655/1510
f 3731/1655/1510 3609/1607/1462 3727/1665/1520
f 3731/1655/1510 3727/1665/1520 3959/1586/1441
f 3727/1665/1520 3609/1607/1462 3574/1594/1449
f 3959/1586/1441 3727/1665/1520 3732/1666/1521
f 3732/1666/1521 3727/1665/1520 3574/1594/1449
f 3959/1586/1441 3732/1666/1521 3707/1588/1443
f 3707/1588/1443 3732/1666/1521 3574/1594/1449
f 291/1667/1522 222/1668/1523 219/1669/1524
f 222/1668/1523 291/1667/1522 276/1670/1525
f 222/1668/1523 276/1670/1525 251/1671/1526
f 276/1670/1525 291/1667/1522 309/1672/1527
f 276/1670/1525 309/1672/1527 251/1671/1526
f 309/1672/1527 291/1667/1522 322/1673/1528
f 322/1673/1528 291/1667/1522 261/1674/1529
f 291/1667/1522 219/1669/1524 239/1675/1530
f 291/1667/1522 239/1675/1530 261/1674/1529
f 239/1675/1530 219/1669/1524 37/1676/1373
f 322/1673/1528 261/1674/1529 398/1677/1531
f 322/1673/1528 398/1677/1531 673/1678/1532
f 322/1673/1528 673/1678/1532 309/1672/1527
f 398/1677/1531 261/1674/1529 678/1679/1533
f 398/1677/1531 678/1679/1533 673/1678/1532
f 261/1674/1529 239/1675/1530 190/1680/1534
f 239/1675/1530 37/1676/1373 165/1681/1535
f 239/1675/1530 165/1681/1535 190/1680/1534
f 165/1681/1535 37/1676/1373 2534/1682/1468
f 165/1681/1535 2534/1682/1468 101/1683/1536
f 101/1683/1536 2534/1682/1468 105/1684/1470
f 165/1681/1535 101/1683/1536 141/1685/1537
f 165/1681/1535 141/1685/1537 190/1680/1534
f 141/1685/1537 101/1683/1536 105/1684/1470
f 400/1686/1538 261/1674/1529 190/1680/1534
f 261/1674/1529 400/1686/1538 678/1679/1533
f 190/1680/1534 141/1685/1537 137/1687/1539
f 137/1687/1539 141/1685/1537 105/1684/1470
f 190/1680/1534 137/1687/1539 400/1686/1538
f 137/1687/1539 105/1684/1470 93/1688/1473
f 93/1688/1473 105/1684/1470 2596/1689/1469
f 137/1687/1539 93/1688/1473 130/1690/1540
f 400/1686/1538 137/1687/1539 181/1691/1541
f 181/1691/1541 137/1687/1539 130/1690/1540
f 130/1690/1540 93/1688/1473 87/1692/1476
f 400/1686/1538 181/1691/1541 715/1693/1542
f 181/1691/1541 130/1690/1540 482/1694/1543
f 181/1691/1541 482/1694/1543 715/1693/1542
f 130/1690/1540 87/1692/1476 290/1695/1544
f 130/1690/1540 290/1695/1544 482/1694/1543
f 400/1686/1538 715/1693/1542 829/1696/1545
f 400/1686/1538 829/1696/1545 678/1679/1533
f 715/1693/1542 482/1694/1543 757/1697/1546
f 829/1696/1545 715/1693/1542 973/1698/1547
f 973/1698/1547 715/1693/1542 757/1697/1546
f 757/1697/1546 482/1694/1543 520/1699/1548
f 520/1699/1548 482/1694/1543 290/1695/1544
f 757/1697/1546 520/1699/1548 777/1700/1549
f 757/1697/1546 777/1700/1549 919/1701/1550
f 757/1697/1546 919/1701/1550 973/1698/1547
f 777/1700/1549 520/1699/1548 466/1702/1551
f 973/1698/1547 919/1701/1550 1163/1703/1552
f 466/1702/1551 520/1699/1548 159/1704/1553
f 159/1704/1553 520/1699/1548 290/1695/1544
f 466/1702/1551 159/1704/1553 230/1705/1554
f 159/1704/1553 290/1695/1544 87/1692/1476
f 230/1705/1554 159/1704/1553 110/1706/1555
f 159/1704/1553 87/1692/1476 45/1707/1489
f 159/1704/1553 45/1707/1489 110/1706/1555
f 45/1707/1489 87/1692/1476 2538/1708/1485
f 110/1706/1555 45/1707/1489 16/1709/1556
f 16/1709/1556 45/1707/1489 2494/1710/1488
f 110/1706/1555 16/1709/1556 74/1711/1557
f 16/1709/1556 2494/1710/1488 11/1712/1558
f 16/1709/1556 11/1712/1558 74/1711/1557
f 1222/1713/1559 973/1698/1547 1163/1703/1552
f 1222/1713/1559 1163/1703/1552 1302/1714/1560
f 973/1698/1547 1222/1713/1559 1062/1715/1561
f 973/1698/1547 1062/1715/1561 829/1696/1545
f 1222/1713/1559 1302/1714/1560 1440/1716/1562
f 829/1696/1545 1062/1715/1561 678/1679/1533
f 1440/1716/1562 1302/1714/1560 1429/1717/1563
f 1559/1718/1564 1609/1719/1565 1429/1717/1563
f 1429/1717/1563 1609/1719/1565 1440/1716/1562
f 1222/1713/1559 1440/1716/1562 1296/1720/1566
f 1222/1713/1559 1296/1720/1566 1062/1715/1561
f 1440/1716/1562 1609/1719/1565 1671/1721/1567
f 678/1679/1533 1062/1715/1561 916/1722/1568
f 678/1679/1533 916/1722/1568 673/1678/1532
f 1296/1720/1566 1440/1716/1562 1500/1723/1569
f 1500/1723/1569 1440/1716/1562 1671/1721/1567
f 1062/1715/1561 1296/1720/1566 1232/1724/1570
f 1232/1724/1570 1296/1720/1566 1500/1723/1569
f 1062/1715/1561 1232/1724/1570 1289/1725/1571
f 1062/1715/1561 1289/1725/1571 916/1722/1568
f 1232/1724/1570 1500/1723/1569 1402/1726/1572
f 1232/1724/1570 1402/1726/1572 1289/1725/1571
f 1402/1726/1572 1500/1723/1569 1552/1727/1573
f 1552/1727/1573 1500/1723/1569 1681/1728/1574
f 1681/1728/1574 1500/1723/1569 1671/1721/1567
f 1402/1726/1572 1552/1727/1573 1460/1729/1575
f 1460/1729/1575 1552/1727/1573 1681/1728/1574
f 1289/1725/1571 1402/1726/1572 1240/1730/1576
f 1240/1730/1576 1402/1726/1572 1460/1729/1575
f 1289/1725/1571 1240/1730/1576 1122/1731/1577
f 1289/1725/1571 1122/1731/1577 916/1722/1568
f 1240/1730/1576 1460/1729/1575 1410/1732/1578
f 1240/1730/1576 1410/1732/1578 1366/1733/1579
f 1240/1730/1576 1366/1733/1579 1122/1731/1577
f 1410/1732/1578 1460/1729/1575 1556/1734/1580
f 1410/1732/1578 1556/1734/1580 1627/1735/1581
f 1410/1732/1578 1627/1735/1581 1366/1733/1579
f 1556/1734/1580 1460/1729/1575 1675/1736/1582
f 1675/1736/1582 1460/1729/1575 1681/1728/1574
f 1556/1734/1580 1675/1736/1582 1634/1737/1583
f 1556/1734/1580 1634/1737/1583 1627/1735/1581
f 1675/1736/1582 1681/1728/1574 1726/1738/1584
f 1675/1736/1582 1726/1738/1584 1709/1739/1585
f 1675/1736/1582 1709/1739/1585 1634/1737/1583
f 1726/1738/1584 1681/1728/1574 1795/1740/1586
f 1795/1740/1586 1681/1728/1574 1778/1741/1587
f 1778/1741/1587 1681/1728/1574 1671/1721/1567
f 1778/1741/1587 1671/1721/1567 1795/1740/1586
f 1795/1740/1586 1671/1721/1567 1737/1742/1588
f 1737/1742/1588 1671/1721/1567 1609/1719/1565
f 1737/1742/1588 1609/1719/1565 1589/1743/1589
f 1795/1740/1586 1737/1742/1588 1779/1744/1590
f 1779/1744/1590 1737/1742/1588 1766/1745/1591
f 1779/1744/1590 1766/1745/1591 1776/1746/1592
f 1779/1744/1590 1776/1746/1592 1714/1747/1593
f 1779/1744/1590 1714/1747/1593 1795/1740/1586
f 1714/1747/1593 1776/1746/1592 1686/1748/1594
f 1729/1749/1595 1726/1738/1584 1795/1740/1586
f 1729/1749/1595 1795/1740/1586 1714/1747/1593
f 1726/1738/1584 1729/1749/1595 1709/1739/1585
f 1714/1747/1593 1686/1748/1594 1644/1750/1596
f 1729/1749/1595 1714/1747/1593 1633/1751/1597
f 1633/1751/1597 1714/1747/1593 1644/1750/1596
f 1709/1739/1585 1729/1749/1595 1632/1752/1598
f 1632/1752/1598 1729/1749/1595 1633/1751/1597
f 1633/1751/1597 1644/1750/1596 1569/1753/1599
f 1569/1753/1599 1644/1750/1596 1686/1748/1594
f 1632/1752/1598 1633/1751/1597 1496/1754/1600
f 1496/1754/1600 1633/1751/1597 1569/1753/1599
f 1569/1753/1599 1686/1748/1594 1472/1755/1601
f 1472/1755/1601 1686/1748/1594 1622/1756/1602
f 1569/1753/1599 1472/1755/1601 1431/1757/1603
f 1431/1757/1603 1472/1755/1601 1332/1758/1604
f 1332/1758/1604 1472/1755/1601 1316/1759/1605
f 1569/1753/1599 1431/1757/1603 1327/1760/1606
f 1569/1753/1599 1327/1760/1606 1496/1754/1600
f 1332/1758/1604 1316/1759/1605 1216/1761/1607
f 1327/1760/1606 1431/1757/1603 1273/1762/1608
f 1273/1762/1608 1431/1757/1603 1332/1758/1604
f 1332/1758/1604 1216/1761/1607 1149/1763/1609
f 1149/1763/1609 1216/1761/1607 1050/1764/1610
f 1273/1762/1608 1332/1758/1604 1111/1765/1611
f 1111/1765/1611 1332/1758/1604 1149/1763/1609
f 1327/1760/1606 1273/1762/1608 1215/1766/1612
f 1149/1763/1609 1050/1764/1610 881/1767/1613
f 881/1767/1613 1050/1764/1610 891/1768/1614
f 631/1769/1615 741/1770/1616 891/1768/1614
f 891/1768/1614 741/1770/1616 881/1767/1613
f 1215/1766/1612 1273/1762/1608 1145/1771/1617
f 1145/1771/1617 1273/1762/1608 1111/1765/1611
f 927/1772/1618 1111/1765/1611 1149/1763/1609
f 927/1772/1618 1149/1763/1609 881/1767/1613
f 1145/1771/1617 1111/1765/1611 1079/1773/1619
f 1145/1771/1617 1079/1773/1619 1078/1774/1620
f 1079/1773/1619 1111/1765/1611 1010/1775/1621
f 1079/1773/1619 1010/1775/1621 1078/1774/1620
f 1010/1775/1621 1111/1765/1611 927/1772/1618
f 1145/1771/1617 1078/1774/1620 1081/1776/1622
f 1081/1776/1622 1078/1774/1620 1010/1775/1621
f 1081/1776/1622 1010/1775/1621 1145/1771/1617
f 1145/1771/1617 1010/1775/1621 1215/1766/1612
f 662/1777/1623 927/1772/1618 881/1767/1613
f 1010/1775/1621 927/1772/1618 718/1778/1624
f 718/1778/1624 927/1772/1618 662/1777/1623
f 662/1777/1623 881/1767/1613 512/1779/1625
f 574/1780/1626 881/1767/1613 741/1770/1616
f 881/1767/1613 574/1780/1626 512/1779/1625
f 574/1780/1626 741/1770/1616 444/1781/1627
f 574/1780/1626 444/1781/1627 248/1782/1628
f 248/1782/1628 444/1781/1627 225/1783/1629
f 248/1782/1628 225/1783/1629 71/1784/1630
f 574/1780/1626 248/1782/1628 335/1785/1631
f 574/1780/1626 335/1785/1631 512/1779/1625
f 248/1782/1628 71/1784/1630 111/1786/1632
f 111/1786/1632 71/1784/1630 2466/1787/1633
f 111/1786/1632 2466/1787/1633 2497/1788/1634
f 111/1786/1632 2497/1788/1634 91/1789/1635
f 111/1786/1632 91/1789/1635 248/1782/1628
f 248/1782/1628 91/1789/1635 335/1785/1631
f 335/1785/1631 91/1789/1635 161/1790/1636
f 335/1785/1631 161/1790/1636 512/1779/1625
f 161/1790/1636 91/1789/1635 2587/1791/1637
f 512/1779/1625 161/1790/1636 214/1792/1638
f 214/1792/1638 161/1790/1636 2665/1793/1639
f 512/1779/1625 214/1792/1638 662/1777/1623
f 662/1777/1623 214/1792/1638 718/1778/1624
f 718/1778/1624 214/1792/1638 211/1794/1640
f 211/1794/1640 214/1792/1638 2609/1795/1641
f 211/1794/1640 2609/1795/1641 176/1796/1642
f 211/1794/1640 176/1796/1642 718/1778/1624
f 2615/1797/1643 302/1798/1644 176/1796/1642
f 176/1796/1642 302/1798/1644 602/1799/1645
f 176/1796/1642 602/1799/1645 718/1778/1624
f 602/1799/1645 302/1798/1644 802/1800/1646
f 602/1799/1645 802/1800/1646 830/1801/1647
f 718/1778/1624 602/1799/1645 897/1802/1648
f 897/1802/1648 602/1799/1645 830/1801/1647
f 718/1778/1624 897/1802/1648 1010/1775/1621
f 897/1802/1648 830/1801/1647 1027/1803/1649
f 897/1802/1648 1027/1803/1649 1010/1775/1621
f 1010/1775/1621 1027/1803/1649 1215/1766/1612
f 1215/1766/1612 1027/1803/1649 1175/1804/1650
f 1175/1804/1650 1027/1803/1649 1020/1805/1651
f 1215/1766/1612 1175/1804/1650 1330/1806/1652
f 1215/1766/1612 1330/1806/1652 1327/1760/1606
f 1327/1760/1606 1330/1806/1652 1496/1754/1600
f 1330/1806/1652 1175/1804/1650 1395/1807/1653
f 1330/1806/1652 1395/1807/1653 1496/1754/1600
f 1395/1807/1653 1175/1804/1650 1265/1808/1654
f 1265/1808/1654 1175/1804/1650 1043/1809/1655
f 1496/1754/1600 1395/1807/1653 1583/1810/1656
f 1265/1808/1654 1043/1809/1655 1171/1811/1657
f 1171/1811/1657 1043/1809/1655 1014/1812/1658
f 1496/1754/1600 1583/1810/1656 1578/1813/1659
f 1496/1754/1600 1578/1813/1659 1632/1752/1598
f 1578/1813/1659 1583/1810/1656 1617/1814/1660
f 1578/1813/1659 1617/1814/1660 1632/1752/1598
f 1583/1810/1656 1395/1807/1653 1689/1815/1661
f 1481/1816/1662 1395/1807/1653 1265/1808/1654
f 1395/1807/1653 1481/1816/1662 1689/1815/1661
f 1481/1816/1662 1265/1808/1654 1359/1817/1663
f 1359/1817/1663 1265/1808/1654 1171/1811/1657
f 1689/1815/1661 1481/1816/1662 1567/1818/1664
f 1567/1818/1664 1481/1816/1662 1359/1817/1663
f 1689/1815/1661 1567/1818/1664 1616/1819/1665
f 1616/1819/1665 1567/1818/1664 1359/1817/1663
f 1784/1820/1666 1583/1810/1656 1689/1815/1661
f 1583/1810/1656 1784/1820/1666 1617/1814/1660
f 1689/1815/1661 1616/1819/1665 1694/1821/1667
f 1689/1815/1661 1694/1821/1667 1784/1820/1666
f 1694/1821/1667 1616/1819/1665 1701/1822/1668
f 1694/1821/1667 1701/1822/1668 1784/1820/1666
f 1616/1819/1665 1359/1817/1663 1420/1823/1669
f 1261/1824/1670 1359/1817/1663 1171/1811/1657
f 1359/1817/1663 1261/1824/1670 1420/1823/1669
f 1261/1824/1670 1171/1811/1657 1014/1812/1658
f 1616/1819/1665 1420/1823/1669 1590/1825/1671
f 1616/1819/1665 1590/1825/1671 1701/1822/1668
f 1420/1823/1669 1261/1824/1670 1311/1826/1672
f 1590/1825/1671 1420/1823/1669 1412/1827/1673
f 1412/1827/1673 1420/1823/1669 1311/1826/1672
f 1311/1826/1672 1261/1824/1670 1127/1828/1674
f 1127/1828/1674 1261/1824/1670 1014/1812/1658
f 1127/1828/1674 1014/1812/1658 976/1829/1675
f 976/1829/1675 1014/1812/1658 988/1830/1676
f 976/1829/1675 988/1830/1676 958/1831/1677
f 1127/1828/1674 976/1829/1675 1243/1832/1678
f 1127/1828/1674 1243/1832/1678 1311/1826/1672
f 976/1829/1675 958/1831/1677 1103/1833/1679
f 976/1829/1675 1103/1833/1679 1243/1832/1678
f 1103/1833/1679 958/1831/1677 898/1834/1680
f 1103/1833/1679 898/1834/1680 1099/1835/1681
f 1103/1833/1679 1099/1835/1681 1299/1836/1682
f 1299/1836/1682 1099/1835/1681 1172/1837/1683
f 1103/1833/1679 1299/1836/1682 1374/1838/1684
f 1103/1833/1679 1374/1838/1684 1243/1832/1678
f 1374/1838/1684 1299/1836/1682 1534/1839/1146
f 1352/1840/1685 1311/1826/1672 1243/1832/1678
f 1352/1840/1685 1243/1832/1678 1374/1838/1684
f 1311/1826/1672 1352/1840/1685 1412/1827/1673
f 1374/1838/1684 1534/1839/1146 1598/1841/1686
f 1374/1838/1684 1598/1841/1686 1352/1840/1685
f 1598/1841/1686 1534/1839/1146 1653/1842/1144
f 1598/1841/1686 1653/1842/1144 1680/1843/1137
f 1412/1827/1673 1352/1840/1685 1474/1844/1687
f 1474/1844/1687 1352/1840/1685 1598/1841/1686
f 1412/1827/1673 1474/1844/1687 1506/1845/1688
f 1412/1827/1673 1506/1845/1688 1590/1825/1671
f 1474/1844/1687 1598/1841/1686 1540/1846/1689
f 1598/1841/1686 1680/1843/1137 1628/1847/1690
f 1598/1841/1686 1628/1847/1690 1540/1846/1689
f 1628/1847/1690 1680/1843/1137 1684/1848/1135
f 1474/1844/1687 1540/1846/1689 1532/1849/1691
f 1474/1844/1687 1532/1849/1691 1506/1845/1688
f 1532/1849/1691 1540/1846/1689 1628/1847/1690
f 1608/1850/1692 1590/1825/1671 1506/1845/1688
f 1608/1850/1692 1506/1845/1688 1532/1849/1691
f 1608/1850/1692 1532/1849/1691 1628/1847/1690
f 1590/1825/1671 1608/1850/1692 1701/1822/1668
f 1639/1851/1134 1628/1847/1690 1684/1848/1135
f 1701/1822/1668 1608/1850/1692 1696/1852/1693
f 1696/1852/1693 1608/1850/1692 1628/1847/1690
f 1701/1822/1668 1696/1852/1693 1788/1853/1694
f 1701/1822/1668 1788/1853/1694 1784/1820/1666
f 1696/1852/1693 1628/1847/1690 1708/1854/1695
f 1628/1847/1690 1639/1851/1134 1619/1855/1696
f 1628/1847/1690 1619/1855/1696 1708/1854/1695
f 1696/1852/1693 1708/1854/1695 1775/1856/1697
f 1696/1852/1693 1775/1856/1697 1788/1853/1694
f 1775/1856/1697 1708/1854/1695 1732/1857/1698
f 1732/1857/1698 1708/1854/1695 1619/1855/1696
f 1788/1853/1694 1775/1856/1697 1813/1858/1699
f 1813/1858/1699 1775/1856/1697 1732/1857/1698
f 1814/1859/1700 1784/1820/1666 1788/1853/1694
f 1814/1859/1700 1788/1853/1694 1813/1858/1699
f 1784/1820/1666 1814/1859/1700 1781/1860/1701
f 1784/1820/1666 1781/1860/1701 1617/1814/1660
f 1814/1859/1700 1813/1858/1699 1810/1861/1702
f 1781/1860/1701 1814/1859/1700 1807/1862/1703
f 1807/1862/1703 1814/1859/1700 1810/1861/1702
f 1807/1862/1703 1810/1861/1702 1781/1860/1701
f 1810/1861/1702 1813/1858/1699 1790/1863/1704
f 1790/1863/1704 1813/1858/1699 1732/1857/1698
f 1781/1860/1701 1810/1861/1702 1780/1864/1705
f 1810/1861/1702 1790/1863/1704 1748/1865/1706
f 1810/1861/1702 1748/1865/1706 1780/1864/1705
f 1636/1866/1707 1617/1814/1660 1781/1860/1701
f 1636/1866/1707 1781/1860/1701 1780/1864/1705
f 1617/1814/1660 1636/1866/1707 1630/1867/1708
f 1617/1814/1660 1630/1867/1708 1632/1752/1598
f 1632/1752/1598 1630/1867/1708 1709/1739/1585
f 1630/1867/1708 1636/1866/1707 1654/1868/1709
f 1630/1867/1708 1654/1868/1709 1709/1739/1585
f 1654/1868/1709 1636/1866/1707 1780/1864/1705
f 1709/1739/1585 1654/1868/1709 1634/1737/1583
f 1654/1868/1709 1780/1864/1705 1638/1869/1710
f 1654/1868/1709 1638/1869/1710 1634/1737/1583
f 1638/1869/1710 1780/1864/1705 1748/1865/1706
f 1638/1869/1710 1748/1865/1706 1634/1737/1583
f 1634/1737/1583 1748/1865/1706 1627/1735/1581
f 1760/1870/1711 1748/1865/1706 1790/1863/1704
f 1748/1865/1706 1760/1870/1711 1627/1735/1581
f 1760/1870/1711 1790/1863/1704 1732/1857/1698
f 1627/1735/1581 1760/1870/1711 1688/1871/1712
f 1627/1735/1581 1688/1871/1712 1562/1872/1713
f 1627/1735/1581 1562/1872/1713 1366/1733/1579
f 1688/1871/1712 1760/1870/1711 1657/1873/1714
f 1657/1873/1714 1760/1870/1711 1732/1857/1698
f 1562/1872/1713 1688/1871/1712 1469/1874/1715
f 1469/1874/1715 1688/1871/1712 1657/1873/1714
f 1562/1872/1713 1469/1874/1715 1366/1733/1579
f 1657/1873/1714 1732/1857/1698 1603/1875/1716
f 1366/1733/1579 1469/1874/1715 1308/1876/1717
f 1469/1874/1715 1657/1873/1714 1437/1877/1718
f 1437/1877/1718 1657/1873/1714 1603/1875/1716
f 1469/1874/1715 1437/1877/1718 1308/1876/1717
f 1437/1877/1718 1603/1875/1716 1456/1878/1719
f 1603/1875/1716 1732/1857/1698 1571/1879/1720
f 1603/1875/1716 1571/1879/1720 1456/1878/1719
f 1571/1879/1720 1732/1857/1698 1614/1880/1721
f 1614/1880/1721 1732/1857/1698 1619/1855/1696
f 1571/1879/1720 1614/1880/1721 1536/1881/1722
f 1571/1879/1720 1536/1881/1722 1484/1882/1723
f 1571/1879/1720 1484/1882/1723 1456/1878/1719
f 1536/1881/1722 1614/1880/1721 1533/1883/1724
f 1533/1883/1724 1614/1880/1721 1619/1855/1696
f 1536/1881/1722 1533/1883/1724 1484/1882/1723
f 1284/1884/1725 1437/1877/1718 1456/1878/1719
f 1437/1877/1718 1284/1884/1725 1308/1876/1717
f 1456/1878/1719 1484/1882/1723 1409/1885/1726
f 1533/1883/1724 1619/1855/1696 1461/1886/1727
f 1533/1883/1724 1461/1886/1727 1484/1882/1723
f 1461/1886/1727 1619/1855/1696 1553/1887/1728
f 1484/1882/1723 1461/1886/1727 1388/1888/1729
f 1484/1882/1723 1388/1888/1729 1409/1885/1726
f 1388/1888/1729 1461/1886/1727 1553/1887/1728
f 1553/1887/1728 1619/1855/1696 1639/1851/1134
f 1553/1887/1728 1639/1851/1134 1646/1889/1132
f 1340/1890/1730 1456/1878/1719 1409/1885/1726
f 1340/1890/1730 1409/1885/1726 1388/1888/1729
f 1456/1878/1719 1340/1890/1730 1284/1884/1725
f 1553/1887/1728 1646/1889/1132 1535/1891/1131
f 1535/1891/1131 1646/1889/1132 1600/1892/1130
f 1553/1887/1728 1535/1891/1131 1337/1893/1731
f 1553/1887/1728 1337/1893/1731 1388/1888/1729
f 1337/1893/1731 1535/1891/1131 1520/1894/1127
f 1340/1890/1730 1388/1888/1729 1255/1895/1732
f 1255/1895/1732 1388/1888/1729 1337/1893/1731
f 1340/1890/1730 1255/1895/1732 1241/1896/1733
f 1340/1890/1730 1241/1896/1733 1284/1884/1725
f 1255/1895/1732 1337/1893/1731 1109/1897/1734
f 1255/1895/1732 1109/1897/1734 1241/1896/1733
f 1337/1893/1731 1520/1894/1127 1297/1898/1735
f 1297/1898/1735 1520/1894/1127 1323/1899/1125
f 1297/1898/1735 1323/1899/1125 1155/1900/1123
f 1337/1893/1731 1297/1898/1735 1169/1901/1736
f 1169/1901/1736 1297/1898/1735 1155/1900/1123
f 1337/1893/1731 1169/1901/1736 1109/1897/1734
f 1241/1896/1733 1109/1897/1734 1110/1902/1737
f 1241/1896/1733 1110/1902/1737 1284/1884/1725
f 1110/1902/1737 1109/1897/1734 1084/1903/1738
f 1284/1884/1725 1110/1902/1737 1132/1904/1739
f 1132/1904/1739 1110/1902/1737 1084/1903/1738
f 1284/1884/1725 1132/1904/1739 1308/1876/1717
f 1169/1901/1736 1155/1900/1123 974/1905/1740
f 974/1905/1740 1155/1900/1123 1002/1906/1122
f 974/1905/1740 1002/1906/1122 882/1907/1073
f 974/1905/1740 882/1907/1073 841/1908/1741
f 974/1905/1740 841/1908/1741 1169/1901/1736
f 841/1908/1741 882/1907/1073 668/1909/1068
f 841/1908/1741 668/1909/1068 451/1910/1069
f 1028/1911/1742 1109/1897/1734 1169/1901/1736
f 1028/1911/1742 1169/1901/1736 841/1908/1741
f 1109/1897/1734 1028/1911/1742 1084/1903/1738
f 841/1908/1741 451/1910/1069 591/1912/1076
f 591/1912/1076 451/1910/1069 358/1913/1071
f 841/1908/1741 591/1912/1076 711/1914/1743
f 1028/1911/1742 841/1908/1741 855/1915/1744
f 855/1915/1744 841/1908/1741 711/1914/1743
f 711/1914/1743 591/1912/1076 551/1916/1745
f 711/1914/1743 551/1916/1745 855/1915/1744
f 551/1916/1745 591/1912/1076 428/1917/1075
f 1028/1911/1742 855/1915/1744 920/1918/1746
f 1028/1911/1742 920/1918/1746 1084/1903/1738
f 920/1918/1746 855/1915/1744 879/1919/1747
f 879/1919/1747 855/1915/1744 551/1916/1745
f 1084/1903/1738 920/1918/1746 948/1920/1748
f 948/1920/1748 920/1918/1746 879/1919/1747
f 1084/1903/1738 948/1920/1748 1129/1921/1749
f 1084/1903/1738 1129/1921/1749 1132/1904/1739
f 948/1920/1748 879/1919/1747 901/1922/1750
f 901/1922/1750 879/1919/1747 551/1916/1745
f 1129/1921/1749 948/1920/1748 964/1923/1751
f 964/1923/1751 948/1920/1748 901/1922/1750
f 1132/1904/1739 1129/1921/1749 1146/1924/1752
f 1132/1904/1739 1146/1924/1752 1308/1876/1717
f 1308/1876/1717 1146/1924/1752 1286/1925/1753
f 1308/1876/1717 1286/1925/1753 1366/1733/1579
f 1366/1733/1579 1286/1925/1753 1146/1924/1752
f 1366/1733/1579 1146/1924/1752 1122/1731/1577
f 1146/1924/1752 1129/1921/1749 1141/1926/1754
f 1146/1924/1752 1141/1926/1754 1122/1731/1577
f 1141/1926/1754 1129/1921/1749 964/1923/1751
f 1122/1731/1577 1141/1926/1754 1119/1927/1755
f 1122/1731/1577 1119/1927/1755 916/1722/1568
f 1141/1926/1754 964/1923/1751 972/1928/1756
f 1141/1926/1754 972/1928/1756 1119/1927/1755
f 1119/1927/1755 972/1928/1756 938/1929/1757
f 1119/1927/1755 938/1929/1757 916/1722/1568
f 938/1929/1757 972/1928/1756 910/1930/1758
f 938/1929/1757 910/1930/1758 916/1722/1568
f 910/1930/1758 972/1928/1756 964/1923/1751
f 916/1722/1568 910/1930/1758 673/1678/1532
f 910/1930/1758 964/1923/1751 915/1931/1759
f 915/1931/1759 964/1923/1751 901/1922/1750
f 673/1678/1532 910/1930/1758 763/1932/1760
f 763/1932/1760 910/1930/1758 915/1931/1759
f 763/1932/1760 915/1931/1759 901/1922/1750
f 673/1678/1532 763/1932/1760 309/1672/1527
f 763/1932/1760 901/1922/1750 589/1933/1761
f 763/1932/1760 589/1933/1761 309/1672/1527
f 589/1933/1761 901/1922/1750 551/1916/1745
f 309/1672/1527 589/1933/1761 267/1934/1762
f 267/1934/1762 589/1933/1761 551/1916/1745
f 309/1672/1527 267/1934/1762 251/1671/1526
f 267/1934/1762 551/1916/1745 204/1935/1763
f 267/1934/1762 204/1935/1763 251/1671/1526
f 204/1935/1763 551/1916/1745 428/1917/1075
f 204/1935/1763 428/1917/1075 80/1936/1207
f 204/1935/1763 80/1936/1207 40/1937/1205
f 40/1937/1205 80/1936/1207 54/1938/1204
f 251/1671/1526 204/1935/1763 115/1939/1381
f 115/1939/1381 204/1935/1763 40/1937/1205
f 115/1939/1381 40/1937/1205 2544/1940/1382
f 251/1671/1526 115/1939/1381 222/1668/1523
f 222/1668/1523 115/1939/1381 2531/1941/1368
f 222/1668/1523 2531/1941/1368 114/1942/1764
f 114/1942/1764 2531/1941/1368 109/1943/1366
f 222/1668/1523 114/1942/1764 182/1944/1765
f 114/1942/1764 109/1943/1366 132/1945/1766
f 114/1942/1764 132/1945/1766 182/1944/1765
f 222/1668/1523 182/1944/1765 191/1946/1767
f 191/1946/1767 182/1944/1765 132/1945/1766
f 222/1668/1523 191/1946/1767 219/1669/1524
f 132/1945/1766 109/1943/1366 94/1947/1370
f 132/1945/1766 94/1947/1370 191/1946/1767
f 191/1946/1767 94/1947/1370 219/1669/1524
f 94/1947/1370 109/1943/1366 2526/1948/1363
f 219/1669/1524 94/1947/1370 37/1676/1373
f 37/1676/1373 94/1947/1370 2535/1949/1369
f 501/1950/1768 593/1951/553 618/1952/552
f 593/1951/553 501/1950/1768 526/1953/564
f 526/1953/564 501/1950/1768 502/1954/1769
f 526/1953/564 502/1954/1769 573/1955/566
f 501/1950/1768 618/1952/552 566/1956/1770
f 573/1955/566 502/1954/1769 636/1957/1771
f 573/1955/566 636/1957/1771 1595/1958/570
f 502/1954/1769 501/1950/1768 490/1959/1772
f 490/1959/1772 501/1950/1768 566/1956/1770
f 636/1957/1771 502/1954/1769 524/1960/1773
f 524/1960/1773 502/1954/1769 490/1959/1772
f 1595/1958/570 636/1957/1771 1251/1961/1774
f 538/1962/1775 566/1956/1770 618/1952/552
f 538/1962/1775 618/1952/552 627/1963/547
f 490/1959/1772 566/1956/1770 588/1964/1776
f 588/1964/1776 566/1956/1770 538/1962/1775
f 538/1962/1775 627/1963/547 564/1965/1017
f 1595/1958/570 1251/1961/1774 1922/1966/571
f 518/1967/1777 524/1960/1773 490/1959/1772
f 518/1967/1777 490/1959/1772 588/1964/1776
f 518/1967/1777 588/1964/1776 549/1968/1778
f 524/1960/1773 518/1967/1777 541/1969/1779
f 549/1968/1778 588/1964/1776 624/1970/1780
f 524/1960/1773 541/1969/1779 605/1971/1781
f 524/1960/1773 605/1971/1781 636/1957/1771
f 636/1957/1771 605/1971/1781 1251/1961/1774
f 605/1971/1781 541/1969/1779 598/1972/1782
f 624/1970/1780 588/1964/1776 571/1973/1783
f 571/1973/1783 588/1964/1776 538/1962/1775
f 624/1970/1780 571/1973/1783 638/1974/1784
f 571/1973/1783 538/1962/1775 558/1975/1785
f 558/1975/1785 538/1962/1775 564/1965/1017
f 571/1973/1783 558/1975/1785 623/1976/1786
f 558/1975/1785 564/1965/1017 640/1977/1019
f 558/1975/1785 640/1977/1019 623/1976/1786
f 1071/1978/1787 605/1971/1781 598/1972/1782
f 1071/1978/1787 598/1972/1782 671/1979/1788
f 1071/1978/1787 671/1979/1788 1365/1980/1789
f 605/1971/1781 1071/1978/1787 1112/1981/1790
f 605/1971/1781 1112/1981/1790 1251/1961/1774
f 1251/1961/1774 1112/1981/1790 1351/1982/1791
f 1112/1981/1790 1071/1978/1787 1362/1983/1792
f 1112/1981/1790 1362/1983/1792 1351/1982/1791
f 1251/1961/1774 1351/1982/1791 1901/1984/1793
f 1901/1984/1793 1351/1982/1791 1362/1983/1792
f 1251/1961/1774 1901/1984/1793 1922/1966/571
f 1922/1966/571 1901/1984/1793 1915/1985/590
f 1915/1985/590 1901/1984/1793 1362/1983/1792
f 1362/1983/1792 1071/1978/1787 1438/1986/1794
f 1438/1986/1794 1071/1978/1787 1365/1980/1789
f 1362/1983/1792 1438/1986/1794 1915/1985/590
f 1438/1986/1794 1365/1980/1789 1904/1987/1795
f 1438/1986/1794 1904/1987/1795 1915/1985/590
f 1904/1987/1795 1365/1980/1789 1899/1988/1796
f 1904/1987/1795 1899/1988/1796 1910/1989/1797
f 1904/1987/1795 1910/1989/1797 1915/1985/590
f 1910/1989/1797 1899/1988/1796 1912/1990/592
f 1910/1989/1797 1912/1990/592 1915/1985/590
f 1915/1985/590 1912/1990/592 1926/1991/591
f 333/1992/1798 250/1993/1176 308/1994/1174
f 333/1992/1798 308/1994/1174 705/1995/1170
f 333/1992/1798 705/1995/1170 511/1996/1799
f 333/1992/1798 511/1996/1799 301/1997/1800
f 333/1992/1798 301/1997/1800 250/1993/1176
f 301/1997/1800 511/1996/1799 442/1998/1801
f 250/1993/1176 301/1997/1800 254/1999/1802
f 301/1997/1800 442/1998/1801 352/2000/1803
f 301/1997/1800 352/2000/1803 254/1999/1802
f 352/2000/1803 442/1998/1801 498/2001/1804
f 250/1993/1176 254/1999/1802 238/2002/1177
f 352/2000/1803 498/2001/1804 472/2003/1805
f 472/2003/1805 498/2001/1804 578/2004/1806
f 254/1999/1802 352/2000/1803 313/2005/1807
f 313/2005/1807 352/2000/1803 472/2003/1805
f 238/2002/1177 254/1999/1802 269/2006/1179
f 238/2002/1177 269/2006/1179 258/2007/1178
f 254/1999/1802 313/2005/1807 295/2008/1808
f 254/1999/1802 295/2008/1808 269/2006/1179
f 269/2006/1179 295/2008/1808 327/2009/1809
f 269/2006/1179 327/2009/1809 312/2010/1180
f 312/2010/1180 327/2009/1809 288/2011/1810
f 288/2011/1810 327/2009/1809 295/2008/1808
f 312/2010/1180 288/2011/1810 282/2012/1182
f 282/2012/1182 288/2011/1810 70/2013/1189
f 70/2013/1189 288/2011/1810 295/2008/1808
f 44/2014/1352 41/2015/1190 70/2013/1189
f 70/2013/1189 295/2008/1808 62/2016/1811
f 70/2013/1189 62/2016/1811 44/2014/1352
f 336/2017/1812 295/2008/1808 313/2005/1807
f 295/2008/1808 336/2017/1812 62/2016/1811
f 336/2017/1812 313/2005/1807 413/2018/1813
f 413/2018/1813 313/2005/1807 472/2003/1805
f 336/2017/1812 413/2018/1813 240/2019/1814
f 336/2017/1812 240/2019/1814 62/2016/1811
f 413/2018/1813 472/2003/1805 467/2020/1815
f 413/2018/1813 467/2020/1815 240/2019/1814
f 42/2021/1816 44/2014/1352 62/2016/1811
f 44/2014/1352 42/2021/1816 2452/2022/1817
f 2452/2022/1817 42/2021/1816 18/2023/1818
f 18/2023/1818 42/2021/1816 39/2024/1819
f 39/2024/1819 42/2021/1816 62/2016/1811
f 18/2023/1818 39/2024/1819 5/2025/1820
f 60/2026/1821 62/2016/1811 240/2019/1814
f 62/2016/1811 60/2026/1821 39/2024/1819
f 5/2025/1820 39/2024/1819 49/2027/1822
f 49/2027/1822 39/2024/1819 60/2026/1821
f 5/2025/1820 49/2027/1822 2462/2028/1823
f 2462/2028/1823 49/2027/1822 10/2029/1824
f 10/2029/1824 49/2027/1822 36/2030/1825
f 10/2029/1824 36/2030/1825 2455/2031/1826
f 2455/2031/1826 36/2030/1825 2/2032/1827
f 231/2033/1828 60/2026/1821 240/2019/1814
f 231/2033/1828 240/2019/1814 467/2020/1815
f 65/2034/1829 49/2027/1822 60/2026/1821
f 65/2034/1829 60/2026/1821 231/2033/1828
f 231/2033/1828 467/2020/1815 154/2035/1830
f 231/2033/1828 154/2035/1830 65/2034/1829
f 49/2027/1822 65/2034/1829 59/2036/1831
f 49/2027/1822 59/2036/1831 36/2030/1825
f 59/2036/1831 65/2034/1829 154/2035/1830
f 36/2030/1825 59/2036/1831 135/2037/1832
f 135/2037/1832 59/2036/1831 154/2035/1830
f 36/2030/1825 135/2037/1832 118/2038/1833
f 36/2030/1825 118/2038/1833 57/2039/1834
f 57/2039/1834 118/2038/1833 148/2040/1835
f 148/2040/1835 118/2038/1833 226/2041/1836
f 226/2041/1836 118/2038/1833 135/2037/1832
f 226/2041/1836 135/2037/1832 264/2042/1837
f 264/2042/1837 135/2037/1832 307/2043/1838
f 307/2043/1838 135/2037/1832 154/2035/1830
f 264/2042/1837 307/2043/1838 569/2044/1839
f 307/2043/1838 154/2035/1830 369/2045/1840
f 369/2045/1840 154/2035/1830 467/2020/1815
f 569/2044/1839 307/2043/1838 686/2046/1841
f 686/2046/1841 307/2043/1838 369/2045/1840
f 569/2044/1839 686/2046/1841 736/2047/1842
f 686/2046/1841 369/2045/1840 616/2048/1843
f 736/2047/1842 686/2046/1841 679/2049/1844
f 679/2049/1844 686/2046/1841 616/2048/1843
f 736/2047/1842 679/2049/1844 798/2050/1845
f 616/2048/1843 369/2045/1840 532/2051/1846
f 532/2051/1846 369/2045/1840 467/2020/1815
f 616/2048/1843 532/2051/1846 679/2049/1844
f 532/2051/1846 467/2020/1815 472/2003/1805
f 532/2051/1846 472/2003/1805 679/2049/1844
f 679/2049/1844 472/2003/1805 578/2004/1806
f 798/2050/1845 679/2049/1844 755/2052/1847
f 679/2049/1844 578/2004/1806 674/2053/1848
f 674/2053/1848 578/2004/1806 743/2054/1849
f 674/2053/1848 743/2054/1849 700/2055/1850
f 674/2053/1848 700/2055/1850 495/2056/1851
f 755/2052/1847 679/2049/1844 722/2057/1852
f 722/2057/1852 679/2049/1844 674/2053/1848
f 755/2052/1847 722/2057/1852 404/2058/1853
f 674/2053/1848 495/2056/1851 539/2059/1854
f 674/2053/1848 539/2059/1854 722/2057/1852
f 722/2057/1852 539/2059/1854 404/2058/1853
f 539/2059/1854 495/2056/1851 316/2060/1855
f 539/2059/1854 316/2060/1855 404/2058/1853
f 2731/2061/1301 2697/2062/1303 2724/2063/1856
f 2731/2061/1301 2724/2063/1856 2770/2064/1302
f 2770/2064/1302 2724/2063/1856 2802/2065/1857
f 2724/2063/1856 2697/2062/1303 2707/2066/1858
f 2802/2065/1857 2724/2063/1856 2785/2067/1859
f 2785/2067/1859 2724/2063/1856 2707/2066/1858
f 2802/2065/1857 2785/2067/1859 2951/2068/1860
f 2707/2066/1858 2697/2062/1303 2713/2069/1342
f 2707/2066/1858 2713/2069/1342 2782/2070/1861
f 2782/2070/1861 2713/2069/1342 2777/2071/1343
f 2782/2070/1861 2777/2071/1343 2762/2072/1347
f 2782/2070/1861 2762/2072/1347 2783/2073/1862
f 2782/2070/1861 2783/2073/1862 2707/2066/1858
f 2783/2073/1862 2762/2072/1347 2573/2074/1349
f 2788/2075/1863 2785/2067/1859 2707/2066/1858
f 2788/2075/1863 2707/2066/1858 2783/2073/1862
f 2785/2067/1859 2788/2075/1863 2916/2076/1864
f 2785/2067/1859 2916/2076/1864 2951/2068/1860
f 2788/2075/1863 2783/2073/1862 2817/2077/1865
f 2788/2075/1863 2817/2077/1865 2916/2076/1864
f 2783/2073/1862 2573/2074/1349 2540/2078/1866
f 2817/2077/1865 2783/2073/1862 2522/2079/1867
f 2522/2079/1867 2783/2073/1862 2540/2078/1866
f 2540/2078/1866 2573/2074/1349 2551/2080/1868
f 2551/2080/1868 2573/2074/1349 2487/2081/1351
f 2551/2080/1868 2487/2081/1351 44/2082/1352
f 2551/2080/1868 44/2082/1352 2452/2083/1817
f 2551/2080/1868 2452/2083/1817 2540/2078/1866
f 2540/2078/1866 2452/2083/1817 2522/2079/1867
f 2522/2079/1867 2452/2083/1817 18/2084/1818
f 2522/2079/1867 18/2084/1818 5/2085/1820
f 2708/2086/1869 2817/2077/1865 2522/2079/1867
f 2522/2079/1867 5/2085/1820 2537/2087/1870
f 2522/2079/1867 2537/2087/1870 2708/2086/1869
f 2537/2087/1870 5/2085/1820 2549/2088/1871
f 2549/2088/1871 5/2085/1820 2462/2089/1823
f 2537/2087/1870 2549/2088/1871 2586/2090/1872
f 2537/2087/1870 2586/2090/1872 2708/2086/1869
f 2817/2077/1865 2708/2086/1869 2900/2091/1873
f 2817/2077/1865 2900/2091/1873 2916/2076/1864
f 2900/2091/1873 2708/2086/1869 2942/2092/1874
f 2900/2091/1873 2942/2092/1874 2916/2076/1864
f 2708/2086/1869 2586/2090/1872 2691/2093/1875
f 2708/2086/1869 2691/2093/1875 2942/2092/1874
f 2547/2094/1876 2586/2090/1872 2549/2088/1871
f 2547/2094/1876 2549/2088/1871 2462/2089/1823
f 2547/2094/1876 2462/2089/1823 2486/2095/1877
f 2486/2095/1877 2462/2089/1823 10/2096/1824
f 2486/2095/1877 10/2096/1824 2467/2097/1878
f 2486/2095/1877 2467/2097/1878 2547/2094/1876
f 2586/2090/1872 2547/2094/1876 2555/2098/1879
f 2555/2098/1879 2547/2094/1876 2467/2097/1878
f 2586/2090/1872 2555/2098/1879 2691/2093/1875
f 2555/2098/1879 2467/2097/1878 2579/2099/1880
f 2555/2098/1879 2579/2099/1880 2691/2093/1875
f 2691/2093/1875 2579/2099/1880 2859/2100/1881
f 2977/2101/1882 2942/2092/1874 2691/2093/1875
f 2977/2101/1882 2691/2093/1875 2859/2100/1881
f 2942/2092/1874 2977/2101/1882 3048/2102/1883
f 2942/2092/1874 3048/2102/1883 2916/2076/1864
f 2977/2101/1882 2859/2100/1881 3046/2103/1884
f 2977/2101/1882 3046/2103/1884 3048/2102/1883
f 2916/2076/1864 3048/2102/1883 3010/2104/1885
f 2916/2076/1864 3010/2104/1885 2951/2068/1860
f 2951/2068/1860 3010/2104/1885 3159/2105/1886
f 3159/2105/1886 3010/2104/1885 3100/2106/1887
f 3100/2106/1887 3010/2104/1885 3048/2102/1883
f 3100/2106/1887 3048/2102/1883 3113/2107/1888
f 3113/2107/1888 3048/2102/1883 3046/2103/1884
f 2907/2108/1889 3113/2107/1888 3175/2109/1890
f 3175/2109/1890 3113/2107/1888 3128/2110/1891
f 3128/2110/1891 3113/2107/1888 3046/2103/1884
f 3175/2109/1890 3128/2110/1891 3217/2111/1892
f 3128/2110/1891 3046/2103/1884 3107/2112/1893
f 3107/2112/1893 3046/2103/1884 2859/2100/1881
f 3217/2111/1892 3128/2110/1891 3151/2113/1894
f 3151/2113/1894 3128/2110/1891 3107/2112/1893
f 3217/2111/1892 3151/2113/1894 3196/2114/1895
f 3217/2111/1892 3196/2114/1895 3236/2115/1896
f 3236/2115/1896 3196/2114/1895 2975/2116/1897
f 3196/2114/1895 3151/2113/1894 3006/2117/1898
f 3006/2117/1898 3151/2113/1894 3107/2112/1893
f 3196/2114/1895 3006/2117/1898 2975/2116/1897
f 3006/2117/1898 3107/2112/1893 2859/2100/1881
f 2975/2116/1897 3006/2117/1898 2852/2118/1899
f 2852/2118/1899 3006/2117/1898 2859/2100/1881
f 2975/2116/1897 2852/2118/1899 2812/2119/1900
f 2852/2118/1899 2859/2100/1881 2669/2120/1901
f 2669/2120/1901 2859/2100/1881 2579/2099/1880
f 2669/2120/1901 2579/2099/1880 2496/2121/1902
f 2852/2118/1899 2669/2120/1901 2622/2122/1903
f 2622/2122/1903 2669/2120/1901 2496/2121/1902
f 2852/2118/1899 2622/2122/1903 2812/2119/1900
f 2622/2122/1903 2496/2121/1902 2543/2123/1904
f 2812/2119/1900 2622/2122/1903 2663/2124/1905
f 2663/2124/1905 2622/2122/1903 2543/2123/1904
f 3218/2125/1906 2770/2126/1302 2802/2127/1857
f 2770/2126/1302 3218/2125/1906 2773/2128/1299
f 2773/2128/1299 3218/2125/1906 3379/2129/1298
f 3218/2125/1906 2802/2127/1857 3405/2130/1907
f 3379/2129/1298 3218/2125/1906 3446/2131/1908
f 3446/2131/1908 3218/2125/1906 3405/2130/1907
f 3405/2130/1907 2802/2127/1857 3340/2132/1909
f 3340/2132/1909 2802/2127/1857 2951/2133/1860
f 3446/2131/1908 3405/2130/1907 3693/2134/1910
f 3693/2134/1910 3405/2130/1907 3340/2132/1909
f 3379/2129/1298 3446/2131/1908 3636/2135/1911
f 3379/2129/1298 3636/2135/1911 3493/2136/1294
f 3493/2136/1294 3636/2135/1911 3747/2137/1295
f 3636/2135/1911 3446/2131/1908 3744/2138/1912
f 3744/2138/1912 3446/2131/1908 3693/2134/1910
f 3747/2137/1295 3636/2135/1911 3820/2139/1913
f 3820/2139/1913 3636/2135/1911 3744/2138/1912
f 3773/2140/1289 3586/2141/1288 3747/2137/1295
f 3773/2140/1289 3747/2137/1295 3925/2142/1914
f 3925/2142/1914 3747/2137/1295 3820/2139/1913
f 3773/2140/1289 3925/2142/1914 3924/2143/1286
f 3773/2140/1289 3924/2143/1286 3792/2144/1285
f 3925/2142/1914 3820/2139/1913 4024/2145/1915
f 3820/2139/1913 3744/2138/1912 3885/2146/1916
f 4024/2145/1915 3820/2139/1913 3985/2147/1917
f 3985/2147/1917 3820/2139/1913 3885/2146/1916
f 3885/2146/1916 3744/2138/1912 3858/2148/1918
f 3858/2148/1918 3744/2138/1912 3693/2134/1910
f 4024/2145/1915 3985/2147/1917 4050/2149/1919
f 4024/2145/1915 4050/2149/1919 4112/2150/1920
f 3985/2147/1917 3885/2146/1916 3988/2151/1921
f 3985/2147/1917 3988/2151/1921 4050/2149/1919
f 3988/2151/1921 3885/2146/1916 3931/2152/1922
f 3931/2152/1922 3885/2146/1916 3858/2148/1918
f 4050/2149/1919 3988/2151/1921 3977/2153/1923
f 4050/2149/1919 3977/2153/1923 4023/2154/1924
f 4023/2154/1924 3977/2153/1923 4113/2155/1925
f 4113/2155/1925 3977/2153/1923 4284/2156/1926
f 3977/2153/1923 3988/2151/1921 3938/2157/1927
f 3977/2153/1923 3938/2157/1927 4284/2156/1926
f 3938/2157/1927 3988/2151/1921 3931/2152/1922
f 4284/2156/1926 3938/2157/1927 4277/2158/1928
f 4284/2156/1926 4277/2158/1928 4324/2159/1929
f 3938/2157/1927 3931/2152/1922 3905/2160/1930
f 4277/2158/1928 3938/2157/1927 4221/2161/1931
f 4221/2161/1931 3938/2157/1927 3905/2160/1930
f 3905/2160/1930 3931/2152/1922 3887/2162/1932
f 3887/2162/1932 3931/2152/1922 3858/2148/1918
f 4221/2161/1931 3905/2160/1930 4149/2163/1933
f 4277/2158/1928 4221/2161/1931 4255/2164/1934
f 4255/2164/1934 4221/2161/1931 4149/2163/1933
f 4149/2163/1933 3905/2160/1930 3874/2165/1935
f 3874/2165/1935 3905/2160/1930 3887/2162/1932
f 4309/2166/1936 4377/2167/1937 4277/2158/1928
f 4309/2166/1936 4277/2158/1928 4255/2164/1934
f 4149/2163/1933 3874/2165/1935 3878/2168/1938
f 3878/2168/1938 3874/2165/1935 3887/2162/1932
f 4255/2164/1934 4149/2163/1933 4161/2169/1939
f 4161/2169/1939 4149/2163/1933 3878/2168/1938
f 4309/2166/1936 4255/2164/1934 4290/2170/1940
f 4309/2166/1936 4290/2170/1940 4368/2171/1941
f 4368/2171/1941 4290/2170/1940 4357/2172/1942
f 4290/2170/1940 4255/2164/1934 4234/2173/1943
f 4234/2173/1943 4255/2164/1934 4161/2169/1939
f 4357/2172/1942 4290/2170/1940 4291/2174/1944
f 4291/2174/1944 4290/2170/1940 4234/2173/1943
f 4357/2172/1942 4291/2174/1944 4354/2175/1945
f 4354/2175/1945 4291/2174/1944 4355/2176/1946
f 4355/2176/1946 4291/2174/1944 4275/2177/1947
f 4275/2177/1947 4291/2174/1944 4234/2173/1943
f 4275/2177/1947 4234/2173/1943 4237/2178/1948
f 4275/2177/1947 4237/2178/1948 4350/2179/1949
f 4124/2180/1950 4234/2173/1943 4161/2169/1939
f 4234/2173/1943 4124/2180/1950 4237/2178/1948
f 4252/2181/1951 4237/2178/1948 4154/2182/1952
f 4154/2182/1952 4237/2178/1948 4124/2180/1950
f 4124/2180/1950 4161/2169/1939 3886/2183/1953
f 3886/2183/1953 4161/2169/1939 3878/2168/1938
f 4124/2180/1950 3886/2183/1953 3903/2184/1954
f 3886/2183/1953 3878/2168/1938 3895/2185/1955
f 3903/2184/1954 3886/2183/1953 3918/2186/1956
f 3918/2186/1956 3886/2183/1953 3895/2185/1955
f 3895/2185/1955 3878/2168/1938 3887/2162/1932
f 4124/2180/1950 3903/2184/1954 3913/2187/1957
f 4124/2180/1950 3913/2187/1957 4154/2182/1952
f 3913/2187/1957 3903/2184/1954 3918/2186/1956
f 4154/2182/1952 3913/2187/1957 3914/2188/1958
f 4154/2182/1952 3914/2188/1958 4191/2189/1959
f 3914/2188/1958 3913/2187/1957 3915/2190/1960
f 3915/2190/1960 3913/2187/1957 3918/2186/1956
f 3914/2188/1958 3915/2190/1960 3910/2191/1961
f 3910/2191/1961 3915/2190/1960 3839/2192/1962
f 3915/2190/1960 3918/2186/1956 3819/2193/1963
f 3915/2190/1960 3819/2193/1963 3839/2192/1962
f 3819/2193/1963 3918/2186/1956 3824/2194/1964
f 3824/2194/1964 3918/2186/1956 3895/2185/1955
f 3839/2192/1962 3819/2193/1963 3780/2195/1965
f 3819/2193/1963 3824/2194/1964 3582/2196/1966
f 3819/2193/1963 3582/2196/1966 3780/2195/1965
f 3824/2194/1964 3895/2185/1955 3807/2197/1967
f 3839/2192/1962 3780/2195/1965 3571/2198/1968
f 3571/2198/1968 3780/2195/1965 3582/2196/1966
f 3839/2192/1962 3571/2198/1968 3600/2199/1969
f 3839/2192/1962 3600/2199/1969 3427/2200/1970
f 3600/2199/1969 3571/2198/1968 3394/2201/1971
f 3394/2201/1971 3571/2198/1968 3582/2196/1966
f 3394/2201/1971 3582/2196/1966 3392/2202/1972
f 3595/2203/1973 3582/2196/1966 3824/2194/1964
f 3582/2196/1966 3595/2203/1973 3392/2202/1972
f 3595/2203/1973 3824/2194/1964 3807/2197/1967
f 3325/2204/1974 3317/2205/1975 3392/2202/1972
f 3392/2202/1972 3595/2203/1973 3361/2206/1976
f 3392/2202/1972 3361/2206/1976 3325/2204/1974
f 3361/2206/1976 3595/2203/1973 3605/2207/1977
f 3605/2207/1977 3595/2203/1973 3807/2197/1967
f 3325/2204/1974 3361/2206/1976 3320/2208/1978
f 3605/2207/1977 3807/2197/1967 3655/2209/1979
f 3325/2204/1974 3320/2208/1978 3102/2210/1980
f 3361/2206/1976 3605/2207/1977 3297/2211/1981
f 3361/2206/1976 3297/2211/1981 3320/2208/1978
f 3605/2207/1977 3655/2209/1979 3649/2212/1982
f 3649/2212/1982 3655/2209/1979 3807/2197/1967
f 3605/2207/1977 3649/2212/1982 3297/2211/1981
f 3102/2210/1980 3320/2208/1978 3167/2213/1983
f 3102/2210/1980 3167/2213/1983 2928/2214/1984
f 3102/2210/1980 2928/2214/1984 2929/2215/1985
f 3167/2213/1983 3320/2208/1978 3269/2216/1986
f 3269/2216/1986 3320/2208/1978 3297/2211/1981
f 3167/2213/1983 3269/2216/1986 3198/2217/1987
f 3167/2213/1983 3198/2217/1987 2928/2214/1984
f 3269/2216/1986 3297/2211/1981 3263/2218/1988
f 3263/2218/1988 3297/2211/1981 3314/2219/1989
f 3314/2219/1989 3297/2211/1981 3649/2212/1982
f 3269/2216/1986 3263/2218/1988 3210/2220/1990
f 3269/2216/1986 3210/2220/1990 3198/2217/1987
f 3210/2220/1990 3263/2218/1988 3314/2219/1989
f 2928/2214/1984 3198/2217/1987 2947/2221/1991
f 2947/2221/1991 3198/2217/1987 3149/2222/1992
f 2928/2214/1984 2947/2221/1991 2844/2223/1993
f 3149/2222/1992 3198/2217/1987 3159/2224/1886
f 3159/2224/1886 3198/2217/1987 3210/2220/1990
f 3159/2224/1886 3210/2220/1990 3314/2219/1989
f 2928/2214/1984 2844/2223/1993 2753/2225/1994
f 2928/2214/1984 2753/2225/1994 2929/2215/1985
f 2753/2225/1994 2844/2223/1993 2685/2226/1995
f 2929/2215/1985 2753/2225/1994 2736/2227/1996
f 2753/2225/1994 2685/2226/1995 2640/2228/1997
f 2753/2225/1994 2640/2228/1997 2736/2227/1996
f 3159/2224/1886 3314/2219/1989 3421/2229/1998
f 3159/2224/1886 3421/2229/1998 2951/2133/1860
f 2951/2133/1860 3421/2229/1998 3340/2132/1909
f 3421/2229/1998 3314/2219/1989 3590/2230/1999
f 3590/2230/1999 3314/2219/1989 3649/2212/1982
f 3340/2132/1909 3421/2229/1998 3690/2231/2000
f 3690/2231/2000 3421/2229/1998 3590/2230/1999
f 3340/2132/1909 3690/2231/2000 3693/2134/1910
f 3693/2134/1910 3690/2231/2000 3858/2148/1918
f 3690/2231/2000 3590/2230/1999 3817/2232/2001
f 3690/2231/2000 3817/2232/2001 3858/2148/1918
f 3817/2232/2001 3590/2230/1999 3649/2212/1982
f 3858/2148/1918 3817/2232/2001 3887/2162/1932
f 3817/2232/2001 3649/2212/1982 3829/2233/2002
f 3817/2232/2001 3829/2233/2002 3887/2162/1932
f 3829/2233/2002 3649/2212/1982 3807/2197/1967
f 3887/2162/1932 3829/2233/2002 3895/2185/1955
f 3895/2185/1955 3829/2233/2002 3807/2197/1967
f 44/2234/1352 2509/2235/1350 41/2236/1190
f 928/2237/2003 511/2238/1799 705/2239/1170
f 928/2237/2003 705/2239/1170 975/2240/1169
f 511/2238/1799 928/2237/2003 875/2241/2004
f 511/2238/1799 875/2241/2004 442/2242/1801
f 928/2237/2003 975/2240/1169 1188/2243/2005
f 1188/2243/2005 975/2240/1169 1065/2244/1166
f 875/2241/2004 928/2237/2003 1280/2245/2006
f 1280/2245/2006 928/2237/2003 1188/2243/2005
f 442/2242/1801 875/2241/2004 925/2246/2007
f 925/2246/2007 875/2241/2004 1280/2245/2006
f 1188/2243/2005 1065/2244/1166 1177/2247/1167
f 442/2242/1801 925/2246/2007 498/2248/1804
f 1188/2243/2005 1177/2247/1167 1376/2249/2008
f 1376/2249/2008 1177/2247/1167 1268/2250/1164
f 1280/2245/2006 1188/2243/2005 1335/2251/2009
f 1335/2251/2009 1188/2243/2005 1376/2249/2008
f 1280/2245/2006 1335/2251/2009 1485/2252/2010
f 1485/2252/2010 1335/2251/2009 1376/2249/2008
f 498/2248/1804 925/2246/2007 890/2253/2011
f 498/2248/1804 890/2253/2011 578/2254/1806
f 578/2254/1806 890/2253/2011 743/2255/1849
f 1376/2249/2008 1268/2250/1164 1501/2256/2012
f 1501/2256/2012 1268/2250/1164 1477/2257/1165
f 1501/2256/2012 1477/2257/1165 1593/2258/2013
f 1593/2258/2013 1477/2257/1165 1445/2259/1163
f 1501/2256/2012 1593/2258/2013 1678/2260/2014
f 1376/2249/2008 1501/2256/2012 1551/2261/2015
f 1551/2261/2015 1501/2256/2012 1678/2260/2014
f 1376/2249/2008 1551/2261/2015 1485/2252/2010
f 1551/2261/2015 1678/2260/2014 1637/2262/2016
f 1637/2262/2016 1678/2260/2014 1721/2263/2017
f 1485/2252/2010 1551/2261/2015 1587/2264/2018
f 1587/2264/2018 1551/2261/2015 1637/2262/2016
f 1485/2252/2010 1587/2264/2018 1519/2265/2019
f 1623/2266/2020 1594/2267/2021 1637/2262/2016
f 1637/2262/2016 1594/2267/2021 1560/2268/2022
f 1637/2262/2016 1560/2268/2022 1587/2264/2018
f 1560/2268/2022 1594/2267/2021 1863/2269/2023
f 1587/2264/2018 1560/2268/2022 1538/2270/2024
f 1587/2264/2018 1538/2270/2024 1519/2265/2019
f 1560/2268/2022 1863/2269/2023 1819/2271/2025
f 1560/2268/2022 1819/2271/2025 1538/2270/2024
f 1819/2271/2025 1863/2269/2023 1852/2272/2026
f 1852/2272/2026 1863/2269/2023 1894/2273/2027
f 1852/2272/2026 1894/2273/2027 1881/2274/2028
f 1538/2270/2024 1819/2271/2025 1516/2275/2029
f 1538/2270/2024 1516/2275/2029 1519/2265/2019
f 1516/2275/2029 1819/2271/2025 1647/2276/2030
f 1647/2276/2030 1819/2271/2025 1798/2277/2031
f 1647/2276/2030 1798/2277/2031 1516/2275/2029
f 1798/2277/2031 1819/2271/2025 1852/2272/2026
f 1852/2272/2026 1881/2274/2028 1839/2278/2032
f 1852/2272/2026 1839/2278/2032 1798/2277/2031
f 1839/2278/2032 1881/2274/2028 1867/2279/2033
f 1867/2279/2033 1881/2274/2028 1971/2280/2034
f 1867/2279/2033 1971/2280/2034 1939/2281/2035
f 1867/2279/2033 1939/2281/2035 1936/2282/2036
f 1478/2283/2037 1516/2275/2029 1798/2277/2031
f 1516/2275/2029 1478/2283/2037 1519/2265/2019
f 1798/2277/2031 1839/2278/2032 1750/2284/2038
f 1798/2277/2031 1750/2284/2038 1478/2283/2037
f 1820/2285/2039 1839/2278/2032 1867/2279/2033
f 1820/2285/2039 1867/2279/2033 1936/2282/2036
f 1839/2278/2032 1820/2285/2039 1750/2284/2038
f 1820/2285/2039 1936/2282/2036 1830/2286/2040
f 1830/2286/2040 1936/2282/2036 1924/2287/2041
f 1820/2285/2039 1830/2286/2040 1804/2288/2042
f 1820/2285/2039 1804/2288/2042 1750/2284/2038
f 1830/2286/2040 1924/2287/2041 1805/2289/2043
f 1830/2286/2040 1805/2289/2043 1804/2288/2042
f 1805/2289/2043 1924/2287/2041 1934/2290/2044
f 1805/2289/2043 1934/2290/2044 1845/2291/2045
f 1750/2284/2038 1804/2288/2042 1697/2292/2046
f 1804/2288/2042 1805/2289/2043 1679/2293/2047
f 1804/2288/2042 1679/2293/2047 1697/2292/2046
f 1805/2289/2043 1845/2291/2045 1799/2294/2048
f 1799/2294/2048 1845/2291/2045 1811/2295/2049
f 1805/2289/2043 1799/2294/2048 1679/2293/2047
f 1750/2284/2038 1697/2292/2046 1462/2296/2050
f 1462/2296/2050 1697/2292/2046 1679/2293/2047
f 1679/2293/2047 1799/2294/2048 1727/2297/2051
f 1727/2297/2051 1799/2294/2048 1745/2298/2052
f 1679/2293/2047 1727/2297/2051 1486/2299/2053
f 1679/2293/2047 1486/2299/2053 1462/2296/2050
f 1727/2297/2051 1745/2298/2052 1498/2300/2054
f 1498/2300/2054 1745/2298/2052 1489/2301/2055
f 1486/2299/2053 1727/2297/2051 1493/2302/2056
f 1493/2302/2056 1727/2297/2051 1498/2300/2054
f 1498/2300/2054 1489/2301/2055 1494/2303/2057
f 1498/2300/2054 1494/2303/2057 1493/2302/2056
f 1494/2303/2057 1489/2301/2055 1467/2304/2058
f 1486/2299/2053 1493/2302/2056 1480/2305/2059
f 1480/2305/2059 1493/2302/2056 1494/2303/2057
f 1486/2299/2053 1480/2305/2059 1462/2296/2050
f 1494/2303/2057 1467/2304/2058 1455/2306/2060
f 1455/2306/2060 1467/2304/2058 1407/2307/2061
f 1494/2303/2057 1455/2306/2060 1403/2308/2062
f 1494/2303/2057 1403/2308/2062 1480/2305/2059
f 1455/2306/2060 1407/2307/2061 1392/2309/2063
f 1455/2306/2060 1392/2309/2063 1403/2308/2062
f 1404/2310/2064 1033/2311/2065 1407/2307/2061
f 1407/2307/2061 1033/2311/2065 1069/2312/2066
f 1392/2309/2063 1407/2307/2061 1282/2313/2067
f 1282/2313/2067 1407/2307/2061 1069/2312/2066
f 1392/2309/2063 1282/2313/2067 1403/2308/2062
f 1282/2313/2067 1069/2312/2066 1086/2314/2068
f 1282/2313/2067 1086/2314/2068 1092/2315/2069
f 1282/2313/2067 1092/2315/2069 1403/2308/2062
f 1403/2308/2062 1092/2315/2069 1128/2316/2070
f 1128/2316/2070 1092/2315/2069 960/2317/2071
f 960/2317/2071 1092/2315/2069 963/2318/2072
f 1403/2308/2062 1128/2316/2070 1400/2319/2073
f 1403/2308/2062 1400/2319/2073 1480/2305/2059
f 1128/2316/2070 960/2317/2071 1166/2320/2074
f 1128/2316/2070 1166/2320/2074 1400/2319/2073
f 1480/2305/2059 1400/2319/2073 1408/2321/2075
f 1408/2321/2075 1400/2319/2073 1166/2320/2074
f 1480/2305/2059 1408/2321/2075 1479/2322/2076
f 1480/2305/2059 1479/2322/2076 1462/2296/2050
f 1462/2296/2050 1479/2322/2076 1450/2323/2077
f 1462/2296/2050 1450/2323/2077 1750/2284/2038
f 1750/2284/2038 1450/2323/2077 1478/2283/2037
f 1478/2283/2037 1450/2323/2077 1483/2324/2078
f 1483/2324/2078 1450/2323/2077 1479/2322/2076
f 1478/2283/2037 1483/2324/2078 1519/2265/2019
f 1483/2324/2078 1479/2322/2076 1418/2325/2079
f 1418/2325/2079 1479/2322/2076 1408/2321/2075
f 1519/2265/2019 1483/2324/2078 1427/2326/2080
f 1519/2265/2019 1427/2326/2080 1485/2252/2010
f 1485/2252/2010 1427/2326/2080 1280/2245/2006
f 1427/2326/2080 1483/2324/2078 1419/2327/2081
f 1419/2327/2081 1483/2324/2078 1418/2325/2079
f 1280/2245/2006 1427/2326/2080 1389/2328/2082
f 1389/2328/2082 1427/2326/2080 1419/2327/2081
f 1280/2245/2006 1389/2328/2082 925/2246/2007
f 1419/2327/2081 1418/2325/2079 1233/2329/2083
f 1419/2327/2081 1233/2329/2083 1389/2328/2082
f 1389/2328/2082 1233/2329/2083 925/2246/2007
f 1233/2329/2083 1418/2325/2079 1408/2321/2075
f 925/2246/2007 1233/2329/2083 890/2253/2011
f 1233/2329/2083 1408/2321/2075 1195/2330/2084
f 1233/2329/2083 1195/2330/2084 890/2253/2011
f 1195/2330/2084 1408/2321/2075 1219/2331/2085
f 890/2253/2011 1195/2330/2084 949/2332/2086
f 1219/2331/2085 1408/2321/2075 1166/2320/2074
f 1195/2330/2084 1219/2331/2085 1186/2333/2087
f 1195/2330/2084 1186/2333/2087 949/2332/2086
f 1186/2333/2087 1219/2331/2085 1200/2334/2088
f 1186/2333/2087 1200/2334/2088 1156/2335/2089
f 1156/2335/2089 1200/2334/2088 1219/2331/2085
f 1156/2335/2089 1219/2331/2085 1166/2320/2074
f 1186/2333/2087 1156/2335/2089 949/2332/2086
f 801/2336/2090 890/2253/2011 949/2332/2086
f 890/2253/2011 801/2336/2090 743/2255/1849
f 949/2332/2086 1156/2335/2089 885/2337/2091
f 1156/2335/2089 1166/2320/2074 911/2338/2092
f 1156/2335/2089 911/2338/2092 885/2337/2091
f 911/2338/2092 1166/2320/2074 945/2339/2093
f 945/2339/2093 1166/2320/2074 960/2317/2071
f 945/2339/2093 960/2317/2071 874/2340/2094
f 945/2339/2093 874/2340/2094 900/2341/2095
f 945/2339/2093 900/2341/2095 911/2338/2092
f 911/2338/2092 900/2341/2095 884/2342/2096
f 911/2338/2092 884/2342/2096 885/2337/2091
f 884/2342/2096 900/2341/2095 790/2343/2097
f 884/2342/2096 790/2343/2097 807/2344/2098
f 884/2342/2096 807/2344/2098 756/2345/2099
f 838/2346/2100 949/2332/2086 885/2337/2091
f 838/2346/2100 885/2337/2091 884/2342/2096
f 949/2332/2086 838/2346/2100 801/2336/2090
f 838/2346/2100 884/2342/2096 816/2347/2101
f 838/2346/2100 816/2347/2101 801/2336/2090
f 816/2347/2101 884/2342/2096 756/2345/2099
f 816/2347/2101 756/2345/2099 708/2348/2102
f 708/2348/2102 756/2345/2099 458/2349/2103
f 708/2348/2102 458/2349/2103 414/2350/2104
f 708/2348/2102 414/2350/2104 504/2351/2105
f 801/2336/2090 816/2347/2101 766/2352/2106
f 766/2352/2106 816/2347/2101 708/2348/2102
f 801/2336/2090 766/2352/2106 743/2255/1849
f 743/2255/1849 766/2352/2106 700/2353/1850
f 766/2352/2106 708/2348/2102 703/2354/2107
f 766/2352/2106 703/2354/2107 700/2353/1850
f 703/2354/2107 708/2348/2102 504/2351/2105
f 700/2353/1850 703/2354/2107 495/2355/1851
f 495/2355/1851 703/2354/2107 504/2351/2105
f 259/2356/2108 218/856/808 67/864/815
f 259/2356/2108 67/864/815 168/2357/2109
f 168/2357/2109 67/864/815 2493/2358/887
f 218/856/808 259/2356/2108 617/2359/2110
f 168/2357/2109 2493/2358/887 38/2360/893
f 218/856/808 617/2359/2110 672/862/813
f 168/2357/2109 38/2360/893 289/2361/2111
f 289/2361/2111 38/2360/893 33/2362/894
f 259/2356/2108 168/2357/2109 652/2363/2112
f 259/2356/2108 652/2363/2112 617/2359/2110
f 163/2364/2113 33/2362/894 2600/2365/2114
f 33/2362/894 163/2364/2113 289/2361/2111
f 289/2361/2111 163/2364/2113 376/2366/2115
f 168/2357/2109 289/2361/2111 476/2367/2116
f 168/2357/2109 476/2367/2116 652/2363/2112
f 289/2361/2111 376/2366/2115 508/2368/2117
f 289/2361/2111 508/2368/2117 476/2367/2116
f 508/2368/2117 376/2366/2115 823/2369/2118
f 476/2367/2116 508/2368/2117 797/2370/2119
f 797/2370/2119 508/2368/2117 823/2369/2118
f 476/2367/2116 797/2370/2119 652/2363/2112
f 797/2370/2119 823/2369/2118 922/2371/2120
f 797/2370/2119 922/2371/2120 652/2363/2112
f 922/2371/2120 823/2369/2118 956/2372/2121
f 922/2371/2120 956/2372/2121 1018/2373/2122
f 652/2363/2112 922/2371/2120 843/2374/2123
f 652/2363/2112 843/2374/2123 617/2359/2110
f 922/2371/2120 1018/2373/2122 979/2375/2124
f 922/2371/2120 979/2375/2124 843/2374/2123
f 979/2375/2124 1018/2373/2122 1076/2376/2125
f 843/2374/2123 979/2375/2124 951/2377/2126
f 951/2377/2126 979/2375/2124 1076/2376/2125
f 617/2359/2110 843/2374/2123 781/2378/2127
f 781/2378/2127 843/2374/2123 951/2377/2126
f 617/2359/2110 781/2378/2127 672/862/813
f 672/862/813 781/2378/2127 770/866/817
f 770/866/817 781/2378/2127 951/2377/2126
f 951/2377/2126 1076/2376/2125 1044/2379/2128
f 1044/2379/2128 1076/2376/2125 1072/2380/2129
f 770/866/817 951/2377/2126 934/2381/2130
f 934/2381/2130 951/2377/2126 1044/2379/2128
f 934/2381/2130 1044/2379/2128 1072/2380/2129
f 770/866/817 934/2381/2130 870/869/820
f 934/2381/2130 1072/2380/2129 977/2382/160
f 934/2381/2130 977/2382/160 870/869/820
f 977/2382/160 1072/2380/2129 1054/2383/156
f 977/2382/160 1054/2383/156 996/2384/157
f 870/869/820 977/2382/160 867/871/183
f 867/871/183 977/2382/160 869/2385/159
f 495/2386/1851 504/2387/2105 268/2388/2131
f 268/2388/2131 504/2387/2105 414/2389/2104
f 495/2386/1851 268/2388/2131 316/2390/1855
f 268/2388/2131 414/2389/2104 236/2391/2132
f 236/2391/2132 414/2389/2104 458/2392/2103
f 316/2390/1855 268/2388/2131 209/2393/2133
f 209/2393/2133 268/2388/2131 236/2391/2132
f 236/2391/2132 458/2392/2103 311/2394/2134
f 209/2393/2133 236/2391/2132 148/2395/1835
f 311/2394/2134 458/2392/2103 563/2396/2135
f 311/2394/2134 563/2396/2135 438/2397/2136
f 563/2396/2135 458/2392/2103 756/2398/2099
f 563/2396/2135 756/2398/2099 807/2399/2098
f 563/2396/2135 807/2399/2098 594/2400/2137
f 209/2393/2133 148/2395/1835 184/2401/2138
f 184/2401/2138 148/2395/1835 226/2402/1836
f 209/2393/2133 184/2401/2138 284/2403/2139
f 284/2403/2139 184/2401/2138 226/2402/1836
f 209/2393/2133 284/2403/2139 316/2390/1855
f 316/2390/1855 284/2403/2139 404/2404/1853
f 284/2403/2139 226/2402/1836 321/2405/2140
f 321/2405/2140 226/2402/1836 264/2406/1837
f 404/2404/1853 284/2403/2139 390/2407/2141
f 390/2407/2141 284/2403/2139 321/2405/2140
f 321/2405/2140 264/2406/1837 434/2408/2142
f 434/2408/2142 264/2406/1837 569/2409/1839
f 390/2407/2141 321/2405/2140 456/2410/2143
f 456/2410/2143 321/2405/2140 434/2408/2142
f 404/2404/1853 390/2407/2141 469/2411/2144
f 469/2411/2144 390/2407/2141 456/2410/2143
f 404/2404/1853 469/2411/2144 676/2412/2145
f 404/2404/1853 676/2412/2145 755/2413/1847
f 755/2413/1847 676/2412/2145 798/2414/1845
f 434/2408/2142 569/2409/1839 635/2415/2146
f 434/2408/2142 635/2415/2146 456/2410/2143
f 469/2411/2144 456/2410/2143 561/2416/2147
f 469/2411/2144 561/2416/2147 676/2412/2145
f 561/2416/2147 456/2410/2143 635/2415/2146
f 798/2414/1845 676/2412/2145 811/2417/2148
f 811/2417/2148 676/2412/2145 561/2416/2147
f 561/2416/2147 635/2415/2146 658/2418/2149
f 561/2416/2147 658/2418/2149 811/2417/2148
f 811/2417/2148 658/2418/2149 635/2415/2146
f 786/2419/2150 635/2415/2146 569/2409/1839
f 635/2415/2146 786/2419/2150 811/2417/2148
f 811/2417/2148 786/2419/2150 798/2414/1845
f 786/2419/2150 569/2409/1839 736/2420/1842
f 786/2419/2150 736/2420/1842 798/2414/1845
f 2947/2421/1991 2703/2422/2151 2844/2423/1993
f 2844/2423/1993 2703/2422/2151 2685/2424/1995
f 2703/2422/2151 2947/2421/1991 2978/2425/2152
f 2978/2425/2152 2947/2421/1991 3149/2426/1992
f 2685/2424/1995 2703/2422/2151 2607/2427/2153
f 2978/2425/2152 3149/2426/1992 3093/2428/2154
f 3093/2428/2154 3149/2426/1992 3159/2429/1886
f 3093/2428/2154 3159/2429/1886 3100/2430/1887
f 2685/2424/1995 2607/2427/2153 2640/2431/1997
f 3093/2428/2154 3100/2430/1887 2901/2432/2155
f 3093/2428/2154 2901/2432/2155 2978/2425/2152
f 2901/2432/2155 3100/2430/1887 2907/2433/1889
f 2907/2433/1889 3100/2430/1887 3113/2434/1888
f 2978/2425/2152 2901/2432/2155 2784/2435/2156
f 2978/2425/2152 2784/2435/2156 2703/2422/2151
f 2784/2435/2156 2901/2432/2155 2700/2436/2157
f 2700/2436/2157 2901/2432/2155 2907/2433/1889
f 2703/2422/2151 2784/2435/2156 2649/2437/2158
f 2649/2437/2158 2784/2435/2156 2700/2436/2157
f 2703/2422/2151 2649/2437/2158 2607/2427/2153
f 2700/2436/2157 2907/2433/1889 2744/2438/2159
f 2649/2437/2158 2700/2436/2157 2680/2439/2160
f 2680/2439/2160 2700/2436/2157 2744/2438/2159
f 2649/2437/2158 2680/2439/2160 2543/2440/1904
f 2649/2437/2158 2543/2440/1904 2607/2427/2153
f 2543/2440/1904 2680/2439/2160 2663/2441/1905
f 2663/2441/1905 2680/2439/2160 2759/2442/2161
f 2759/2442/2161 2680/2439/2160 2744/2438/2159
f 2663/2441/1905 2759/2442/2161 2812/2443/1900
f 2836/2444/2162 2744/2438/2159 2907/2433/1889
f 2744/2438/2159 2836/2444/2162 2759/2442/2161
f 2607/2427/2153 2543/2440/1904 2521/2445/2163
f 2521/2445/2163 2543/2440/1904 2496/2446/1902
f 2607/2427/2153 2521/2445/2163 2501/2447/2164
f 2607/2427/2153 2501/2447/2164 2640/2431/1997
f 2521/2445/2163 2496/2446/1902 2455/2448/1826
f 2521/2445/2163 2455/2448/1826 2501/2447/2164
f 2455/2448/1826 2496/2446/1902 2467/2449/1878
f 2467/2449/1878 2496/2446/1902 2579/2450/1880
f 2455/2448/1826 2467/2449/1878 10/2451/1824
f 2501/2447/2164 2455/2448/1826 2/2452/1827
f 2640/2431/1997 2501/2447/2164 2617/2453/2165
f 2640/2431/1997 2617/2453/2165 2736/2454/1996
f 2501/2447/2164 2/2452/1827 2512/2455/2166
f 2501/2447/2164 2512/2455/2166 2617/2453/2165
f 2736/2454/1996 2617/2453/2165 2624/2456/2167
f 2624/2456/2167 2617/2453/2165 2512/2455/2166
f 2736/2454/1996 2624/2456/2167 2766/2457/2168
f 2736/2454/1996 2766/2457/2168 2820/2458/2169
f 2766/2457/2168 2624/2456/2167 2658/2459/2170
f 2658/2459/2170 2624/2456/2167 2512/2455/2166
f 2839/2460/2171 2918/2461/2172 2766/2457/2168
f 2839/2460/2171 2766/2457/2168 2765/2462/2173
f 2839/2460/2171 2765/2462/2173 2687/2463/2174
f 2765/2462/2173 2766/2457/2168 2716/2464/2175
f 2765/2462/2173 2716/2464/2175 2687/2463/2174
f 2716/2464/2175 2766/2457/2168 2658/2459/2170
f 2687/2463/2174 2716/2464/2175 2553/2465/2176
f 2716/2464/2175 2658/2459/2170 2672/2466/2177
f 2716/2464/2175 2672/2466/2177 2553/2465/2176
f 2553/2465/2176 2672/2466/2177 2477/2467/2178
f 2553/2465/2176 2477/2467/2178 112/2468/2179
f 2672/2466/2177 2658/2459/2170 2614/2469/2180
f 2672/2466/2177 2614/2469/2180 2477/2467/2178
f 2614/2469/2180 2658/2459/2170 2512/2455/2166
f 2477/2467/2178 2614/2469/2180 2448/2470/2181
f 2448/2470/2181 2614/2469/2180 2575/2471/2182
f 2575/2471/2182 2614/2469/2180 2512/2455/2166
f 2448/2470/2181 2575/2471/2182 2528/2472/2183
f 2528/2472/2183 2575/2471/2182 2512/2455/2166
f 2528/2472/2183 2512/2455/2166 2459/2473/2184
f 2459/2473/2184 2512/2455/2166 2/2452/1827
f 2459/2473/2184 2/2452/1827 6/2474/2185
f 2459/2473/2184 6/2474/2185 2450/2475/2186
f 2528/2472/2183 2459/2473/2184 2495/2476/2187
f 2495/2476/2187 2459/2473/2184 2450/2475/2186
f 2528/2472/2183 2495/2476/2187 50/2477/2188
f 50/2477/2188 2495/2476/2187 2450/2475/2186
f 236/2478/2132 158/2479/2189 146/2480/2190
f 236/2478/2132 146/2480/2190 148/2481/1835
f 148/2481/1835 146/2480/2190 84/2482/2191
f 84/2482/2191 146/2480/2190 158/2479/2189
f 148/2481/1835 84/2482/2191 57/2483/1834
f 57/2483/1834 84/2482/2191 2/2484/1827
f 57/2483/1834 2/2484/1827 36/2485/1825
f 2/2484/1827 84/2482/2191 31/2486/2192
f 210/2487/2193 158/2479/2189 236/2478/2132
f 210/2487/2193 236/2478/2132 311/2488/2134
f 84/2482/2191 158/2479/2189 106/2489/2194
f 84/2482/2191 106/2489/2194 31/2486/2192
f 2/2484/1827 31/2486/2192 6/2490/2185
f 31/2486/2192 106/2489/2194 125/2491/2195
f 106/2489/2194 158/2479/2189 217/2492/2196
f 106/2489/2194 217/2492/2196 125/2491/2195
f 246/2493/2197 158/2479/2189 210/2487/2193
f 246/2493/2197 210/2487/2193 311/2488/2134
f 158/2479/2189 246/2493/2197 217/2492/2196
f 246/2493/2197 311/2488/2134 330/2494/2198
f 330/2494/2198 311/2488/2134 438/2495/2136
f 246/2493/2197 330/2494/2198 304/2496/2199
f 246/2493/2197 304/2496/2199 217/2492/2196
f 217/2492/2196 304/2496/2199 285/2497/2200
f 180/2498/2201 125/2491/2195 217/2492/2196
f 125/2491/2195 180/2498/2201 31/2486/2192
f 180/2498/2201 217/2492/2196 285/2497/2200
f 31/2486/2192 180/2498/2201 6/2490/2185
f 420/2499/2202 329/2500/2203 285/2497/2200
f 50/2501/2188 2450/2502/2186 6/2490/2185
f 50/2501/2188 6/2490/2185 120/2503/2204
f 120/2503/2204 6/2490/2185 180/2498/2201
f 50/2501/2188 120/2503/2204 95/2504/2205
f 50/2501/2188 95/2504/2205 2528/2505/2183
f 95/2504/2205 120/2503/2204 157/2506/2206
f 95/2504/2205 157/2506/2206 2528/2505/2183
f 157/2506/2206 120/2503/2204 180/2498/2201
f 2528/2505/2183 157/2506/2206 2448/2507/2181
f 157/2506/2206 180/2498/2201 185/2508/2207
f 157/2506/2206 185/2508/2207 2448/2507/2181
f 185/2508/2207 180/2498/2201 233/2509/2208
f 233/2509/2208 180/2498/2201 285/2497/2200
f 2448/2507/2181 185/2508/2207 172/2510/2209
f 172/2510/2209 185/2508/2207 233/2509/2208
f 2448/2507/2181 172/2510/2209 2477/2511/2178
f 2477/2511/2178 172/2510/2209 112/2512/2179
f 112/2512/2179 172/2510/2209 227/2513/2210
f 233/2509/2208 285/2497/2200 283/2514/2211
f 233/2509/2208 283/2514/2211 172/2510/2209
f 172/2510/2209 283/2514/2211 227/2513/2210
f 283/2514/2211 285/2497/2200 329/2500/2203
f 283/2514/2211 329/2500/2203 227/2513/2210
f 227/2513/2210 329/2500/2203 397/2515/2212
f 4675/2516/2213 4680/2517/2214 4686/2518/2215
f 4680/2517/2214 4675/2516/2213 4643/2519/2216
f 4675/2516/2213 4686/2518/2215 4677/2520/2217
f 4686/2518/2215 4680/2517/2214 4684/2521/2218
f 4675/2516/2213 4677/2520/2217 4642/2522/2219
f 4675/2516/2213 4642/2522/2219 4643/2519/2216
f 4642/2522/2219 4677/2520/2217 4649/2523/2220
f 4642/2522/2219 4649/2523/2220 4635/2524/2221
f 4642/2522/2219 4635/2524/2221 4643/2519/2216
f 4649/2523/2220 4677/2520/2217 4679/2525/2222
f 4643/2519/2216 4635/2524/2221 4627/2526/2223
f 4679/2525/2222 4677/2520/2217 4695/2527/2224
f 4695/2527/2224 4677/2520/2217 4686/2518/2215
f 4679/2525/2222 4695/2527/2224 4688/2528/2225
f 4688/2528/2225 4695/2527/2224 4690/2529/2226
f 4690/2529/2226 4695/2527/2224 4696/2530/2227
f 4695/2527/2224 4686/2518/2215 4699/2531/2228
f 4695/2527/2224 4699/2531/2228 4696/2530/2227
f 4699/2531/2228 4686/2518/2215 4684/2521/2218
f 4696/2530/2227 4699/2531/2228 4689/2532/2229
f 4689/2532/2229 4699/2531/2228 4684/2521/2218
f 4696/2530/2227 4689/2532/2229 4673/2533/2230
f 4673/2533/2230 4689/2532/2229 4661/2534/2231
f 4661/2534/2231 4689/2532/2229 4684/2521/2218
f 4673/2533/2230 4661/2534/2231 4659/2535/2232
f 4659/2535/2232 4661/2534/2231 4652/2536/2233
f 4659/2535/2232 4652/2536/2233 4658/2537/2234
f 4658/2537/2234 4652/2536/2233 4645/2538/2235
f 4652/2536/2233 4661/2534/2231 4646/2539/2236
f 4652/2536/2233 4646/2539/2236 4645/2538/2235
f 4661/2534/2231 4684/2521/2218 4660/2540/2237
f 4661/2534/2231 4660/2540/2237 4646/2539/2236
f 4660/2540/2237 4684/2521/2218 4680/2517/2214
f 4660/2540/2237 4680/2517/2214 4643/2519/2216
f 4660/2540/2237 4643/2519/2216 4640/2541/2238
f 4660/2540/2237 4640/2541/2238 4646/2539/2236
f 4640/2541/2238 4643/2519/2216 4627/2526/2223
f 4636/2542/2239 4645/2538/2235 4646/2539/2236
f 4636/2542/2239 4646/2539/2236 4640/2541/2238
f 4640/2541/2238 4627/2526/2223 4629/2543/2240
f 4640/2541/2238 4629/2543/2240 4636/2542/2239
f 4629/2543/2240 4627/2526/2223 4616/2544/2241
f 4645/2538/2235 4636/2542/2239 4624/2545/2242
f 4624/2545/2242 4636/2542/2239 4629/2543/2240
f 4645/2538/2235 4624/2545/2242 4628/2546/2243
f 4629/2543/2240 4616/2544/2241 4619/2547/2244
f 4629/2543/2240 4619/2547/2244 4624/2545/2242
f 4619/2547/2244 4616/2544/2241 4610/2548/2245
f 4619/2547/2244 4610/2548/2245 4624/2545/2242
f 2283/2549/2246 2274/2550/2247 2277/2551/2248
f 2283/2549/2246 2277/2551/2248 2281/2552/2249
f 2283/2549/2246 2281/2552/2249 2290/2553/2250
f 2283/2549/2246 2290/2553/2250 2293/2554/2251
f 2274/2550/2247 2283/2549/2246 2282/2555/2252
f 2282/2555/2252 2283/2549/2246 2293/2554/2251
f 2293/2554/2251 2290/2553/2250 2296/2556/2253
f 2293/2554/2251 2296/2556/2253 2282/2555/2252
f 2296/2556/2253 2290/2553/2250 2289/2557/2254
f 2274/2550/2247 2282/2555/2252 2258/2558/2255
f 2274/2550/2247 2258/2558/2255 2235/2559/2256
f 2282/2555/2252 2296/2556/2253 2285/2560/2257
f 2282/2555/2252 2285/2560/2257 2258/2558/2255
f 2296/2556/2253 2289/2557/2254 2291/2561/2258
f 2296/2556/2253 2291/2561/2258 2285/2560/2257
f 2291/2561/2258 2289/2557/2254 2271/2562/2259
f 2291/2561/2258 2271/2562/2259 2269/2563/2260
f 2291/2561/2258 2269/2563/2260 2285/2560/2257
f 2242/2564/2261 2235/2559/2256 2258/2558/2255
f 2235/2559/2256 2242/2564/2261 2226/2565/2262
f 2253/2566/2263 2258/2558/2255 2285/2560/2257
f 2258/2558/2255 2253/2566/2263 2242/2564/2261
f 2285/2560/2257 2269/2563/2260 2257/2567/2264
f 2285/2560/2257 2257/2567/2264 2253/2566/2263
f 2257/2567/2264 2269/2563/2260 2261/2568/2265
f 2257/2567/2264 2261/2568/2265 2252/2569/2266
f 2257/2567/2264 2252/2569/2266 2253/2566/2263
f 2252/2569/2266 2261/2568/2265 2266/2570/2267
f 2242/2564/2261 2253/2566/2263 2238/2571/2268
f 2238/2571/2268 2253/2566/2263 2252/2569/2266
f 2242/2564/2261 2238/2571/2268 2226/2565/2262
f 2252/2569/2266 2266/2570/2267 2279/2572/2269
f 2279/2572/2269 2266/2570/2267 2275/2573/2270
f 2238/2571/2268 2252/2569/2266 2247/2574/2271
f 2247/2574/2271 2252/2569/2266 2279/2572/2269
f 2238/2571/2268 2247/2574/2271 2229/2575/2272
f 2279/2572/2269 2275/2573/2270 2309/2576/2273
f 2309/2576/2273 2275/2573/2270 2294/2577/2274
f 2309/2576/2273 2294/2577/2274 2365/2578/2275
f 2365/2578/2275 2294/2577/2274 2342/2579/2276
f 2365/2578/2275 2342/2579/2276 2405/2580/2277
f 2309/2576/2273 2365/2578/2275 2348/2581/2278
f 2309/2576/2273 2348/2581/2278 2279/2572/2269
f 2365/2578/2275 2405/2580/2277 2400/2582/2279
f 2365/2578/2275 2400/2582/2279 2399/2583/2280
f 2365/2578/2275 2399/2583/2280 2348/2581/2278
f 2400/2582/2279 2405/2580/2277 2418/2584/2281
f 2400/2582/2279 2418/2584/2281 2399/2583/2280
f 2418/2584/2281 2405/2580/2277 2419/2585/2282
f 2418/2584/2281 2419/2585/2282 2430/2586/2283
f 2418/2584/2281 2430/2586/2283 2417/2587/2284
f 2418/2584/2281 2417/2587/2284 2399/2583/2280
f 2417/2587/2284 2430/2586/2283 2429/2588/2285
f 2417/2587/2284 2429/2588/2285 2415/2589/2286
f 2417/2587/2284 2415/2589/2286 2410/2590/2287
f 2417/2587/2284 2410/2590/2287 2399/2583/2280
f 2410/2590/2287 2415/2589/2286 2403/2591/2288
f 2399/2583/2280 2410/2590/2287 2368/2592/2289
f 2399/2583/2280 2368/2592/2289 2348/2581/2278
f 2410/2590/2287 2403/2591/2288 2362/2593/2290
f 2410/2590/2287 2362/2593/2290 2368/2592/2289
f 2362/2593/2290 2403/2591/2288 2356/2594/2291
f 2348/2581/2278 2368/2592/2289 2318/2595/2292
f 2318/2595/2292 2368/2592/2289 2362/2593/2290
f 2362/2593/2290 2356/2594/2291 2322/2596/2293
f 2362/2593/2290 2322/2596/2293 2318/2595/2292
f 2322/2596/2293 2356/2594/2291 2327/2597/2294
f 2322/2596/2293 2327/2597/2294 2321/2598/2295
f 2322/2596/2293 2321/2598/2295 2304/2599/2296
f 2322/2596/2293 2304/2599/2296 2318/2595/2292
f 2304/2599/2296 2321/2598/2295 2326/2600/2297
f 2304/2599/2296 2326/2600/2297 2302/2601/2298
f 2318/2595/2292 2304/2599/2296 2305/2602/2299
f 2318/2595/2292 2305/2602/2299 2348/2581/2278
f 2304/2599/2296 2302/2601/2298 2286/2603/2300
f 2304/2599/2296 2286/2603/2300 2305/2602/2299
f 2286/2603/2300 2302/2601/2298 2251/2604/2301
f 2348/2581/2278 2305/2602/2299 2268/2605/2302
f 2348/2581/2278 2268/2605/2302 2279/2572/2269
f 2279/2572/2269 2268/2605/2302 2247/2574/2271
f 2268/2605/2302 2305/2602/2299 2243/2606/2303
f 2268/2605/2302 2243/2606/2303 2247/2574/2271
f 2243/2606/2303 2305/2602/2299 2286/2603/2300
f 2247/2574/2271 2243/2606/2303 2229/2575/2272
f 2286/2603/2300 2251/2604/2301 2248/2607/2304
f 2286/2603/2300 2248/2607/2304 2243/2606/2303
f 2248/2607/2304 2251/2604/2301 2210/2608/2305
f 2248/2607/2304 2210/2608/2305 2243/2606/2303
f 2210/2608/2305 2251/2604/2301 2241/2609/2306
f 2210/2608/2305 2241/2609/2306 2218/2610/2307
f 2210/2608/2305 2218/2610/2307 2208/2611/2308
f 2210/2608/2305 2208/2611/2308 2190/2612/2309
f 2212/2613/2310 2229/2575/2272 2243/2606/2303
f 2212/2613/2310 2243/2606/2303 2210/2608/2305
f 2212/2613/2310 2210/2608/2305 2190/2612/2309
f 2229/2575/2272 2212/2613/2310 2238/2571/2268
f 2212/2613/2310 2190/2612/2309 2189/2614/2311
f 2238/2571/2268 2212/2613/2310 2213/2615/2312
f 2213/2615/2312 2212/2613/2310 2189/2614/2311
f 2238/2571/2268 2213/2615/2312 2226/2565/2262
f 2213/2615/2312 2189/2614/2311 2188/2616/2313
f 2213/2615/2312 2188/2616/2313 2204/2617/2314
f 2204/2617/2314 2188/2616/2313 2185/2618/2315
f 2226/2565/2262 2213/2615/2312 2215/2619/2316
f 2215/2619/2316 2213/2615/2312 2204/2617/2314
f 2204/2617/2314 2185/2618/2315 2201/2620/2317
f 2204/2617/2314 2201/2620/2317 2215/2619/2316
f 2201/2620/2317 2185/2618/2315 2186/2621/2318
f 2226/2565/2262 2215/2619/2316 2214/2622/2319
f 2214/2622/2319 2215/2619/2316 2201/2620/2317
f 2226/2565/2262 2214/2622/2319 2223/2623/2320
f 2223/2623/2320 2214/2622/2319 2220/2624/2321
f 2214/2622/2319 2201/2620/2317 2205/2625/2322
f 2214/2622/2319 2205/2625/2322 2220/2624/2321
f 2201/2620/2317 2186/2621/2318 2196/2626/2323
f 2201/2620/2317 2196/2626/2323 2205/2625/2322
f 2196/2626/2323 2186/2621/2318 2191/2627/2324
f 2220/2624/2321 2205/2625/2322 2202/2628/2325
f 2202/2628/2325 2205/2625/2322 2196/2626/2323
f 2202/2628/2325 2196/2626/2323 2191/2627/2324
f 2220/2624/2321 2202/2628/2325 2225/2629/2326
f 2202/2628/2325 2191/2627/2324 2187/2630/2327
f 2225/2629/2326 2202/2628/2325 2217/2631/2328
f 2225/2629/2326 2217/2631/2328 2219/2632/2329
f 2217/2631/2328 2202/2628/2325 2206/2633/2330
f 2219/2632/2329 2217/2631/2328 2211/2634/2331
f 2211/2634/2331 2217/2631/2328 2206/2633/2330
f 2219/2632/2329 2211/2634/2331 2216/2635/2332
f 2206/2633/2330 2202/2628/2325 2197/2636/2333
f 2197/2636/2333 2202/2628/2325 2187/2630/2327
f 2206/2633/2330 2197/2636/2333 2211/2634/2331
f 2197/2636/2333 2187/2630/2327 2193/2637/2334
f 2197/2636/2333 2193/2637/2334 2211/2634/2331
f 2211/2634/2331 2193/2637/2334 2216/2635/2332
f 2216/2635/2332 2193/2637/2334 2194/2638/2335
f 2274/2639/2247 2267/2640/2336 2277/2641/2248
f 2267/2640/2336 2274/2639/2247 2223/2642/2320
f 2223/2642/2320 2274/2639/2247 2235/2643/2256
f 2223/2642/2320 2235/2643/2256 2226/2644/2262
f 2267/2640/2336 2223/2642/2320 2234/2645/2337
f 2234/2645/2337 2223/2642/2320 2220/2646/2321
f 2277/2641/2248 2267/2640/2336 2273/2647/2338
f 2277/2641/2248 2273/2647/2338 2281/2648/2249
f 2267/2640/2336 2234/2645/2337 2250/2649/2339
f 2267/2640/2336 2250/2649/2339 2273/2647/2338
f 2234/2645/2337 2220/2646/2321 2230/2650/2340
f 2234/2645/2337 2230/2650/2340 2250/2649/2339
f 2230/2650/2340 2220/2646/2321 2225/2651/2326
f 2250/2649/2339 2230/2650/2340 2246/2652/2341
f 2250/2649/2339 2246/2652/2341 2273/2647/2338
f 2246/2652/2341 2230/2650/2340 2240/2653/2342
f 2276/2654/2343 2281/2648/2249 2273/2647/2338
f 2276/2654/2343 2273/2647/2338 2246/2652/2341
f 2281/2648/2249 2276/2654/2343 2290/2655/2250
f 2246/2652/2341 2240/2653/2342 2255/2656/2344
f 2246/2652/2341 2255/2656/2344 2276/2654/2343
f 2255/2656/2344 2240/2653/2342 2249/2657/2345
f 2290/2655/2250 2276/2654/2343 2280/2658/2346
f 2280/2658/2346 2276/2654/2343 2255/2656/2344
f 2290/2655/2250 2280/2658/2346 2289/2659/2254
f 2255/2656/2344 2249/2657/2345 2263/2660/2347
f 2255/2656/2344 2263/2660/2347 2280/2658/2346
f 2280/2658/2346 2263/2660/2347 2289/2659/2254
f 2289/2659/2254 2263/2660/2347 2271/2661/2259
f 2263/2660/2347 2249/2657/2345 2256/2662/2348
f 2263/2660/2347 2256/2662/2348 2271/2661/2259
f 2271/2661/2259 2256/2662/2348 2269/2663/2260
f 2269/2663/2260 2256/2662/2348 2261/2664/2265
f 2261/2664/2265 2256/2662/2348 2260/2665/2349
f 2261/2664/2265 2260/2665/2349 2266/2666/2267
f 2260/2665/2349 2256/2662/2348 2270/2667/2350
f 2266/2666/2267 2260/2665/2349 2275/2668/2270
f 2275/2668/2270 2260/2665/2349 2270/2667/2350
f 3243/2669/2351 3120/2670/1481 3321/2671/1479
f 3120/2670/1481 3243/2669/2351 2920/2672/1484
f 2760/2673/1487 2749/2674/1483 2920/2672/1484
f 2760/2673/1487 2920/2672/1484 2983/2675/2352
f 2983/2675/2352 2920/2672/1484 3243/2669/2351
f 2760/2673/1487 2983/2675/2352 2952/2676/2353
f 2760/2673/1487 2952/2676/2353 2786/2677/2354
f 2786/2677/2354 2952/2676/2353 2959/2678/2355
f 2786/2677/2354 2959/2678/2355 2751/2679/2356
f 2959/2678/2355 2952/2676/2353 3137/2680/2357
f 3137/2680/2357 2952/2676/2353 2983/2675/2352
f 2959/2678/2355 3137/2680/2357 3258/2681/2358
f 2983/2675/2352 3243/2669/2351 3138/2682/2359
f 2983/2675/2352 3138/2682/2359 3245/2683/2360
f 3245/2683/2360 3138/2682/2359 3243/2669/2351
f 2983/2675/2352 3245/2683/2360 3137/2680/2357
f 3258/2681/2358 3137/2680/2357 3362/2684/2361
f 3362/2684/2361 3137/2680/2357 3245/2683/2360
f 3258/2681/2358 3362/2684/2361 3480/2685/2362
f 3245/2683/2360 3243/2669/2351 3347/2686/2363
f 3245/2683/2360 3347/2686/2363 3362/2684/2361
f 3347/2686/2363 3243/2669/2351 3321/2671/1479
f 3480/2685/2362 3362/2684/2361 3518/2687/2364
f 3518/2687/2364 3362/2684/2361 3347/2686/2363
f 3480/2685/2362 3518/2687/2364 3728/2688/2365
f 3347/2686/2363 3321/2671/1479 3475/2689/2366
f 3347/2686/2363 3475/2689/2366 3518/2687/2364
f 3475/2689/2366 3321/2671/1479 3495/2690/1480
f 3475/2689/2366 3495/2690/1480 3568/2691/2367
f 3568/2691/2367 3495/2690/1480 3639/2692/1482
f 3568/2691/2367 3639/2692/1482 3633/2693/2368
f 3568/2691/2367 3633/2693/2368 3475/2689/2366
f 3633/2693/2368 3639/2692/1482 3756/2694/1492
f 3518/2687/2364 3475/2689/2366 3616/2695/2369
f 3616/2695/2369 3475/2689/2366 3633/2693/2368
f 3518/2687/2364 3616/2695/2369 3728/2688/2365
f 3633/2693/2368 3756/2694/1492 3782/2696/2370
f 3782/2696/2370 3756/2694/1492 3880/2697/1493
f 3616/2695/2369 3633/2693/2368 3718/2698/2371
f 3718/2698/2371 3633/2693/2368 3782/2696/2370
f 3728/2688/2365 3616/2695/2369 3761/2699/2372
f 3761/2699/2372 3616/2695/2369 3718/2698/2371
f 3728/2688/2365 3761/2699/2372 3835/2700/2373
f 3728/2688/2365 3835/2700/2373 3923/2701/2374
f 3761/2699/2372 3718/2698/2371 3879/2702/2375
f 3879/2702/2375 3718/2698/2371 3782/2696/2370
f 3835/2700/2373 3761/2699/2372 3876/2703/2376
f 3835/2700/2373 3876/2703/2376 3923/2701/2374
f 3876/2703/2376 3761/2699/2372 3879/2702/2375
f 3923/2701/2374 3876/2703/2376 4028/2704/2377
f 4028/2704/2377 3876/2703/2376 3879/2702/2375
f 3923/2701/2374 4028/2704/2377 4090/2705/2378
f 3923/2701/2374 4090/2705/2378 4085/2706/2379
f 4028/2704/2377 3879/2702/2375 4003/2707/2380
f 4090/2705/2378 4028/2704/2377 4098/2708/2381
f 4098/2708/2381 4028/2704/2377 4003/2707/2380
f 4090/2705/2378 4098/2708/2381 4180/2709/2382
f 4003/2707/2380 3879/2702/2375 4086/2710/2383
f 4003/2707/2380 4086/2710/2383 4098/2708/2381
f 3954/2711/2384 3879/2702/2375 3782/2696/2370
f 3879/2702/2375 3954/2711/2384 4086/2710/2383
f 3954/2711/2384 3782/2696/2370 3880/2697/1493
f 3954/2711/2384 3880/2697/1493 4019/2712/1497
f 4019/2712/1497 3880/2697/1493 3975/2713/1494
f 3954/2711/2384 4019/2712/1497 4134/2714/1498
f 3954/2711/2384 4134/2714/1498 4086/2710/2383
f 4086/2710/2383 4134/2714/1498 4192/2715/2385
f 4086/2710/2383 4192/2715/2385 4098/2708/2381
f 4192/2715/2385 4134/2714/1498 4203/2716/1500
f 4098/2708/2381 4192/2715/2385 4147/2717/2386
f 4098/2708/2381 4147/2717/2386 4180/2709/2382
f 4192/2715/2385 4203/2716/1500 4213/2718/2387
f 4213/2718/2387 4203/2716/1500 4196/2719/1501
f 4180/2709/2382 4147/2717/2386 4136/2720/2388
f 4180/2709/2382 4136/2720/2388 4160/2721/2389
f 4160/2721/2389 4136/2720/2388 4073/2722/2390
f 4136/2720/2388 4147/2717/2386 4162/2723/2391
f 4198/2724/2392 4147/2717/2386 4192/2715/2385
f 4198/2724/2392 4192/2715/2385 4213/2718/2387
f 4147/2717/2386 4198/2724/2392 4162/2723/2391
f 4136/2720/2388 4162/2723/2391 4132/2725/2393
f 4132/2725/2393 4162/2723/2391 4198/2724/2392
f 4073/2722/2390 4136/2720/2388 4069/2726/2394
f 4069/2726/2394 4136/2720/2388 4132/2725/2393
f 4073/2722/2390 4069/2726/2394 3939/2727/2395
f 4198/2724/2392 4213/2718/2387 4174/2728/2396
f 4174/2728/2396 4213/2718/2387 4196/2719/1501
f 4198/2724/2392 4174/2728/2396 4132/2725/2393
f 4174/2728/2396 4196/2719/1501 4100/2729/2397
f 4132/2725/2393 4174/2728/2396 4084/2730/2398
f 4084/2730/2398 4174/2728/2396 4100/2729/2397
f 4069/2726/2394 4132/2725/2393 4022/2731/2399
f 4022/2731/2399 4132/2725/2393 4084/2730/2398
f 4069/2726/2394 4022/2731/2399 3941/2732/2400
f 4069/2726/2394 3941/2732/2400 3939/2727/2395
f 4084/2730/2398 4100/2729/2397 3960/2733/2401
f 3960/2733/2401 4100/2729/2397 3968/2734/2402
f 4022/2731/2399 4084/2730/2398 3863/2735/2403
f 3863/2735/2403 4084/2730/2398 3960/2733/2401
f 3941/2732/2400 4022/2731/2399 3809/2736/2404
f 3809/2736/2404 4022/2731/2399 3863/2735/2403
f 3939/2727/2395 3941/2732/2400 3729/2737/2405
f 3729/2737/2405 3941/2732/2400 3809/2736/2404
f 3939/2727/2395 3729/2737/2405 3741/2738/2406
f 3741/2738/2406 3729/2737/2405 3531/2739/2407
f 3531/2739/2407 3729/2737/2405 3635/2740/2408
f 3635/2740/2408 3729/2737/2405 3809/2736/2404
f 3635/2740/2408 3809/2736/2404 3610/2741/2409
f 3610/2741/2409 3809/2736/2404 3863/2735/2403
f 3610/2741/2409 3863/2735/2403 3812/2742/2410
f 3812/2742/2410 3863/2735/2403 3960/2733/2401
f 3610/2741/2409 3812/2742/2410 3738/2743/2411
f 3738/2743/2411 3812/2742/2410 3960/2733/2401
f 3610/2741/2409 3738/2743/2411 3593/2744/2412
f 3738/2743/2411 3960/2733/2401 3827/2745/2413
f 908/2746/2414 919/2747/1550 777/2748/1549
f 908/2746/2414 777/2748/1549 466/2749/1551
f 908/2746/2414 466/2749/1551 666/2750/2415
f 908/2746/2414 666/2750/2415 815/2751/2416
f 919/2747/1550 908/2746/2414 1080/2752/2417
f 919/2747/1550 1080/2752/2417 1163/2753/1552
f 908/2746/2414 815/2751/2416 1037/2754/2418
f 1037/2754/2418 815/2751/2416 953/2755/2419
f 1037/2754/2418 953/2755/2419 1198/2756/2420
f 908/2746/2414 1037/2754/2418 1120/2757/2421
f 908/2746/2414 1120/2757/2421 1080/2752/2417
f 1037/2754/2418 1198/2756/2420 1218/2758/2422
f 1037/2754/2418 1218/2758/2422 1120/2757/2421
f 1218/2758/2422 1198/2756/2420 1328/2759/2423
f 1196/2760/2424 1163/2753/1552 1080/2752/2417
f 1196/2760/2424 1080/2752/2417 1120/2757/2421
f 1163/2753/1552 1196/2760/2424 1302/2761/1560
f 1196/2760/2424 1120/2757/2421 1329/2762/2425
f 1196/2760/2424 1329/2762/2425 1302/2761/1560
f 1329/2762/2425 1120/2757/2421 1218/2758/2422
f 1302/2761/1560 1329/2762/2425 1429/2763/1563
f 1429/2763/1563 1329/2762/2425 1559/2764/1564
f 1375/2765/2426 1218/2758/2422 1328/2759/2423
f 1218/2758/2422 1375/2765/2426 1329/2762/2425
f 1375/2765/2426 1328/2759/2423 1473/2766/2427
f 1559/2764/1564 1329/2762/2425 1454/2767/2428
f 1454/2767/2428 1329/2762/2425 1375/2765/2426
f 1375/2765/2426 1473/2766/2427 1575/2768/2429
f 1375/2765/2426 1575/2768/2429 1454/2767/2428
f 1575/2768/2429 1473/2766/2427 1661/2769/2430
f 1559/2764/1564 1454/2767/2428 1589/2770/1589
f 1559/2764/1564 1589/2770/1589 1609/2771/1565
f 1454/2767/2428 1575/2768/2429 1582/2772/2431
f 1454/2767/2428 1582/2772/2431 1589/2770/1589
f 1575/2768/2429 1661/2769/2430 1683/2773/2432
f 1575/2768/2429 1683/2773/2432 1582/2772/2431
f 1683/2773/2432 1661/2769/2430 1743/2774/2433
f 1589/2770/1589 1582/2772/2431 1690/2775/2434
f 1690/2775/2434 1582/2772/2431 1683/2773/2432
f 1589/2770/1589 1690/2775/2434 1737/2776/1588
f 1737/2776/1588 1690/2775/2434 1766/2777/1591
f 1766/2777/1591 1690/2775/2434 1683/2773/2432
f 1683/2773/2432 1743/2774/2433 1717/2778/2435
f 1766/2777/1591 1683/2773/2432 1724/2779/2436
f 1724/2779/2436 1683/2773/2432 1717/2778/2435
f 1766/2777/1591 1724/2779/2436 1725/2780/2437
f 1725/2780/2437 1724/2779/2436 1717/2778/2435
f 1766/2777/1591 1725/2780/2437 1776/2781/1592
f 1776/2781/1592 1725/2780/2437 1686/2782/1594
f 1686/2782/1594 1725/2780/2437 1622/2783/1602
f 1725/2780/2437 1717/2778/2435 1652/2784/2438
f 1652/2784/2438 1717/2778/2435 1730/2785/2439
f 1622/2783/1602 1725/2780/2437 1605/2786/2440
f 1605/2786/2440 1725/2780/2437 1652/2784/2438
f 1622/2783/1602 1605/2786/2440 1523/2787/2441
f 1622/2783/1602 1523/2787/2441 1472/2788/1601
f 1605/2786/2440 1652/2784/2438 1573/2789/2442
f 1573/2789/2442 1652/2784/2438 1672/2790/2443
f 1472/2788/1601 1523/2787/2441 1316/2791/1605
f 1523/2787/2441 1605/2786/2440 1451/2792/2444
f 1451/2792/2444 1605/2786/2440 1573/2789/2442
f 1523/2787/2441 1451/2792/2444 1316/2791/1605
f 1451/2792/2444 1573/2789/2442 1444/2793/2445
f 1444/2793/2445 1573/2789/2442 1393/2794/2446
f 1444/2793/2445 1393/2794/2446 1285/2795/2447
f 1451/2792/2444 1444/2793/2445 1317/2796/2448
f 1317/2796/2448 1444/2793/2445 1285/2795/2447
f 1451/2792/2444 1317/2796/2448 1316/2791/1605
f 1317/2796/2448 1285/2795/2447 1183/2797/2449
f 1183/2797/2449 1285/2795/2447 1193/2798/2450
f 1183/2797/2449 1193/2798/2450 1063/2799/2451
f 1317/2796/2448 1183/2797/2449 1211/2800/2452
f 1317/2796/2448 1211/2800/2452 1316/2791/1605
f 1183/2797/2449 1063/2799/2451 1068/2801/2453
f 1183/2797/2449 1068/2801/2453 1211/2800/2452
f 1316/2791/1605 1211/2800/2452 1115/2802/2454
f 1115/2802/2454 1211/2800/2452 1068/2801/2453
f 1316/2791/1605 1115/2802/2454 1216/2803/1607
f 1216/2803/1607 1115/2802/2454 1050/2804/1610
f 1050/2804/1610 1115/2802/2454 995/2805/2455
f 995/2805/2455 1115/2802/2454 1068/2801/2453
f 1050/2804/1610 995/2805/2455 891/2806/1614
f 891/2806/1614 995/2805/2455 906/2807/2456
f 906/2807/2456 995/2805/2455 1068/2801/2453
f 891/2806/1614 906/2807/2456 631/2808/1615
f 892/2809/2457 1068/2801/2453 1063/2799/2451
f 1068/2801/2453 892/2809/2457 906/2807/2456
f 892/2809/2457 1063/2799/2451 865/2810/2458
f 892/2809/2457 865/2810/2458 749/2811/2459
f 749/2811/2459 865/2810/2458 584/2812/2460
f 906/2807/2456 892/2809/2457 783/2813/2461
f 906/2807/2456 783/2813/2461 631/2808/1615
f 783/2813/2461 892/2809/2457 749/2811/2459
f 749/2811/2459 584/2812/2460 491/2814/2462
f 631/2808/1615 783/2813/2461 577/2815/2463
f 577/2815/2463 783/2813/2461 749/2811/2459
f 749/2811/2459 491/2814/2462 440/2816/2464
f 749/2811/2459 440/2816/2464 577/2815/2463
f 440/2816/2464 491/2814/2462 279/2817/2465
f 440/2816/2464 279/2817/2465 334/2818/2466
f 440/2816/2464 334/2818/2466 577/2815/2463
f 334/2818/2466 279/2817/2465 199/2819/2467
f 577/2815/2463 334/2818/2466 317/2820/2468
f 317/2820/2468 334/2818/2466 199/2819/2467
f 577/2815/2463 317/2820/2468 631/2808/1615
f 317/2820/2468 199/2819/2467 225/2821/1629
f 317/2820/2468 225/2821/1629 444/2822/1627
f 317/2820/2468 444/2822/1627 631/2808/1615
f 631/2808/1615 444/2822/1627 741/2823/1616
f 3942/2824/1247 3749/2825/1242 3705/2826/1241
f 666/2827/2415 466/2828/1551 230/2829/1554
f 666/2827/2415 230/2829/1554 494/2830/2469
f 666/2827/2415 494/2830/2469 815/2831/2416
f 815/2831/2416 494/2830/2469 680/2832/2470
f 815/2831/2416 680/2832/2470 953/2833/2419
f 680/2832/2470 494/2830/2469 481/2834/2471
f 481/2834/2471 494/2830/2469 286/2835/2472
f 286/2835/2472 494/2830/2469 230/2829/1554
f 481/2834/2471 286/2835/2472 340/2836/2473
f 286/2835/2472 230/2829/1554 138/2837/2474
f 138/2837/2474 230/2829/1554 110/2838/1555
f 138/2837/2474 110/2838/1555 74/2839/1557
f 286/2835/2472 138/2837/2474 216/2840/2475
f 286/2835/2472 216/2840/2475 340/2836/2473
f 138/2837/2474 74/2839/1557 86/2841/2476
f 138/2837/2474 86/2841/2476 216/2840/2475
f 86/2841/2476 74/2839/1557 28/2842/2477
f 28/2842/2477 74/2839/1557 11/2843/1558
f 216/2840/2475 86/2841/2476 143/2844/2478
f 340/2836/2473 216/2840/2475 188/2845/2479
f 188/2845/2479 216/2840/2475 143/2844/2478
f 340/2836/2473 188/2845/2479 255/2846/2480
f 255/2846/2480 188/2845/2479 174/2847/2481
f 188/2845/2479 143/2844/2478 123/2848/2482
f 188/2845/2479 123/2848/2482 174/2847/2481
f 143/2844/2478 86/2841/2476 72/2849/2483
f 72/2849/2483 86/2841/2476 28/2842/2477
f 143/2844/2478 72/2849/2483 123/2848/2482
f 72/2849/2483 28/2842/2477 61/2850/2484
f 72/2849/2483 61/2850/2484 123/2848/2482
f 61/2850/2484 28/2842/2477 29/2851/2485
f 174/2847/2481 123/2848/2482 170/2852/2486
f 174/2847/2481 170/2852/2486 198/2853/2487
f 198/2853/2487 170/2852/2486 207/2854/2488
f 29/2851/2485 28/2842/2477 8/2855/2489
f 8/2855/2489 28/2842/2477 11/2843/1558
f 61/2850/2484 29/2851/2485 75/2856/2490
f 75/2856/2490 29/2851/2485 8/2855/2489
f 207/2854/2488 170/2852/2486 203/2857/2491
f 207/2854/2488 203/2857/2491 272/2858/2492
f 203/2857/2491 170/2852/2486 177/2859/2493
f 177/2859/2493 170/2852/2486 123/2848/2482
f 272/2858/2492 203/2857/2491 275/2860/2494
f 275/2860/2494 203/2857/2491 177/2859/2493
f 272/2858/2492 275/2860/2494 375/2861/2495
f 375/2861/2495 275/2860/2494 491/2862/2462
f 375/2861/2495 491/2862/2462 584/2863/2460
f 491/2862/2462 275/2860/2494 279/2864/2465
f 279/2864/2465 275/2860/2494 177/2859/2493
f 279/2864/2465 177/2859/2493 199/2865/2467
f 126/2866/2496 177/2859/2493 123/2848/2482
f 177/2859/2493 126/2866/2496 199/2865/2467
f 126/2866/2496 123/2848/2482 61/2850/2484
f 126/2866/2496 61/2850/2484 75/2856/2490
f 199/2865/2467 126/2866/2496 139/2867/2497
f 139/2867/2497 126/2866/2496 75/2856/2490
f 199/2865/2467 139/2867/2497 151/2868/2498
f 151/2868/2498 139/2867/2497 75/2856/2490
f 199/2865/2467 151/2868/2498 225/2869/1629
f 225/2869/1629 151/2868/2498 71/2870/1630
f 71/2870/1630 151/2868/2498 75/2856/2490
f 71/2870/1630 75/2856/2490 14/2871/2499
f 14/2871/2499 75/2856/2490 8/2855/2489
f 14/2871/2499 8/2855/2489 2470/2872/2500
f 14/2871/2499 2470/2872/2500 2523/2873/2501
f 2470/2872/2500 8/2855/2489 2456/2874/2502
f 2456/2874/2502 8/2855/2489 11/2843/1558
f 2456/2874/2502 11/2843/1558 2494/2875/1488
f 2523/2873/2501 2470/2872/2500 2590/2876/2503
f 2523/2873/2501 2590/2876/2503 2694/2877/2504
f 2523/2873/2501 2694/2877/2504 2675/2878/2505
f 2590/2876/2503 2470/2872/2500 2502/2879/2506
f 2675/2878/2505 2694/2877/2504 2885/2880/2507
f 2470/2872/2500 2456/2874/2502 2471/2881/2508
f 2470/2872/2500 2471/2881/2508 2502/2879/2506
f 2675/2878/2505 2885/2880/2507 2955/2882/2509
f 2694/2877/2504 2590/2876/2503 2601/2883/2510
f 2601/2883/2510 2590/2876/2503 2502/2879/2506
f 2694/2877/2504 2601/2883/2510 2740/2884/2511
f 2694/2877/2504 2740/2884/2511 2885/2880/2507
f 2955/2882/2509 2885/2880/2507 3129/2885/2512
f 2740/2884/2511 2601/2883/2510 2692/2886/2513
f 2601/2883/2510 2502/2879/2506 2610/2887/2514
f 2601/2883/2510 2610/2887/2514 2692/2886/2513
f 2610/2887/2514 2502/2879/2506 2518/2888/2515
f 2518/2888/2515 2502/2879/2506 2471/2881/2508
f 2955/2882/2509 3129/2885/2512 3307/2889/2516
f 2955/2882/2509 3307/2889/2516 3306/2890/2517
f 3307/2889/2516 3129/2885/2512 3207/2891/2518
f 3207/2891/2518 3129/2885/2512 2885/2880/2507
f 3306/2890/2517 3307/2889/2516 3473/2892/2519
f 3306/2890/2517 3473/2892/2519 3593/2893/2412
f 3593/2893/2412 3473/2892/2519 3610/2894/2409
f 3473/2892/2519 3307/2889/2516 3467/2895/2520
f 3473/2892/2519 3467/2895/2520 3610/2894/2409
f 3467/2895/2520 3307/2889/2516 3207/2891/2518
f 3610/2894/2409 3467/2895/2520 3635/2896/2408
f 3635/2896/2408 3467/2895/2520 3483/2897/2521
f 3635/2896/2408 3483/2897/2521 3531/2898/2407
f 3483/2897/2521 3467/2895/2520 3363/2899/2522
f 3363/2899/2522 3467/2895/2520 3207/2891/2518
f 3531/2898/2407 3483/2897/2521 3330/2900/2523
f 3330/2900/2523 3483/2897/2521 3363/2899/2522
f 3330/2900/2523 3363/2899/2522 3207/2891/2518
f 3330/2900/2523 3207/2891/2518 2970/2901/2524
f 3330/2900/2523 2970/2901/2524 3132/2902/2525
f 3132/2902/2525 2970/2901/2524 2899/2903/2526
f 2970/2901/2524 3207/2891/2518 2934/2904/2527
f 2934/2904/2527 3207/2891/2518 2885/2880/2507
f 2934/2904/2527 2885/2880/2507 2740/2884/2511
f 2970/2901/2524 2934/2904/2527 2791/2905/2528
f 2791/2905/2528 2934/2904/2527 2740/2884/2511
f 2970/2901/2524 2791/2905/2528 2899/2903/2526
f 2791/2905/2528 2740/2884/2511 2692/2886/2513
f 2791/2905/2528 2692/2886/2513 2899/2903/2526
f 2899/2903/2526 2692/2886/2513 2737/2906/2529
f 2737/2906/2529 2692/2886/2513 2631/2907/2530
f 2631/2907/2530 2692/2886/2513 2610/2887/2514
f 2737/2906/2529 2631/2907/2530 2655/2908/2531
f 2631/2907/2530 2610/2887/2514 2585/2909/2532
f 2655/2908/2531 2631/2907/2530 2611/2910/2533
f 2611/2910/2533 2631/2907/2530 2585/2909/2532
f 2655/2908/2531 2611/2910/2533 2643/2911/2534
f 2585/2909/2532 2610/2887/2514 2518/2888/2515
f 2643/2911/2534 2611/2910/2533 2623/2912/2535
f 2623/2912/2535 2611/2910/2533 2585/2909/2532
f 2643/2911/2534 2623/2912/2535 2684/2913/2536
f 2585/2909/2532 2518/2888/2515 2506/2914/2537
f 2506/2914/2537 2518/2888/2515 2471/2881/2508
f 2623/2912/2535 2585/2909/2532 2577/2915/2538
f 2577/2915/2538 2585/2909/2532 2506/2914/2537
f 2684/2913/2536 2623/2912/2535 2605/6/6
f 2605/6/6 2623/2912/2535 2577/2915/2538
f 2577/2915/2538 2506/2914/2537 2536/2916/2539
f 2577/2915/2538 2536/2916/2539 2605/6/6
f 2506/2914/2537 2471/2881/2508 2483/2917/2540
f 2506/2914/2537 2483/2917/2540 2536/2916/2539
f 2483/2917/2540 2471/2881/2508 2456/2874/2502
f 2483/2917/2540 2456/2874/2502 2505/2918/2541
f 2483/2917/2540 2505/2918/2541 2536/2916/2539
f 2505/2918/2541 2456/2874/2502 2494/2875/1488
f 2505/2918/2541 2494/2875/1488 2576/2919/2542
f 2576/2919/2542 2494/2875/1488 2630/2920/1486
f 2536/2916/2539 2505/2918/2541 2592/2921/2543
f 2592/2921/2543 2505/2918/2541 2576/2919/2542
f 2576/2919/2542 2630/2920/1486 2634/2922/2544
f 2576/2919/2542 2634/2922/2544 2592/2921/2543
f 2634/2922/2544 2630/2920/1486 2760/2923/1487
f 2634/2922/2544 2760/2923/1487 2786/2924/2354
f 2634/2922/2544 2786/2924/2354 2686/2925/2545
f 2634/2922/2544 2686/2925/2545 2592/2921/2543
f 2686/2925/2545 2786/2924/2354 2751/2926/2356
f 2618/2927/2546 2536/2916/2539 2592/2921/2543
f 2536/2916/2539 2618/2927/2546 2605/6/6
f 2592/2921/2543 2686/2925/2545 2648/8/8
f 2648/8/8 2686/2925/2545 2751/2926/2356
f 2592/2921/2543 2648/8/8 2618/2927/2546
f 2648/8/8 2751/2926/2356 2684/2913/2536
f 2648/8/8 2684/2913/2536 2605/6/6
f 2605/6/6 2618/2927/2546 2619/7/7
f 2619/7/7 2618/2927/2546 2648/8/8
f 2648/8/8 2605/6/6 2620/5/5
f 1167/2928/2547 1198/2929/2420 953/2930/2419
f 1198/2929/2420 1167/2928/2547 1328/2931/2423
f 1328/2931/2423 1167/2928/2547 1360/2932/2548
f 1328/2931/2423 1360/2932/2548 1473/2933/2427
f 1167/2928/2547 953/2930/2419 1059/2934/2549
f 1473/2933/2427 1360/2932/2548 1542/2935/2550
f 1473/2933/2427 1542/2935/2550 1661/2936/2430
f 1360/2932/2548 1167/2928/2547 1212/2937/2551
f 1212/2937/2551 1167/2928/2547 1059/2934/2549
f 1542/2935/2550 1360/2932/2548 1508/2938/2552
f 1059/2934/2549 953/2930/2419 872/2939/2553
f 872/2939/2553 953/2930/2419 680/2940/2470
f 872/2939/2553 680/2940/2470 509/2941/2554
f 1059/2934/2549 872/2939/2553 857/2942/2555
f 857/2942/2555 872/2939/2553 509/2941/2554
f 1212/2937/2551 1059/2934/2549 1064/2943/2556
f 1064/2943/2556 1059/2934/2549 857/2942/2555
f 1324/2944/2557 1360/2932/2548 1212/2937/2551
f 1360/2932/2548 1324/2944/2557 1508/2938/2552
f 1212/2937/2551 1064/2943/2556 1229/2945/2558
f 1212/2937/2551 1229/2945/2558 1324/2944/2557
f 1064/2943/2556 857/2942/2555 935/2946/2559
f 1229/2945/2558 1064/2943/2556 1101/2947/2560
f 1101/2947/2560 1064/2943/2556 935/2946/2559
f 1229/2945/2558 1101/2947/2560 1159/2948/2561
f 1159/2948/2561 1101/2947/2560 935/2946/2559
f 1229/2945/2558 1159/2948/2561 1318/2949/2562
f 1159/2948/2561 935/2946/2559 990/2950/2563
f 1229/2945/2558 1318/2949/2562 1368/2951/2564
f 1229/2945/2558 1368/2951/2564 1324/2944/2557
f 990/2950/2563 935/2946/2559 800/2952/2565
f 990/2950/2563 800/2952/2565 637/2953/2566
f 637/2953/2566 800/2952/2565 562/2954/2567
f 800/2952/2565 935/2946/2559 784/2955/2568
f 800/2952/2565 784/2955/2568 562/2954/2567
f 784/2955/2568 935/2946/2559 857/2942/2555
f 562/2954/2567 784/2955/2568 471/2956/2569
f 471/2956/2569 784/2955/2568 590/2957/2570
f 784/2955/2568 857/2942/2555 634/2958/2571
f 784/2955/2568 634/2958/2571 590/2957/2570
f 634/2958/2571 857/2942/2555 509/2941/2554
f 634/2958/2571 509/2941/2554 401/2959/2572
f 590/2957/2570 634/2958/2571 523/2960/2573
f 590/2957/2570 523/2960/2573 471/2956/2569
f 523/2960/2573 634/2958/2571 401/2959/2572
f 471/2956/2569 523/2960/2573 306/2961/2574
f 306/2961/2574 523/2960/2573 401/2959/2572
f 1390/2962/2575 1394/2963/2576 1324/2944/2557
f 1324/2944/2557 1394/2963/2576 1511/2964/2577
f 1511/2964/2577 1394/2963/2576 1390/2962/2575
f 1390/2962/2575 1324/2944/2557 1368/2951/2564
f 1390/2962/2575 1368/2951/2564 1511/2964/2577
f 1324/2944/2557 1511/2964/2577 1508/2938/2552
f 1511/2964/2577 1368/2951/2564 1554/2965/2578
f 1508/2938/2552 1511/2964/2577 1640/2966/2579
f 1640/2966/2579 1511/2964/2577 1554/2965/2578
f 1554/2965/2578 1368/2951/2564 1505/2967/2580
f 1505/2967/2580 1368/2951/2564 1318/2949/2562
f 1505/2967/2580 1318/2949/2562 1260/2968/2581
f 1554/2965/2578 1505/2967/2580 1649/2969/2582
f 1649/2969/2582 1505/2967/2580 1526/2970/2583
f 1554/2965/2578 1649/2969/2582 1676/2971/2584
f 1554/2965/2578 1676/2971/2584 1640/2966/2579
f 1649/2969/2582 1526/2970/2583 1700/2972/2585
f 1700/2972/2585 1526/2970/2583 1754/2973/2586
f 1676/2971/2584 1649/2969/2582 1771/2974/2587
f 1771/2974/2587 1649/2969/2582 1700/2972/2585
f 1640/2966/2579 1676/2971/2584 1722/2975/2588
f 1734/2976/2589 1825/2977/2590 1754/2973/2586
f 1676/2971/2584 1771/2974/2587 1693/2978/2591
f 1676/2971/2584 1693/2978/2591 1722/2975/2588
f 1754/2973/2586 1825/2977/2590 1812/2979/2592
f 1754/2973/2586 1812/2979/2592 1700/2972/2585
f 1812/2979/2592 1825/2977/2590 1848/2980/2593
f 1786/2981/2594 1771/2974/2587 1700/2972/2585
f 1771/2974/2587 1786/2981/2594 1693/2978/2591
f 1700/2972/2585 1812/2979/2592 1753/2982/2595
f 1700/2972/2585 1753/2982/2595 1786/2981/2594
f 1812/2979/2592 1848/2980/2593 1791/2983/2596
f 1812/2979/2592 1791/2983/2596 1753/2982/2595
f 1786/2981/2594 1753/2982/2595 1643/2984/2597
f 1643/2984/2597 1753/2982/2595 1791/2983/2596
f 1693/2978/2591 1786/2981/2594 1710/2985/2598
f 1710/2985/2598 1786/2981/2594 1643/2984/2597
f 1710/2985/2598 1643/2984/2597 1561/2986/2599
f 1693/2978/2591 1710/2985/2598 1621/2987/2600
f 1621/2987/2600 1710/2985/2598 1561/2986/2599
f 1693/2978/2591 1621/2987/2600 1677/2988/2601
f 1693/2978/2591 1677/2988/2601 1736/2989/2602
f 1693/2978/2591 1736/2989/2602 1746/2990/2603
f 1693/2978/2591 1746/2990/2603 1722/2975/2588
f 1722/2975/2588 1746/2990/2603 1739/2991/2604
f 1739/2991/2604 1746/2990/2603 1736/2989/2602
f 1722/2975/2588 1739/2991/2604 1640/2966/2579
f 1677/2988/2601 1621/2987/2600 1574/2992/2605
f 1736/2989/2602 1677/2988/2601 1667/2993/2606
f 1667/2993/2606 1677/2988/2601 1574/2992/2605
f 1574/2992/2605 1621/2987/2600 1499/2994/2607
f 1499/2994/2607 1621/2987/2600 1561/2986/2599
f 1667/2993/2606 1574/2992/2605 1579/2995/2608
f 1736/2989/2602 1667/2993/2606 1715/2996/2609
f 1736/2989/2602 1715/2996/2609 1739/2991/2604
f 1667/2993/2606 1579/2995/2608 1672/2997/2443
f 1667/2993/2606 1672/2997/2443 1715/2996/2609
f 1579/2995/2608 1574/2992/2605 1414/2998/2610
f 1414/2998/2610 1574/2992/2605 1499/2994/2607
f 1672/2997/2443 1579/2995/2608 1537/2999/2611
f 1537/2999/2611 1579/2995/2608 1414/2998/2610
f 1672/2997/2443 1537/2999/2611 1573/3000/2442
f 1573/3000/2442 1537/2999/2611 1393/3001/2446
f 1715/2996/2609 1672/2997/2443 1730/3002/2439
f 1730/3002/2439 1672/2997/2443 1652/3003/2438
f 1715/2996/2609 1730/3002/2439 1743/3004/2433
f 1743/3004/2433 1730/3002/2439 1717/3005/2435
f 1715/2996/2609 1743/3004/2433 1739/2991/2604
f 1393/3001/2446 1537/2999/2611 1320/3006/2612
f 1320/3006/2612 1537/2999/2611 1414/2998/2610
f 1393/3001/2446 1320/3006/2612 1193/3007/2450
f 1393/3001/2446 1193/3007/2450 1285/3008/2447
f 1739/2991/2604 1743/3004/2433 1651/3009/2613
f 1651/3009/2613 1743/3004/2433 1661/2936/2430
f 1651/3009/2613 1661/2936/2430 1542/2935/2550
f 1651/3009/2613 1542/2935/2550 1599/3010/2614
f 1599/3010/2614 1542/2935/2550 1508/2938/2552
f 1739/2991/2604 1651/3009/2613 1660/3011/2615
f 1660/3011/2615 1651/3009/2613 1599/3010/2614
f 1660/3011/2615 1599/3010/2614 1508/2938/2552
f 1739/2991/2604 1660/3011/2615 1640/2966/2579
f 1640/2966/2579 1660/3011/2615 1508/2938/2552
f 1185/3012/2616 1193/3007/2450 1320/3006/2612
f 1185/3012/2616 1320/3006/2612 1326/3013/2617
f 1326/3013/2617 1320/3006/2612 1414/2998/2610
f 1193/3007/2450 1185/3012/2616 1001/3014/2618
f 1193/3007/2450 1001/3014/2618 1063/3015/2451
f 1063/3015/2451 1001/3014/2618 865/3016/2458
f 1001/3014/2618 1185/3012/2616 989/3017/2619
f 865/3016/2458 1001/3014/2618 909/3018/2620
f 909/3018/2620 1001/3014/2618 989/3017/2619
f 865/3016/2458 909/3018/2620 799/3019/2621
f 865/3016/2458 799/3019/2621 584/3020/2460
f 584/3020/2460 799/3019/2621 688/3021/2622
f 584/3020/2460 688/3021/2622 496/3022/2623
f 496/3022/2623 688/3021/2622 799/3019/2621
f 496/3022/2623 799/3019/2621 747/3023/2624
f 799/3019/2621 909/3018/2620 895/3024/2625
f 799/3019/2621 895/3024/2625 747/3023/2624
f 895/3024/2625 909/3018/2620 989/3017/2619
f 496/3022/2623 747/3023/2624 507/3025/2626
f 747/3023/2624 895/3024/2625 803/3026/2627
f 747/3023/2624 803/3026/2627 507/3025/2626
f 803/3026/2627 895/3024/2625 969/3027/2628
f 969/3027/2628 895/3024/2625 989/3017/2619
f 507/3025/2626 803/3026/2627 724/3028/2629
f 803/3026/2627 969/3027/2628 832/3029/2630
f 803/3026/2627 832/3029/2630 724/3028/2629
f 832/3029/2630 969/3027/2628 839/3030/2631
f 832/3029/2630 839/3030/2631 724/3028/2629
f 969/3027/2628 989/3017/2619 1087/3031/2632
f 437/3032/2633 310/3033/2634 507/3025/2626
f 437/3032/2633 507/3025/2626 505/3034/2635
f 505/3034/2635 507/3025/2626 724/3028/2629
f 437/3032/2633 505/3034/2635 320/3035/2636
f 320/3035/2636 505/3034/2635 360/3036/2637
f 320/3035/2636 360/3036/2637 274/3037/2638
f 505/3034/2635 724/3028/2629 455/3038/2639
f 505/3034/2635 455/3038/2639 360/3036/2637
f 274/3037/2638 360/3036/2637 351/3039/2640
f 274/3037/2638 351/3039/2640 306/3040/2574
f 306/3040/2574 351/3039/2640 471/3041/2569
f 471/3041/2569 351/3039/2640 405/3042/2641
f 471/3041/2569 405/3042/2641 562/3043/2567
f 562/3043/2567 405/3042/2641 637/3044/2566
f 405/3042/2641 351/3039/2640 328/3045/2642
f 328/3045/2642 351/3039/2640 360/3036/2637
f 637/3044/2566 405/3042/2641 399/3046/2643
f 399/3046/2643 405/3042/2641 328/3045/2642
f 328/3045/2642 360/3036/2637 337/3047/2644
f 337/3047/2644 360/3036/2637 455/3038/2639
f 328/3045/2642 337/3047/2644 356/3048/2645
f 356/3048/2645 337/3047/2644 455/3038/2639
f 328/3045/2642 356/3048/2645 399/3046/2643
f 637/3044/2566 399/3046/2643 303/3049/2646
f 637/3044/2566 303/3049/2646 583/3050/2647
f 583/3050/2647 303/3049/2646 345/3051/2648
f 345/3051/2648 303/3049/2646 260/3052/2649
f 303/3049/2646 399/3046/2643 253/3053/2650
f 303/3049/2646 253/3053/2650 260/3052/2649
f 253/3053/2650 399/3046/2643 356/3048/2645
f 260/3052/2649 253/3053/2650 242/3054/2651
f 260/3052/2649 242/3054/2651 331/3055/2652
f 331/3055/2652 242/3054/2651 287/3056/2653
f 331/3055/2652 287/3056/2653 368/3057/2654
f 242/3054/2651 253/3053/2650 273/3058/2655
f 242/3054/2651 273/3058/2655 287/3056/2653
f 253/3053/2650 356/3048/2645 350/3059/2656
f 253/3053/2650 350/3059/2656 273/3058/2655
f 368/3057/2654 287/3056/2653 462/3060/2657
f 368/3057/2654 462/3060/2657 448/3061/2658
f 287/3056/2653 273/3058/2655 447/3062/2659
f 287/3056/2653 447/3062/2659 462/3060/2657
f 448/3061/2658 462/3060/2657 555/3063/2660
f 555/3063/2660 462/3060/2657 447/3062/2659
f 448/3061/2658 555/3063/2660 530/3064/2661
f 446/3065/2662 273/3058/2655 350/3059/2656
f 273/3058/2655 446/3065/2662 447/3062/2659
f 530/3064/2661 555/3063/2660 599/3066/2663
f 530/3064/2661 599/3066/2663 600/3067/2664
f 530/3064/2661 600/3067/2664 630/3068/2665
f 630/3068/2665 600/3067/2664 729/3069/2666
f 729/3069/2666 600/3067/2664 599/3066/2663
f 729/3069/2666 599/3066/2663 555/3063/2660
f 732/3070/2667 555/3063/2660 447/3062/2659
f 555/3063/2660 732/3070/2667 729/3069/2666
f 729/3069/2666 732/3070/2667 887/3071/2668
f 729/3069/2666 887/3071/2668 773/3072/2669
f 732/3070/2667 447/3062/2659 754/3073/2670
f 887/3071/2668 732/3070/2667 936/3074/2671
f 936/3074/2671 732/3070/2667 754/3073/2670
f 754/3073/2670 447/3062/2659 717/3075/2672
f 717/3075/2672 447/3062/2659 446/3065/2662
f 754/3073/2670 717/3075/2672 852/3076/2673
f 754/3073/2670 852/3076/2673 936/3074/2671
f 717/3075/2672 446/3065/2662 689/3077/2674
f 717/3075/2672 689/3077/2674 852/3076/2673
f 689/3077/2674 446/3065/2662 350/3059/2656
f 689/3077/2674 350/3059/2656 570/3078/2675
f 570/3078/2675 350/3059/2656 356/3048/2645
f 570/3078/2675 356/3048/2645 455/3038/2639
f 689/3077/2674 570/3078/2675 812/3079/2676
f 689/3077/2674 812/3079/2676 852/3076/2673
f 570/3078/2675 455/3038/2639 701/3080/2677
f 570/3078/2675 701/3080/2677 812/3079/2676
f 701/3080/2677 455/3038/2639 724/3028/2629
f 701/3080/2677 724/3028/2629 839/3030/2631
f 701/3080/2677 839/3030/2631 812/3079/2676
f 852/3076/2673 812/3079/2676 1004/3081/2678
f 1004/3081/2678 812/3079/2676 839/3030/2631
f 852/3076/2673 1004/3081/2678 1194/3082/2679
f 1004/3081/2678 839/3030/2631 1038/3083/2680
f 1038/3083/2680 839/3030/2631 969/3027/2628
f 1004/3081/2678 1038/3083/2680 1237/3084/2681
f 1004/3081/2678 1237/3084/2681 1194/3082/2679
f 1038/3083/2680 969/3027/2628 1087/3031/2632
f 852/3076/2673 1194/3082/2679 999/3085/2682
f 852/3076/2673 999/3085/2682 936/3074/2671
f 999/3085/2682 1194/3082/2679 1201/3086/2683
f 999/3085/2682 1201/3086/2683 936/3074/2671
f 936/3074/2671 1201/3086/2683 1083/3087/2684
f 936/3074/2671 1083/3087/2684 1097/3088/2685
f 936/3074/2671 1097/3088/2685 887/3071/2668
f 887/3071/2668 1097/3088/2685 1041/3089/2686
f 1097/3088/2685 1083/3087/2684 1226/3090/2687
f 1226/3090/2687 1083/3087/2684 1201/3086/2683
f 1097/3088/2685 1226/3090/2687 1262/3091/2688
f 1097/3088/2685 1262/3091/2688 1221/3092/2689
f 1262/3091/2688 1226/3090/2687 1457/3093/2690
f 1262/3091/2688 1457/3093/2690 1405/3094/2691
f 1226/3090/2687 1201/3086/2683 1411/3095/2692
f 1226/3090/2687 1411/3095/2692 1457/3093/2690
f 1411/3095/2692 1201/3086/2683 1447/3096/2693
f 1447/3096/2693 1201/3086/2683 1194/3082/2679
f 1457/3093/2690 1411/3095/2692 1674/3097/2694
f 1457/3093/2690 1674/3097/2694 1772/3098/2695
f 1411/3095/2692 1447/3096/2693 1615/3099/2696
f 1411/3095/2692 1615/3099/2696 1674/3097/2694
f 1447/3096/2693 1194/3082/2679 1541/3100/2697
f 1615/3099/2696 1447/3096/2693 1685/3101/2698
f 1685/3101/2698 1447/3096/2693 1541/3100/2697
f 1674/3097/2694 1615/3099/2696 1777/3102/2699
f 1777/3102/2699 1615/3099/2696 1685/3101/2698
f 1674/3097/2694 1777/3102/2699 1827/3103/2700
f 1777/3102/2699 1685/3101/2698 1791/2983/2596
f 1791/2983/2596 1685/3101/2698 1541/3100/2697
f 1827/3103/2700 1777/3102/2699 1841/3104/2701
f 1841/3104/2701 1777/3102/2699 1791/2983/2596
f 1827/3103/2700 1841/3104/2701 1855/3105/2702
f 1855/3105/2702 1841/3104/2701 1865/3106/2703
f 1865/3106/2703 1841/3104/2701 1848/2980/2593
f 1848/2980/2593 1841/3104/2701 1791/2983/2596
f 1791/2983/2596 1541/3100/2697 1643/2984/2597
f 1194/3082/2679 1237/3084/2681 1541/3100/2697
f 1643/2984/2597 1541/3100/2697 1487/3107/2704
f 1487/3107/2704 1541/3100/2697 1237/3084/2681
f 1643/2984/2597 1487/3107/2704 1561/2986/2599
f 1487/3107/2704 1237/3084/2681 1348/3108/2705
f 1487/3107/2704 1348/3108/2705 1561/2986/2599
f 1348/3108/2705 1237/3084/2681 1208/3109/2706
f 1208/3109/2706 1237/3084/2681 1038/3083/2680
f 1561/2986/2599 1348/3108/2705 1357/3110/2707
f 1561/2986/2599 1357/3110/2707 1499/2994/2607
f 1499/2994/2607 1357/3110/2707 1414/2998/2610
f 1357/3110/2707 1348/3108/2705 1242/3111/2708
f 1357/3110/2707 1242/3111/2708 1414/2998/2610
f 1242/3111/2708 1348/3108/2705 1208/3109/2706
f 1208/3109/2706 1038/3083/2680 1087/3031/2632
f 1414/2998/2610 1242/3111/2708 1326/3013/2617
f 1208/3109/2706 1087/3031/2632 1162/3112/2709
f 1208/3109/2706 1162/3112/2709 1242/3111/2708
f 1242/3111/2708 1162/3112/2709 1087/3031/2632
f 1242/3111/2708 1087/3031/2632 1130/3113/2710
f 1130/3113/2710 1087/3031/2632 989/3017/2619
f 1326/3013/2617 1242/3111/2708 1228/3114/2711
f 1228/3114/2711 1242/3111/2708 1130/3113/2710
f 1326/3013/2617 1228/3114/2711 1185/3012/2616
f 1130/3113/2710 989/3017/2619 1077/3115/2712
f 1077/3115/2712 989/3017/2619 1185/3012/2616
f 1130/3113/2710 1077/3115/2712 1228/3114/2711
f 1228/3114/2711 1077/3115/2712 1185/3012/2616
f 3067/3116/2713 2836/2444/2162 2907/2433/1889
f 3067/3116/2713 2907/2433/1889 3175/3117/1890
f 3067/3116/2713 3175/3117/1890 3217/3118/1892
f 2836/2444/2162 3067/3116/2713 2927/3119/2714
f 3067/3116/2713 3217/3118/1892 3049/3120/2715
f 3067/3116/2713 3049/3120/2715 2927/3119/2714
f 3049/3120/2715 3217/3118/1892 3233/3121/2716
f 3233/3121/2716 3217/3118/1892 3236/3122/1896
f 3233/3121/2716 3236/3122/1896 3074/3123/2717
f 3074/3123/2717 3236/3122/1896 2975/3124/1897
f 3049/3120/2715 3233/3121/2716 3047/3125/2718
f 3047/3125/2718 3233/3121/2716 3074/3123/2717
f 3074/3123/2717 2975/3124/1897 2953/3126/2719
f 3074/3123/2717 2953/3126/2719 3047/3125/2718
f 2953/3126/2719 2975/3124/1897 2812/2443/1900
f 3049/3120/2715 3047/3125/2718 2941/3127/2720
f 2941/3127/2720 3047/3125/2718 2953/3126/2719
f 3049/3120/2715 2941/3127/2720 2927/3119/2714
f 2953/3126/2719 2812/2443/1900 2854/3128/2721
f 2953/3126/2719 2854/3128/2721 2941/3127/2720
f 2941/3127/2720 2854/3128/2721 2927/3119/2714
f 2927/3119/2714 2854/3128/2721 2836/2444/2162
f 2854/3128/2721 2812/2443/1900 2759/2442/2161
f 2854/3128/2721 2759/2442/2161 2836/2444/2162
f 3480/3129/2362 3387/3130/2722 3258/3131/2358
f 3258/3131/2358 3387/3130/2722 3165/3132/2723
f 3258/3131/2358 3165/3132/2723 2959/3133/2355
f 3165/3132/2723 3387/3130/2722 3412/3134/2724
f 3165/3132/2723 3412/3134/2724 3271/3135/2725
f 3387/3130/2722 3480/3129/2362 3549/3136/2726
f 3387/3130/2722 3549/3136/2726 3412/3134/2724
f 3549/3136/2726 3480/3129/2362 3669/3137/2727
f 3669/3137/2727 3480/3129/2362 3728/3138/2365
f 3271/3135/2725 3412/3134/2724 3404/3139/2728
f 3271/3135/2725 3404/3139/2728 3205/3140/2729
f 3205/3140/2729 3404/3139/2728 3308/3141/2730
f 3308/3141/2730 3404/3139/2728 3565/3142/2731
f 3669/3137/2727 3728/3138/2365 3800/3143/2732
f 3800/3143/2732 3728/3138/2365 3923/3144/2374
f 3669/3137/2727 3800/3143/2732 3721/3145/2733
f 3669/3137/2727 3721/3145/2733 3549/3136/2726
f 3800/3143/2732 3923/3144/2374 4026/3146/2734
f 4026/3146/2734 3923/3144/2374 4085/3147/2379
f 3800/3143/2732 4026/3146/2734 3813/3148/2735
f 3800/3143/2732 3813/3148/2735 3721/3145/2733
f 3813/3148/2735 4026/3146/2734 3957/3149/2736
f 4026/3146/2734 4085/3147/2379 4070/3150/2737
f 4026/3146/2734 4070/3150/2737 3957/3149/2736
f 3813/3148/2735 3957/3149/2736 3853/3151/2738
f 3813/3148/2735 3853/3151/2738 3721/3145/2733
f 3853/3151/2738 3957/3149/2736 3983/3152/2739
f 3983/3152/2739 3957/3149/2736 4070/3150/2737
f 3853/3151/2738 3983/3152/2739 3851/3153/2740
f 3853/3151/2738 3851/3153/2740 3806/3154/2741
f 3853/3151/2738 3806/3154/2741 3721/3145/2733
f 3806/3154/2741 3851/3153/2740 3908/3155/2742
f 3908/3155/2742 3851/3153/2740 3983/3152/2739
f 3721/3145/2733 3806/3154/2741 3785/3156/2743
f 3806/3154/2741 3908/3155/2742 3836/3157/2744
f 3806/3154/2741 3836/3157/2744 3785/3156/2743
f 3836/3157/2744 3908/3155/2742 3833/3158/2745
f 3836/3157/2744 3833/3158/2745 3785/3156/2743
f 3785/3156/2743 3833/3158/2745 3908/3155/2742
f 3785/3156/2743 3908/3155/2742 3816/3159/2746
f 3721/3145/2733 3785/3156/2743 3663/3160/2747
f 3663/3160/2747 3785/3156/2743 3816/3159/2746
f 3721/3145/2733 3663/3160/2747 3517/3161/2748
f 3721/3145/2733 3517/3161/2748 3549/3136/2726
f 3549/3136/2726 3517/3161/2748 3412/3134/2724
f 3412/3134/2724 3517/3161/2748 3404/3139/2728
f 3404/3139/2728 3517/3161/2748 3530/3162/2749
f 3530/3162/2749 3517/3161/2748 3663/3160/2747
f 3404/3139/2728 3530/3162/2749 3565/3142/2731
f 3565/3142/2731 3530/3162/2749 3776/3163/2750
f 3776/3163/2750 3530/3162/2749 3663/3160/2747
f 3776/3163/2750 3663/3160/2747 3816/3159/2746
f 3776/3163/2750 3816/3159/2746 4020/3164/2751
f 4042/3165/2752 3816/3159/2746 3908/3155/2742
f 3816/3159/2746 4042/3165/2752 4020/3164/2751
f 4042/3165/2752 3908/3155/2742 3983/3152/2739
f 4020/3164/2751 4042/3165/2752 4195/3166/2753
f 4020/3164/2751 4195/3166/2753 3990/3167/2754
f 3990/3167/2754 4195/3166/2753 4157/3168/2755
f 4195/3166/2753 4042/3165/2752 4142/3169/2756
f 4157/3168/2755 4195/3166/2753 4207/3170/2757
f 4207/3170/2757 4195/3166/2753 4142/3169/2756
f 4142/3169/2756 4042/3165/2752 4156/3171/2758
f 4042/3165/2752 3983/3152/2739 4064/3172/2759
f 4042/3165/2752 4064/3172/2759 4156/3171/2758
f 4064/3172/2759 3983/3152/2739 4063/3173/2760
f 4063/3173/2760 3983/3152/2739 4068/3174/2761
f 4064/3172/2759 4063/3173/2760 4095/3175/2762
f 4095/3175/2762 4063/3173/2760 4068/3174/2761
f 4064/3172/2759 4095/3175/2762 4156/3171/2758
f 4068/3174/2761 3983/3152/2739 4070/3150/2737
f 4068/3174/2761 4070/3150/2737 4095/3175/2762
f 4156/3171/2758 4095/3175/2762 4140/3176/2763
f 4140/3176/2763 4095/3175/2762 4070/3150/2737
f 4140/3176/2763 4070/3150/2737 4180/3177/2382
f 4180/3177/2382 4070/3150/2737 4085/3147/2379
f 4180/3177/2382 4085/3147/2379 4090/3178/2378
f 4140/3176/2763 4180/3177/2382 4164/3179/2764
f 4140/3176/2763 4164/3179/2764 4156/3171/2758
f 4164/3179/2764 4180/3177/2382 4160/3180/2389
f 4156/3171/2758 4164/3179/2764 4176/3181/2765
f 4156/3171/2758 4176/3181/2765 4142/3169/2756
f 4164/3179/2764 4160/3180/2389 4122/3182/2766
f 4164/3179/2764 4122/3182/2766 4176/3181/2765
f 4122/3182/2766 4160/3180/2389 4073/3183/2390
f 4142/3169/2756 4176/3181/2765 4040/3184/2767
f 4142/3169/2756 4040/3184/2767 4207/3170/2757
f 4176/3181/2765 4122/3182/2766 4106/3185/2768
f 4176/3181/2765 4106/3185/2768 4040/3184/2767
f 4122/3182/2766 4073/3183/2390 4012/3186/2769
f 4122/3182/2766 4012/3186/2769 4106/3185/2768
f 4012/3186/2769 4073/3183/2390 3920/3187/2770
f 3920/3187/2770 4073/3183/2390 3939/3188/2395
f 3920/3187/2770 3939/3188/2395 3741/3189/2406
f 4106/3185/2768 4012/3186/2769 4010/3190/2771
f 4106/3185/2768 4010/3190/2771 4040/3184/2767
f 4012/3186/2769 3920/3187/2770 3889/3191/2772
f 4012/3186/2769 3889/3191/2772 4010/3190/2771
f 3920/3187/2770 3741/3189/2406 3769/3192/2773
f 3920/3187/2770 3769/3192/2773 3889/3191/2772
f 4010/3190/2771 3889/3191/2772 3868/3193/2774
f 4010/3190/2771 3868/3193/2774 4040/3184/2767
f 3889/3191/2772 3769/3192/2773 3770/3194/2775
f 3889/3191/2772 3770/3194/2775 3868/3193/2774
f 3769/3192/2773 3741/3189/2406 3631/3195/2776
f 3631/3195/2776 3741/3189/2406 3531/3196/2407
f 3770/3194/2775 3769/3192/2773 3615/3197/2777
f 3615/3197/2777 3769/3192/2773 3631/3195/2776
f 3631/3195/2776 3531/3196/2407 3487/3198/2778
f 3631/3195/2776 3487/3198/2778 3615/3197/2777
f 3487/3198/2778 3531/3196/2407 3330/3199/2523
f 3770/3194/2775 3615/3197/2777 3740/3200/2779
f 3770/3194/2775 3740/3200/2779 3868/3193/2774
f 3615/3197/2777 3487/3198/2778 3603/3201/2780
f 3615/3197/2777 3603/3201/2780 3740/3200/2779
f 3603/3201/2780 3487/3198/2778 3419/3202/2781
f 3603/3201/2780 3419/3202/2781 3476/3203/2782
f 3603/3201/2780 3476/3203/2782 3668/3204/2783
f 3603/3201/2780 3668/3204/2783 3740/3200/2779
f 3668/3204/2783 3476/3203/2782 3430/3205/2784
f 3668/3204/2783 3430/3205/2784 3679/3206/2785
f 3947/3207/2786 3868/3193/2774 3740/3200/2779
f 3947/3207/2786 3740/3200/2779 3668/3204/2783
f 3868/3193/2774 3947/3207/2786 4040/3184/2767
f 3668/3204/2783 3679/3206/2785 3955/3208/2787
f 3668/3204/2783 3955/3208/2787 3947/3207/2786
f 4040/3184/2767 3947/3207/2786 4135/3209/2788
f 4135/3209/2788 3947/3207/2786 3955/3208/2787
f 4040/3184/2767 4135/3209/2788 4207/3170/2757
f 4207/3170/2757 4135/3209/2788 4131/3210/2789
f 4131/3210/2789 4135/3209/2788 3955/3208/2787
f 4207/3170/2757 4131/3210/2789 4157/3168/2755
f 4071/3211/2790 3955/3208/2787 3679/3206/2785
f 3955/3208/2787 4071/3211/2790 4131/3210/2789
f 4071/3211/2790 3679/3206/2785 3688/3212/2791
f 4157/3168/2755 4131/3210/2789 4214/3213/2792
f 4214/3213/2792 4131/3210/2789 4071/3211/2790
f 4157/3168/2755 4214/3213/2792 4246/3214/2793
f 4246/3214/2793 4214/3213/2792 4267/3215/2794
f 4267/3215/2794 4214/3213/2792 4248/3216/2795
f 4248/3216/2795 4214/3213/2792 4071/3211/2790
f 4071/3211/2790 3688/3212/2791 3972/3217/2796
f 4248/3216/2795 4071/3211/2790 4194/3218/2797
f 4194/3218/2797 4071/3211/2790 3972/3217/2796
f 4194/3218/2797 3972/3217/2796 4186/3219/2798
f 3369/3220/746 3274/3221/753 3402/3222/745
f 3402/3222/745 3274/3221/753 3348/3223/2799
f 3402/3222/745 3348/3223/2799 3617/3224/2800
f 3402/3222/745 3617/3224/2800 3763/3225/742
f 3763/3225/742 3617/3224/2800 3952/3226/743
f 3952/3226/743 3617/3224/2800 3875/3227/2801
f 3875/3227/2801 3617/3224/2800 3692/3228/2802
f 3875/3227/2801 3692/3228/2802 3599/3229/2803
f 3599/3229/2803 3692/3228/2802 3617/3224/2800
f 3599/3229/2803 3617/3224/2800 3348/3223/2799
f 3875/3227/2801 3599/3229/2803 3856/3230/2804
f 3386/3231/2805 3348/3223/2799 3274/3221/753
f 3348/3223/2799 3386/3231/2805 3599/3229/2803
f 3386/3231/2805 3274/3221/753 3344/3232/2806
f 3856/3230/2804 3599/3229/2803 3519/3233/2807
f 3519/3233/2807 3599/3229/2803 3386/3231/2805
f 3519/3233/2807 3386/3231/2805 3344/3232/2806
f 3856/3230/2804 3519/3233/2807 3962/3234/2808
f 3519/3233/2807 3344/3232/2806 3452/3235/2809
f 3519/3233/2807 3452/3235/2809 3962/3234/2808
f 3452/3235/2809 3344/3232/2806 3222/3236/2810
f 3222/3236/2810 3344/3232/2806 3226/3237/2811
f 3222/3236/2810 3226/3237/2811 3126/3238/2812
f 3222/3236/2810 3126/3238/2812 2960/3239/2813
f 2960/3239/2813 3126/3238/2812 3057/3240/2814
f 2960/3239/2813 3057/3240/2814 2898/3241/2815
f 2960/3239/2813 2898/3241/2815 2830/3242/2816
f 3222/3236/2810 2960/3239/2813 3030/3243/2817
f 3030/3243/2817 2960/3239/2813 2830/3242/2816
f 3222/3236/2810 3030/3243/2817 3161/3244/2818
f 3222/3236/2810 3161/3244/2818 3452/3235/2809
f 3030/3243/2817 2830/3242/2816 2938/3245/2819
f 2938/3245/2819 2830/3242/2816 2794/3246/2820
f 3030/3243/2817 2938/3245/2819 2979/3247/2821
f 3030/3243/2817 2979/3247/2821 3161/3244/2818
f 2979/3247/2821 2938/3245/2819 2985/3248/2822
f 2979/3247/2821 2985/3248/2822 3161/3244/2818
f 2938/3245/2819 2794/3246/2820 2911/3249/2823
f 2938/3245/2819 2911/3249/2823 2985/3248/2822
f 2911/3249/2823 2794/3246/2820 2838/3250/2824
f 2838/3250/2824 2794/3246/2820 2814/3251/2825
f 2838/3250/2824 2814/3251/2825 2727/3252/2826
f 2838/3250/2824 2727/3252/2826 2829/3253/2827
f 2838/3250/2824 2829/3253/2827 2911/3249/2823
f 2911/3249/2823 2829/3253/2827 2985/3248/2822
f 3124/3254/2828 3161/3244/2818 2985/3248/2822
f 2985/3248/2822 2829/3253/2827 3083/3255/2829
f 2985/3248/2822 3083/3255/2829 3124/3254/2828
f 3083/3255/2829 2829/3253/2827 2892/3256/2830
f 3161/3244/2818 3124/3254/2828 3296/3257/2831
f 3296/3257/2831 3124/3254/2828 3083/3255/2829
f 3083/3255/2829 2892/3256/2830 3179/3258/2832
f 3161/3244/2818 3296/3257/2831 3352/3259/2833
f 3161/3244/2818 3352/3259/2833 3452/3235/2809
f 3296/3257/2831 3083/3255/2829 3266/3260/2834
f 3452/3235/2809 3352/3259/2833 3521/3261/2835
f 3352/3259/2833 3296/3257/2831 3431/3262/2836
f 3352/3259/2833 3431/3262/2836 3521/3261/2835
f 3431/3262/2836 3296/3257/2831 3339/3263/2837
f 3339/3263/2837 3296/3257/2831 3266/3260/2834
f 3521/3261/2835 3431/3262/2836 3566/3264/2838
f 3452/3235/2809 3521/3261/2835 3665/3265/2839
f 3665/3265/2839 3521/3261/2835 3566/3264/2838
f 3452/3235/2809 3665/3265/2839 3962/3234/2808
f 3962/3234/2808 3665/3265/2839 3986/3266/2840
f 3986/3266/2840 3665/3265/2839 3722/3267/2841
f 3722/3267/2841 3665/3265/2839 3566/3264/2838
f 3986/3266/2840 3722/3267/2841 3943/3268/2842
f 3943/3268/2842 3722/3267/2841 3944/3269/2843
f 3722/3267/2841 3566/3264/2838 3670/3270/2844
f 3722/3267/2841 3670/3270/2844 3944/3269/2843
f 3524/3271/2845 3566/3264/2838 3431/3262/2836
f 3566/3264/2838 3524/3271/2845 3670/3270/2844
f 3524/3271/2845 3431/3262/2836 3339/3263/2837
f 3944/3269/2843 3670/3270/2844 3709/3272/2846
f 3944/3269/2843 3709/3272/2846 3951/3273/2847
f 3670/3270/2844 3524/3271/2845 3542/3274/2848
f 3542/3274/2848 3524/3271/2845 3339/3263/2837
f 3670/3270/2844 3542/3274/2848 3709/3272/2846
f 3951/3273/2847 3709/3272/2846 3711/3275/2849
f 3711/3275/2849 3709/3272/2846 3542/3274/2848
f 3951/3273/2847 3711/3275/2849 3990/3276/2754
f 3990/3276/2754 3711/3275/2849 3776/3277/2750
f 3990/3276/2754 3776/3277/2750 4020/3278/2751
f 3776/3277/2750 3711/3275/2849 3565/3279/2731
f 3542/3274/2848 3339/3263/2837 3266/3260/2834
f 3565/3279/2731 3711/3275/2849 3479/3280/2850
f 3479/3280/2850 3711/3275/2849 3542/3274/2848
f 3565/3279/2731 3479/3280/2850 3308/3281/2730
f 3308/3281/2730 3479/3280/2850 3277/3282/2851
f 3277/3282/2851 3479/3280/2850 3542/3274/2848
f 3277/3282/2851 3542/3274/2848 3266/3260/2834
f 3277/3282/2851 3266/3260/2834 3179/3258/2832
f 3277/3282/2851 3179/3258/2832 2981/3283/2852
f 3179/3258/2832 3266/3260/2834 3190/3284/2853
f 3179/3258/2832 3190/3284/2853 3173/3285/2854
f 3179/3258/2832 3173/3285/2854 3083/3255/2829
f 3174/3286/2855 3266/3260/2834 3083/3255/2829
f 3266/3260/2834 3174/3286/2855 3190/3284/2853
f 3174/3286/2855 3083/3255/2829 3173/3285/2854
f 3173/3285/2854 3190/3284/2853 3181/3287/2856
f 3181/3287/2856 3190/3284/2853 3174/3286/2855
f 3174/3286/2855 3173/3285/2854 3189/3288/2857
f 3174/3286/2855 3189/3288/2857 3181/3287/2856
f 3181/3287/2856 3189/3288/2857 3173/3285/2854
f 547/3289/2858 541/3290/1779 518/3291/1777
f 541/3290/1779 547/3289/2858 598/3292/1782
f 598/3292/1782 547/3289/2858 622/3293/2859
f 598/3292/1782 622/3293/2859 671/3294/1788
f 622/3293/2859 547/3289/2858 645/3295/2860
f 671/3294/1788 622/3293/2859 941/3296/2861
f 941/3296/2861 622/3293/2859 645/3295/2860
f 671/3294/1788 941/3296/2861 1365/3297/1789
f 1365/3297/1789 941/3296/2861 1406/10/10
f 1365/3297/1789 1406/10/10 1899/3298/1796
f 1406/10/10 941/3296/2861 1564/11/11
f 1564/11/11 941/3296/2861 645/3295/2860
f 1899/3298/1796 1406/10/10 1869/9/9
f 1899/3298/1796 1869/9/9 1886/3299/2862
f 1899/3298/1796 1886/3299/2862 1912/3300/592
f 1886/3299/2862 1869/9/9 1873/3301/2863
f 1873/3301/2863 1869/9/9 1838/3302/2864
f 1838/3302/2864 1869/9/9 1564/11/11
f 1873/3301/2863 1838/3302/2864 1858/3303/2865
f 1858/3303/2865 1838/3302/2864 1844/3304/2866
f 1858/3303/2865 1844/3304/2866 1853/3305/2867
f 1844/3304/2866 1838/3302/2864 1829/3306/2868
f 1853/3305/2867 1844/3304/2866 1768/3307/2869
f 1853/3305/2867 1768/3307/2869 1801/3308/2870
f 1844/3304/2866 1829/3306/2868 1612/3309/2871
f 1844/3304/2866 1612/3309/2871 1768/3307/2869
f 1829/3306/2868 1838/3302/2864 1249/3310/2872
f 1829/3306/2868 1249/3310/2872 1612/3309/2871
f 1249/3310/2872 1838/3302/2864 1564/11/11
f 1768/3307/2869 1612/3309/2871 1272/3311/2873
f 1272/3311/2873 1612/3309/2871 1249/3310/2872
f 1244/3312/2874 1801/3308/2870 1768/3307/2869
f 1244/3312/2874 1768/3307/2869 1272/3311/2873
f 1801/3308/2870 1244/3312/2874 697/3313/2875
f 1244/3312/2874 1272/3311/2873 1035/3314/2876
f 1244/3312/2874 1035/3314/2876 697/3313/2875
f 1272/3311/2873 1249/3310/2872 947/3315/2877
f 1272/3311/2873 947/3315/2877 1035/3314/2876
f 1053/3316/2878 1249/3310/2872 1564/11/11
f 1053/3316/2878 1564/11/11 645/3295/2860
f 947/3315/2877 1249/3310/2872 952/3317/2879
f 952/3317/2879 1249/3310/2872 1053/3316/2878
f 1035/3314/2876 947/3315/2877 696/3318/2880
f 696/3318/2880 947/3315/2877 952/3317/2879
f 664/3319/2881 697/3313/2875 1035/3314/2876
f 664/3319/2881 1035/3314/2876 696/3318/2880
f 697/3313/2875 664/3319/2881 576/3320/2882
f 697/3313/2875 576/3320/2882 568/3321/2883
f 664/3319/2881 696/3318/2880 572/3322/2884
f 664/3319/2881 572/3322/2884 576/3320/2882
f 568/3321/2883 576/3320/2882 531/3323/2885
f 531/3323/2885 576/3320/2882 572/3322/2884
f 568/3321/2883 531/3323/2885 543/3324/2886
f 642/3325/2887 696/3318/2880 952/3317/2879
f 696/3318/2880 642/3325/2887 572/3322/2884
f 649/3326/2888 952/3317/2879 1053/3316/2878
f 952/3317/2879 649/3326/2888 642/3325/2887
f 649/3326/2888 1053/3316/2878 645/3295/2860
f 649/3326/2888 645/3295/2860 580/3327/2889
f 649/3326/2888 580/3327/2889 642/3325/2887
f 580/3327/2889 645/3295/2860 547/3289/2858
f 572/3322/2884 642/3325/2887 556/3328/2890
f 556/3328/2890 642/3325/2887 580/3327/2889
f 572/3322/2884 556/3328/2890 531/3323/2885
f 580/3327/2889 547/3289/2858 550/3329/2891
f 580/3327/2889 550/3329/2891 556/3328/2890
f 550/3329/2891 547/3289/2858 518/3291/1777
f 531/3323/2885 556/3328/2890 537/3330/2892
f 537/3330/2892 556/3328/2890 550/3329/2891
f 550/3329/2891 518/3291/1777 542/3331/2893
f 550/3329/2891 542/3331/2893 537/3330/2892
f 542/3331/2893 518/3291/1777 549/3332/1778
f 531/3323/2885 537/3330/2892 525/3333/2894
f 531/3323/2885 525/3333/2894 543/3324/2886
f 543/3324/2886 525/3333/2894 606/3334/2895
f 525/3333/2894 537/3330/2892 582/3335/2896
f 525/3333/2894 582/3335/2896 606/3334/2895
f 537/3330/2892 542/3331/2893 612/3336/2897
f 537/3330/2892 612/3336/2897 582/3335/2896
f 542/3331/2893 549/3332/1778 638/3337/1784
f 542/3331/2893 638/3337/1784 612/3336/2897
f 638/3337/1784 549/3332/1778 624/3338/1780
f 606/3334/2895 582/3335/2896 528/3339/2898
f 606/3334/2895 528/3339/2898 581/3340/2899
f 581/3340/2899 528/3339/2898 585/3341/2900
f 528/3339/2898 582/3335/2896 521/3342/2901
f 521/3342/2901 582/3335/2896 612/3336/2897
f 585/3341/2900 528/3339/2898 544/3343/2902
f 544/3343/2902 528/3339/2898 521/3342/2901
f 585/3341/2900 544/3343/2902 533/3344/2903
f 521/3342/2901 612/3336/2897 586/3345/2904
f 586/3345/2904 612/3336/2897 638/3337/1784
f 586/3345/2904 638/3337/1784 623/3346/1786
f 623/3346/1786 638/3337/1784 571/3347/1783
f 586/3345/2904 623/3346/1786 640/3348/1019
f 521/3342/2901 586/3345/2904 534/3349/2905
f 521/3342/2901 534/3349/2905 544/3343/2902
f 534/3349/2905 586/3345/2904 640/3348/1019
f 565/3350/2906 533/3344/2903 544/3343/2902
f 565/3350/2906 544/3343/2902 534/3349/2905
f 533/3344/2903 565/3350/2906 546/3351/2907
f 534/3349/2905 640/3348/1019 607/3352/2908
f 534/3349/2905 607/3352/2908 565/3350/2906
f 607/3352/2908 640/3348/1019 663/3353/1020
f 546/3351/2907 565/3350/2906 601/3354/2909
f 601/3354/2909 565/3350/2906 607/3352/2908
f 546/3351/2907 601/3354/2909 675/3355/2910
f 607/3352/2908 663/3353/1020 734/3356/2911
f 607/3352/2908 734/3356/2911 601/3354/2909
f 601/3354/2909 734/3356/2911 675/3355/2910
f 734/3356/2911 663/3353/1020 759/3357/1021
f 675/3355/2910 734/3356/2911 785/3358/2912
f 734/3356/2911 759/3357/1021 842/3359/1023
f 734/3356/2911 842/3359/1023 785/3358/2912
f 3942/3360/1247 3834/3361/1246 4015/3362/1250
f 3942/3360/1247 4015/3362/1250 4059/3363/2913
f 3942/3360/1247 4059/3363/2913 4011/3364/1401
f 4011/3364/1401 4059/3363/2913 4081/3365/1404
f 4059/3363/2913 4015/3362/1250 4128/3366/2914
f 4059/3363/2913 4128/3366/2914 4081/3365/1404
f 4128/3366/2914 4015/3362/1250 4078/3367/1252
f 4128/3366/2914 4078/3367/1252 4158/3368/1272
f 4081/3365/1404 4128/3366/2914 4150/3369/2915
f 4150/3369/2915 4128/3366/2914 4158/3368/1272
f 4081/3365/1404 4150/3369/2915 4111/3370/1415
f 4081/3365/1404 4111/3370/1415 4048/3371/1406
f 4150/3369/2915 4158/3368/1272 4184/3372/2916
f 4184/3372/2916 4158/3368/1272 4087/3373/1276
f 4111/3370/1415 4150/3369/2915 4159/3374/2917
f 4159/3374/2917 4150/3369/2915 4184/3372/2916
f 4184/3372/2916 4087/3373/1276 4126/3375/2918
f 4184/3372/2916 4126/3375/2918 4159/3374/2917
f 4111/3370/1415 4159/3374/2917 4096/3376/2919
f 4111/3370/1415 4096/3376/2919 4057/3377/1414
f 4159/3374/2917 4126/3375/2918 4115/3378/2920
f 4096/3376/2919 4159/3374/2917 4074/3379/2921
f 4074/3379/2921 4159/3374/2917 4115/3378/2920
f 4096/3376/2919 4074/3379/2921 4016/3380/2922
f 4115/3378/2920 4126/3375/2918 4053/3381/2923
f 4115/3378/2920 4053/3381/2923 4074/3379/2921
f 4053/3381/2923 4126/3375/2918 4049/3382/2924
f 4053/3381/2923 4049/3382/2924 3877/3383/2925
f 4016/3380/2922 4074/3379/2921 3980/3384/2926
f 4053/3381/2923 3877/3383/2925 3936/3385/2927
f 4074/3379/2921 4053/3381/2923 3999/3386/2928
f 4074/3379/2921 3999/3386/2928 3980/3384/2926
f 3999/3386/2928 4053/3381/2923 3936/3385/2927
f 3980/3384/2926 3999/3386/2928 3930/3387/2929
f 3930/3387/2929 3999/3386/2928 3936/3385/2927
f 3980/3384/2926 3930/3387/2929 3798/3388/2930
f 3798/3388/2930 3930/3387/2929 3936/3385/2927
f 3798/3388/2930 3936/3385/2927 3786/3389/2931
f 3798/3388/2930 3786/3389/2931 3627/3390/2932
f 3798/3388/2930 3627/3390/2932 3632/3391/2933
f 3632/3391/2933 3627/3390/2932 3501/3392/2934
f 3501/3392/2934 3627/3390/2932 3492/3393/2935
f 4664/3394/2936 4679/3395/2222 4688/3396/2225
f 4664/3394/2936 4688/3396/2225 4690/3397/2226
f 4679/3395/2222 4664/3394/2936 4654/3398/2937
f 4679/3395/2222 4654/3398/2937 4649/3399/2220
f 4664/3394/2936 4690/3397/2226 4656/3400/2938
f 4664/3394/2936 4656/3400/2938 4654/3398/2937
f 4649/3399/2220 4654/3398/2937 4631/3401/2939
f 4649/3399/2220 4631/3401/2939 4635/3402/2221
f 4635/3402/2221 4631/3401/2939 4627/3403/2223
f 4631/3401/2939 4654/3398/2937 4644/3404/2940
f 4644/3404/2940 4654/3398/2937 4656/3400/2938
f 4627/3403/2223 4631/3401/2939 4617/3405/2941
f 4627/3403/2223 4617/3405/2941 4616/3406/2241
f 4617/3405/2941 4631/3401/2939 4615/3407/2942
f 4616/3406/2241 4617/3405/2941 4607/3408/2943
f 4607/3408/2943 4617/3405/2941 4615/3407/2942
f 4616/3406/2241 4607/3408/2943 4597/3409/2944
f 4616/3406/2241 4597/3409/2944 4610/3410/2245
f 4610/3410/2245 4597/3409/2944 4600/3411/2945
f 4615/3407/2942 4631/3401/2939 4622/3412/2946
f 4600/3411/2945 4597/3409/2944 4574/3413/2947
f 4600/3411/2945 4574/3413/2947 4575/3414/2948
f 4575/3414/2948 4574/3413/2947 4559/3415/2949
f 4622/3412/2946 4631/3401/2939 4623/3416/2950
f 4623/3416/2950 4631/3401/2939 4644/3404/2940
f 4615/3407/2942 4622/3412/2946 4609/3417/2951
f 4609/3417/2951 4622/3412/2946 4623/3416/2950
f 4559/3415/2949 4574/3413/2947 4555/3418/2952
f 4559/3415/2949 4555/3418/2952 4566/3419/2953
f 4555/3418/2952 4574/3413/2947 4582/3420/2954
f 4582/3420/2954 4574/3413/2947 4597/3409/2944
f 4566/3419/2953 4555/3418/2952 4564/3421/2955
f 4555/3418/2952 4582/3420/2954 4545/3422/2956
f 4555/3418/2952 4545/3422/2956 4564/3421/2955
f 4582/3420/2954 4597/3409/2944 4594/3423/2957
f 4594/3423/2957 4597/3409/2944 4607/3408/2943
f 4608/3424/2958 4607/3408/2943 4615/3407/2942
f 4607/3408/2943 4608/3424/2958 4594/3423/2957
f 4608/3424/2958 4615/3407/2942 4609/3417/2951
f 4546/3425/2959 4566/3419/2953 4564/3421/2955
f 4566/3419/2953 4546/3425/2959 4540/3426/2960
f 4540/3426/2960 4546/3425/2959 4531/3427/2961
f 4531/3427/2961 4546/3425/2959 4522/3428/2962
f 4608/3424/2958 4609/3417/2951 4591/3429/2963
f 4608/3424/2958 4591/3429/2963 4594/3423/2957
f 4522/3428/2962 4546/3425/2959 4529/3430/2964
f 4522/3428/2962 4529/3430/2964 4503/3431/2965
f 4529/3430/2964 4546/3425/2959 4547/3432/2966
f 4547/3432/2966 4546/3425/2959 4564/3421/2955
f 4529/3430/2964 4547/3432/2966 4527/3433/2967
f 4529/3430/2964 4527/3433/2967 4521/3434/2968
f 4547/3432/2966 4564/3421/2955 4563/3435/2969
f 4527/3433/2967 4547/3432/2966 4548/3436/2970
f 4548/3436/2970 4547/3432/2966 4563/3435/2969
f 4527/3433/2967 4548/3436/2970 4525/3437/2971
f 4525/3437/2971 4548/3436/2970 4528/3438/2972
f 4528/3438/2972 4548/3436/2970 4534/3439/2973
f 4563/3435/2969 4564/3421/2955 4545/3422/2956
f 4534/3439/2973 4548/3436/2970 4541/3440/2974
f 4534/3439/2973 4541/3440/2974 4530/3441/2975
f 4530/3441/2975 4541/3440/2974 4524/3442/2976
f 4524/3442/2976 4541/3440/2974 4538/3443/2977
f 4524/3442/2976 4538/3443/2977 4533/3444/2978
f 4538/3443/2977 4541/3440/2974 4567/3445/2979
f 4541/3440/2974 4548/3436/2970 4565/3446/2980
f 4541/3440/2974 4565/3446/2980 4567/3445/2979
f 4554/3447/2981 4548/3436/2970 4563/3435/2969
f 4548/3436/2970 4554/3447/2981 4565/3446/2980
f 4533/3444/2978 4538/3443/2977 4558/3448/2982
f 4558/3448/2982 4538/3443/2977 4567/3445/2979
f 4509/3449/2983 4533/3444/2978 4526/3450/2984
f 4526/3450/2984 4533/3444/2978 4558/3448/2982
f 4526/3450/2984 4558/3448/2982 4535/3451/2985
f 4535/3451/2985 4558/3448/2982 4542/3452/2986
f 4550/3453/2987 4567/3445/2979 4565/3446/2980
f 4550/3453/2987 4565/3446/2980 4554/3447/2981
f 4542/3452/2986 4558/3448/2982 4561/3454/2988
f 4552/3455/2989 4558/3448/2982 4567/3445/2979
f 4558/3448/2982 4552/3455/2989 4561/3454/2988
f 4552/3455/2989 4567/3445/2979 4556/3456/2990
f 4556/3456/2990 4567/3445/2979 4550/3453/2987
f 4561/3454/2988 4552/3455/2989 4549/3457/2991
f 4556/3456/2990 4550/3453/2987 4572/3458/2992
f 4549/3457/2991 4552/3455/2989 4577/3459/2993
f 4577/3459/2993 4552/3455/2989 4556/3456/2990
f 4561/3454/2988 4549/3457/2991 4580/3460/2994
f 4580/3460/2994 4549/3457/2991 4577/3459/2993
f 4577/3459/2993 4556/3456/2990 4599/3461/2995
f 4599/3461/2995 4556/3456/2990 4572/3458/2992
f 4572/3458/2992 4550/3453/2987 4573/3462/2996
f 4572/3458/2992 4573/3462/2996 4599/3461/2995
f 4573/3462/2996 4550/3453/2987 4585/3463/2997
f 4585/3463/2997 4550/3453/2987 4554/3447/2981
f 4573/3462/2996 4585/3463/2997 4612/3464/2998
f 4573/3462/2996 4612/3464/2998 4599/3461/2995
f 4577/3459/2993 4599/3461/2995 4604/3465/2999
f 4577/3459/2993 4604/3465/2999 4580/3460/2994
f 4604/3465/2999 4599/3461/2995 4613/3466/3000
f 4604/3465/2999 4613/3466/3000 4614/3467/3001
f 4613/3466/3000 4599/3461/2995 4618/3468/3002
f 4618/3468/3002 4599/3461/2995 4612/3464/2998
f 4613/3466/3000 4618/3468/3002 4650/3469/3003
f 4604/3465/2999 4614/3467/3001 4595/3470/3004
f 4604/3465/2999 4595/3470/3004 4580/3460/2994
f 4595/3470/3004 4614/3467/3001 4621/3471/3005
f 4580/3460/2994 4595/3470/3004 4593/3472/3006
f 4650/3469/3003 4618/3468/3002 4641/3473/3007
f 4650/3469/3003 4641/3473/3007 4662/3474/3008
f 4595/3470/3004 4621/3471/3005 4598/3475/3009
f 4593/3472/3006 4595/3470/3004 4596/3476/3010
f 4596/3476/3010 4595/3470/3004 4598/3475/3009
f 4598/3475/3009 4621/3471/3005 4603/3477/3011
f 4598/3475/3009 4603/3477/3011 4596/3476/3010
f 4596/3476/3010 4603/3477/3011 4593/3472/3006
f 4593/3472/3006 4603/3477/3011 4580/3460/2994
f 4603/3477/3011 4621/3471/3005 4626/3478/3012
f 4637/3479/3013 4662/3474/3008 4641/3473/3007
f 4662/3474/3008 4637/3479/3013 4663/3480/3014
f 4625/3481/3015 4641/3473/3007 4618/3468/3002
f 4641/3473/3007 4625/3481/3015 4637/3479/3013
f 4625/3481/3015 4618/3468/3002 4612/3464/2998
f 4663/3480/3014 4637/3479/3013 4633/3482/3016
f 4633/3482/3016 4637/3479/3013 4625/3481/3015
f 4625/3481/3015 4612/3464/2998 4611/3483/3017
f 4625/3481/3015 4611/3483/3017 4633/3482/3016
f 4611/3483/3017 4612/3464/2998 4585/3463/2997
f 4611/3483/3017 4585/3463/2997 4578/3484/3018
f 4578/3484/3018 4585/3463/2997 4554/3447/2981
f 4633/3482/3016 4611/3483/3017 4623/3416/2950
f 4633/3482/3016 4623/3416/2950 4638/3485/3019
f 4611/3483/3017 4578/3484/3018 4605/3486/3020
f 4611/3483/3017 4605/3486/3020 4623/3416/2950
f 4638/3485/3019 4623/3416/2950 4644/3404/2940
f 4623/3416/2950 4605/3486/3020 4609/3417/2951
f 4633/3482/3016 4638/3485/3019 4647/3487/3021
f 4647/3487/3021 4638/3485/3019 4644/3404/2940
f 4633/3482/3016 4647/3487/3021 4663/3480/3014
f 4647/3487/3021 4644/3404/2940 4676/3488/3022
f 4647/3487/3021 4676/3488/3022 4663/3480/3014
f 4663/3480/3014 4676/3488/3022 4687/3489/3023
f 4676/3488/3022 4644/3404/2940 4656/3400/2938
f 4687/3489/3023 4676/3488/3022 4698/3490/3024
f 4676/3488/3022 4656/3400/2938 4682/3491/3025
f 4687/3489/3023 4698/3490/3024 4709/3492/3026
f 4709/3492/3026 4698/3490/3024 4713/3493/3027
f 4687/3489/3023 4709/3492/3026 4708/3494/3028
f 4709/3492/3026 4713/3493/3027 4756/3495/3029
f 4756/3495/3029 4713/3493/3027 4735/3496/3030
f 4709/3492/3026 4756/3495/3029 4753/3497/3031
f 4709/3492/3026 4753/3497/3031 4708/3494/3028
f 4708/3494/3028 4753/3497/3031 4727/3498/3032
f 4666/3499/3033 4682/3491/3025 4656/3400/2938
f 4682/3491/3025 4666/3499/3033 4683/3500/3034
f 4666/3499/3033 4656/3400/2938 4671/3501/3035
f 4671/3501/3035 4656/3400/2938 4690/3397/2226
f 4671/3501/3035 4690/3397/2226 4696/3502/2227
f 4671/3501/3035 4696/3502/2227 4673/3503/2230
f 4666/3499/3033 4671/3501/3035 4668/3504/3036
f 4666/3499/3033 4668/3504/3036 4683/3500/3034
f 4668/3504/3036 4671/3501/3035 4673/3503/2230
f 4683/3500/3034 4668/3504/3036 4681/3505/3037
f 4668/3504/3036 4673/3503/2230 4665/3506/3038
f 4665/3506/3038 4673/3503/2230 4659/3507/2232
f 4681/3505/3037 4668/3504/3036 4672/3508/3039
f 4672/3508/3039 4668/3504/3036 4665/3506/3038
f 4672/3508/3039 4665/3506/3038 4659/3507/2232
f 4681/3505/3037 4672/3508/3039 4678/3509/3040
f 4678/3509/3040 4672/3508/3039 4659/3507/2232
f 4678/3509/3040 4659/3507/2232 4658/3510/2234
f 1104/3511/155 1181/3512/150 1088/3513/151
f 1072/3514/2129 1104/3511/155 1054/3515/156
f 1104/3511/155 1072/3514/2129 1114/3516/3041
f 1104/3511/155 1114/3516/3041 1181/3512/150
f 1114/3516/3041 1072/3514/2129 1076/3517/2125
f 1181/3512/150 1114/3516/3041 1191/3518/3042
f 1181/3512/150 1191/3518/3042 1294/3519/148
f 1114/3516/3041 1076/3517/2125 1140/3520/3043
f 1294/3519/148 1191/3518/3042 1231/3521/3044
f 1294/3519/148 1231/3521/3044 1301/3522/147
f 1191/3518/3042 1114/3516/3041 1187/3523/3045
f 1191/3518/3042 1187/3523/3045 1231/3521/3044
f 1187/3523/3045 1114/3516/3041 1140/3520/3043
f 1301/3522/147 1231/3521/3044 1252/3524/3046
f 1252/3524/3046 1231/3521/3044 1187/3523/3045
f 1301/3522/147 1252/3524/3046 1263/3525/3047
f 1301/3522/147 1263/3525/3047 1307/3526/146
f 1252/3524/3046 1187/3523/3045 1178/3527/3048
f 1178/3527/3048 1187/3523/3045 1140/3520/3043
f 1252/3524/3046 1178/3527/3048 1224/3528/3049
f 1252/3524/3046 1224/3528/3049 1263/3525/3047
f 1178/3527/3048 1140/3520/3043 1190/3529/3050
f 1307/3526/146 1263/3525/3047 1270/3530/3051
f 1124/3531/3052 1140/3520/3043 1076/3517/2125
f 1224/3528/3049 1178/3527/3048 1281/3532/3053
f 1281/3532/3053 1178/3527/3048 1190/3529/3050
f 1263/3525/3047 1224/3528/3049 1370/3533/3054
f 1370/3533/3054 1224/3528/3049 1281/3532/3053
f 1124/3531/3052 1076/3517/2125 1108/3534/3055
f 1140/3520/3043 1124/3531/3052 1154/3535/3056
f 1140/3520/3043 1154/3535/3056 1190/3529/3050
f 1154/3535/3056 1124/3531/3052 1108/3534/3055
f 1108/3534/3055 1076/3517/2125 1018/3536/2122
f 1263/3525/3047 1370/3533/3054 1384/3537/3057
f 1263/3525/3047 1384/3537/3057 1270/3530/3051
f 1384/3537/3057 1370/3533/3054 1458/3538/3058
f 1458/3538/3058 1370/3533/3054 1281/3532/3053
f 1108/3534/3055 1018/3536/2122 1095/3539/3059
f 1458/3538/3058 1281/3532/3053 1279/3540/3060
f 1279/3540/3060 1281/3532/3053 1190/3529/3050
f 1095/3539/3059 1018/3536/2122 956/3541/2121
f 1279/3540/3060 1190/3529/3050 1213/3542/3061
f 1213/3542/3061 1190/3529/3050 1154/3535/3056
f 1458/3538/3058 1279/3540/3060 1515/3543/3062
f 1515/3543/3062 1279/3540/3060 1213/3542/3061
f 1213/3542/3061 1154/3535/3056 1199/3544/3063
f 1199/3544/3063 1154/3535/3056 1108/3534/3055
f 1515/3543/3062 1213/3542/3061 1314/3545/3064
f 1314/3545/3064 1213/3542/3061 1199/3544/3063
f 1199/3544/3063 1108/3534/3055 1254/3546/3065
f 1199/3544/3063 1254/3546/3065 1314/3545/3064
f 1254/3546/3065 1108/3534/3055 1095/3539/3059
f 1547/3547/3066 1458/3538/3058 1515/3543/3062
f 1458/3538/3058 1547/3547/3066 1384/3537/3057
f 1515/3543/3062 1314/3545/3064 1475/3548/3067
f 1515/3543/3062 1475/3548/3067 1547/3547/3066
f 1314/3545/3064 1254/3546/3065 1391/3549/3068
f 1314/3545/3064 1391/3549/3068 1475/3548/3067
f 1254/3546/3065 1095/3539/3059 1275/3550/3069
f 1254/3546/3065 1275/3550/3069 1391/3549/3068
f 1475/3548/3067 1391/3549/3068 1466/3551/3070
f 1475/3548/3067 1466/3551/3070 1547/3547/3066
f 1391/3549/3068 1275/3550/3069 1383/3552/3071
f 1391/3549/3068 1383/3552/3071 1466/3551/3070
f 1275/3550/3069 1095/3539/3059 1082/3553/3072
f 1082/3553/3072 1095/3539/3059 956/3541/2121
f 1275/3550/3069 1082/3553/3072 1236/3554/3073
f 1275/3550/3069 1236/3554/3073 1383/3552/3071
f 1082/3553/3072 956/3541/2121 913/3555/3074
f 1466/3551/3070 1383/3552/3071 1369/3556/3075
f 1369/3556/3075 1383/3552/3071 1353/3557/3076
f 1353/3557/3076 1383/3552/3071 1338/3558/3077
f 1338/3558/3077 1383/3552/3071 1236/3554/3073
f 1369/3556/3075 1353/3557/3076 1287/3559/3078
f 1287/3559/3078 1353/3557/3076 1338/3558/3077
f 1287/3559/3078 1338/3558/3077 1236/3554/3073
f 1369/3556/3075 1287/3559/3078 1466/3551/3070
f 1094/3560/3079 1236/3554/3073 1082/3553/3072
f 1094/3560/3079 1082/3553/3072 913/3555/3074
f 1287/3559/3078 1236/3554/3073 1125/3561/3080
f 1125/3561/3080 1236/3554/3073 1094/3560/3079
f 1466/3551/3070 1287/3559/3078 1439/3562/3081
f 1466/3551/3070 1439/3562/3081 1547/3547/3066
f 1287/3559/3078 1125/3561/3080 1304/3563/3082
f 1287/3559/3078 1304/3563/3082 1439/3562/3081
f 1125/3561/3080 1094/3560/3079 1073/3564/3083
f 1547/3547/3066 1439/3562/3081 1488/3565/3084
f 1304/3563/3082 1125/3561/3080 1192/3566/3085
f 1192/3566/3085 1125/3561/3080 1073/3564/3083
f 1439/3562/3081 1304/3563/3082 1358/3567/3086
f 1439/3562/3081 1358/3567/3086 1488/3565/3084
f 1358/3567/3086 1304/3563/3082 1192/3566/3085
f 1547/3547/3066 1488/3565/3084 1417/3568/3087
f 1547/3547/3066 1417/3568/3087 1384/3537/3057
f 1384/3537/3057 1417/3568/3087 1270/3530/3051
f 1417/3568/3087 1488/3565/3084 1336/3569/3088
f 1336/3569/3088 1488/3565/3084 1358/3567/3086
f 1417/3568/3087 1336/3569/3088 1270/3530/3051
f 1336/3569/3088 1358/3567/3086 1239/3570/3089
f 1336/3569/3088 1239/3570/3089 1270/3530/3051
f 1239/3570/3089 1358/3567/3086 1192/3566/3085
f 1270/3530/3051 1239/3570/3089 1271/3571/3090
f 1271/3571/3090 1239/3570/3089 1192/3566/3085
f 1270/3530/3051 1271/3571/3090 1307/3526/146
f 1307/3526/146 1271/3571/3090 1303/3572/144
f 1271/3571/3090 1192/3566/3085 1214/3573/3091
f 1271/3571/3090 1214/3573/3091 1303/3572/144
f 1214/3573/3091 1192/3566/3085 1102/3574/3092
f 1102/3574/3092 1192/3566/3085 1073/3564/3083
f 1303/3572/144 1214/3573/3091 1234/3575/3093
f 1303/3572/144 1234/3575/3093 1290/3576/141
f 1290/3576/141 1234/3575/3093 1168/3577/142
f 1234/3575/3093 1214/3573/3091 1180/3578/3094
f 1234/3575/3093 1180/3578/3094 1168/3577/142
f 1214/3573/3091 1102/3574/3092 1055/3579/3095
f 1214/3573/3091 1055/3579/3095 1180/3578/3094
f 1102/3574/3092 1073/3564/3083 950/3580/3096
f 1102/3574/3092 950/3580/3096 1055/3579/3095
f 950/3580/3096 1073/3564/3083 1094/3560/3079
f 1168/3577/142 1180/3578/3094 1106/3581/3097
f 1168/3577/142 1106/3581/3097 1096/3582/3098
f 1180/3578/3094 1055/3579/3095 997/3583/3099
f 1180/3578/3094 997/3583/3099 1106/3581/3097
f 1096/3582/3098 1106/3581/3097 943/3584/3100
f 943/3584/3100 1106/3581/3097 894/3585/3101
f 943/3584/3100 894/3585/3101 794/3586/3102
f 1106/3581/3097 997/3583/3099 991/3587/3103
f 1106/3581/3097 991/3587/3103 894/3585/3101
f 997/3583/3099 1055/3579/3095 877/3588/3104
f 877/3588/3104 1055/3579/3095 950/3580/3096
f 991/3587/3103 997/3583/3099 860/3589/3105
f 991/3587/3103 860/3589/3105 894/3585/3101
f 997/3583/3099 877/3588/3104 744/3590/3106
f 997/3583/3099 744/3590/3106 860/3589/3105
f 877/3588/3104 950/3580/3096 809/3591/3107
f 877/3588/3104 809/3591/3107 548/3592/3108
f 877/3588/3104 548/3592/3108 744/3590/3106
f 809/3591/3107 950/3580/3096 810/3593/3109
f 860/3589/3105 744/3590/3106 742/3594/3110
f 685/3595/3111 894/3585/3101 860/3589/3105
f 685/3595/3111 860/3589/3105 742/3594/3110
f 742/3594/3110 744/3590/3106 522/3596/3112
f 742/3594/3110 522/3596/3112 685/3595/3111
f 810/3593/3109 950/3580/3096 913/3555/3074
f 913/3555/3074 950/3580/3096 1094/3560/3079
f 516/3597/3113 809/3591/3107 810/3593/3109
f 809/3591/3107 516/3597/3113 548/3592/3108
f 810/3593/3109 913/3555/3074 726/3598/3114
f 810/3593/3109 726/3598/3114 516/3597/3113
f 726/3598/3114 913/3555/3074 789/3599/3115
f 789/3599/3115 913/3555/3074 956/3541/2121
f 789/3599/3115 956/3541/2121 823/3600/2118
f 789/3599/3115 823/3600/2118 587/3601/3116
f 587/3601/3116 823/3600/2118 376/3602/2115
f 726/3598/3114 789/3599/3115 710/3603/3117
f 516/3597/3113 726/3598/3114 611/3604/3118
f 611/3604/3118 726/3598/3114 710/3603/3117
f 710/3603/3117 789/3599/3115 665/3605/3119
f 665/3605/3119 789/3599/3115 587/3601/3116
f 710/3603/3117 665/3605/3119 657/3606/3120
f 710/3603/3117 657/3606/3120 611/3604/3118
f 665/3605/3119 587/3601/3116 479/3607/3121
f 479/3607/3121 587/3601/3116 376/3602/2115
f 665/3605/3119 479/3607/3121 604/3608/3122
f 665/3605/3119 604/3608/3122 657/3606/3120
f 479/3607/3121 376/3602/2115 294/3609/3123
f 657/3606/3120 604/3608/3122 632/3610/3124
f 604/3608/3122 479/3607/3121 474/3611/3125
f 474/3611/3125 479/3607/3121 294/3609/3123
f 632/3610/3124 604/3608/3122 625/3612/3126
f 625/3612/3126 604/3608/3122 474/3611/3125
f 657/3606/3120 632/3610/3124 677/3613/3127
f 677/3613/3127 632/3610/3124 625/3612/3126
f 193/3614/3128 294/3609/3123 376/3602/2115
f 193/3614/3128 376/3602/2115 163/3615/2113
f 474/3611/3125 294/3609/3123 382/3616/3129
f 382/3616/3129 294/3609/3123 193/3614/3128
f 625/3612/3126 474/3611/3125 575/3617/3130
f 193/3614/3128 163/3615/2113 121/3618/792
f 121/3618/792 163/3615/2113 2600/3619/2114
f 625/3612/3126 575/3617/3130 719/3620/3131
f 625/3612/3126 719/3620/3131 677/3613/3127
f 575/3617/3130 474/3611/3125 517/3621/3132
f 517/3621/3132 474/3611/3125 382/3616/3129
f 575/3617/3130 517/3621/3132 608/3622/3133
f 575/3617/3130 608/3622/3133 719/3620/3131
f 112/3623/2179 121/3618/792 2553/3624/2176
f 121/3618/792 112/3623/2179 227/3625/2210
f 121/3618/792 227/3625/2210 244/3626/3134
f 121/3618/792 244/3626/3134 193/3614/3128
f 193/3614/3128 244/3626/3134 382/3616/3129
f 244/3626/3134 227/3625/2210 397/3627/2212
f 244/3626/3134 397/3627/2212 382/3616/3129
f 382/3616/3129 397/3627/2212 433/3628/3135
f 487/3629/3136 517/3621/3132 382/3616/3129
f 487/3629/3136 382/3616/3129 433/3628/3135
f 517/3621/3132 487/3629/3136 608/3622/3133
f 433/3628/3135 397/3627/2212 452/3630/3137
f 433/3628/3135 452/3630/3137 487/3629/3136
f 452/3630/3137 397/3627/2212 420/3631/2202
f 420/3631/2202 397/3627/2212 329/3632/2203
f 487/3629/3136 452/3630/3137 463/3633/3138
f 487/3629/3136 463/3633/3138 608/3622/3133
f 463/3633/3138 452/3630/3137 420/3631/2202
f 463/3633/3138 420/3631/2202 304/3634/2199
f 304/3634/2199 420/3631/2202 285/3635/2200
f 463/3633/3138 304/3634/2199 438/3636/2136
f 438/3636/2136 304/3634/2199 330/3637/2198
f 608/3622/3133 463/3633/3138 519/3638/3139
f 519/3638/3139 463/3633/3138 438/3636/2136
f 608/3622/3133 519/3638/3139 738/3639/3140
f 519/3638/3139 438/3636/2136 594/3640/2137
f 594/3640/2137 438/3636/2136 563/3641/2135
f 519/3638/3139 594/3640/2137 738/3639/3140
f 608/3622/3133 738/3639/3140 719/3620/3131
f 738/3639/3140 594/3640/2137 790/3642/2097
f 790/3642/2097 594/3640/2137 807/3643/2098
f 719/3620/3131 738/3639/3140 795/3644/3141
f 795/3644/3141 738/3639/3140 790/3642/2097
f 719/3620/3131 795/3644/3141 731/3645/3142
f 719/3620/3131 731/3645/3142 677/3613/3127
f 795/3644/3141 790/3642/2097 874/3646/2094
f 874/3646/2094 790/3642/2097 900/3647/2095
f 795/3644/3141 874/3646/2094 840/3648/3143
f 731/3645/3142 795/3644/3141 779/3649/3144
f 779/3649/3144 795/3644/3141 840/3648/3143
f 840/3648/3143 874/3646/2094 886/3650/3145
f 840/3648/3143 886/3650/3145 779/3649/3144
f 886/3650/3145 874/3646/2094 939/3651/3146
f 939/3651/3146 874/3646/2094 960/3652/2071
f 939/3651/3146 960/3652/2071 963/3653/2072
f 886/3650/3145 939/3651/3146 917/3654/3147
f 917/3654/3147 939/3651/3146 963/3653/2072
f 886/3650/3145 917/3654/3147 834/3655/3148
f 886/3650/3145 834/3655/3148 779/3649/3144
f 917/3654/3147 963/3653/2072 907/3656/3149
f 1086/3657/2068 963/3653/2072 1092/3658/2069
f 963/3653/2072 1086/3657/2068 907/3656/3149
f 907/3656/3149 1086/3657/2068 1069/3659/2066
f 779/3649/3144 834/3655/3148 778/3660/3150
f 834/3655/3148 917/3654/3147 827/3661/3151
f 834/3655/3148 827/3661/3151 778/3660/3150
f 827/3661/3151 917/3654/3147 907/3656/3149
f 907/3656/3149 1069/3659/2066 808/3662/3152
f 907/3656/3149 808/3662/3152 827/3661/3151
f 808/3662/3152 1069/3659/2066 1033/3663/2065
f 808/3662/3152 1033/3663/2065 918/3664/3153
f 808/3662/3152 918/3664/3153 709/3665/3154
f 778/3660/3150 827/3661/3151 643/3666/3155
f 778/3660/3150 643/3666/3155 779/3649/3144
f 827/3661/3151 808/3662/3152 648/3667/3156
f 648/3667/3156 808/3662/3152 709/3665/3154
f 827/3661/3151 648/3667/3156 643/3666/3155
f 648/3667/3156 709/3665/3154 450/3668/3157
f 450/3668/3157 709/3665/3154 359/3669/3158
f 643/3666/3155 648/3667/3156 394/3670/3159
f 394/3670/3159 648/3667/3156 450/3668/3157
f 552/3671/3160 779/3649/3144 643/3666/3155
f 779/3649/3144 552/3671/3160 731/3645/3142
f 643/3666/3155 394/3670/3159 270/3672/3161
f 643/3666/3155 270/3672/3161 552/3671/3160
f 394/3670/3159 450/3668/3157 175/3673/3162
f 201/3674/3163 450/3668/3157 359/3669/3158
f 450/3668/3157 201/3674/3163 175/3673/3162
f 201/3674/3163 359/3669/3158 164/3675/3164
f 201/3674/3163 164/3675/3164 82/3676/3165
f 201/3674/3163 82/3676/3165 175/3673/3162
f 82/3676/3165 164/3675/3164 2541/3677/3166
f 175/3673/3162 82/3676/3165 2454/3678/3167
f 175/3673/3162 2454/3678/3167 4/3679/3168
f 223/3680/3169 394/3670/3159 175/3673/3162
f 223/3680/3169 175/3673/3162 4/3679/3168
f 394/3670/3159 223/3680/3169 270/3672/3161
f 223/3680/3169 4/3679/3168 2463/3681/3170
f 223/3680/3169 2463/3681/3170 270/3672/3161
f 270/3672/3161 2463/3681/3170 104/3682/3171
f 270/3672/3161 104/3682/3171 224/3683/3172
f 2515/3684/3173 97/3685/992 104/3682/3171
f 104/3682/3171 97/3685/992 224/3683/3172
f 270/3672/3161 224/3683/3172 459/3686/3174
f 270/3672/3161 459/3686/3174 552/3671/3160
f 224/3683/3172 97/3685/992 265/3687/3175
f 224/3683/3172 265/3687/3175 355/3688/3176
f 224/3683/3172 355/3688/3176 459/3686/3174
f 265/3687/3175 97/3685/992 117/3689/995
f 117/3689/995 97/3685/992 2572/3690/990
f 355/3688/3176 265/3687/3175 432/3691/3177
f 355/3688/3176 432/3691/3177 459/3686/3174
f 265/3687/3175 117/3689/995 425/3692/3178
f 265/3687/3175 425/3692/3178 432/3691/3177
f 459/3686/3174 432/3691/3177 611/3604/3118
f 611/3604/3118 432/3691/3177 516/3597/3113
f 516/3597/3113 432/3691/3177 548/3592/3108
f 548/3592/3108 432/3691/3177 425/3692/3178
f 459/3686/3174 611/3604/3118 597/3693/3179
f 597/3693/3179 611/3604/3118 657/3606/3120
f 597/3693/3179 657/3606/3120 677/3613/3127
f 459/3686/3174 597/3693/3179 654/3694/3180
f 654/3694/3180 597/3693/3179 677/3613/3127
f 459/3686/3174 654/3694/3180 552/3671/3160
f 654/3694/3180 677/3613/3127 731/3645/3142
f 654/3694/3180 731/3645/3142 552/3671/3160
f 492/3695/3181 548/3592/3108 425/3692/3178
f 548/3592/3108 492/3695/3181 744/3590/3106
f 744/3590/3106 492/3695/3181 522/3596/3112
f 492/3695/3181 425/3692/3178 342/3696/3182
f 492/3695/3181 342/3696/3182 522/3596/3112
f 342/3696/3182 425/3692/3178 206/3697/3183
f 206/3697/3183 425/3692/3178 117/3689/995
f 206/3697/3183 117/3689/995 25/3698/994
f 342/3696/3182 206/3697/3183 208/3699/3184
f 342/3696/3182 208/3699/3184 522/3596/3112
f 208/3699/3184 206/3697/3183 25/3698/994
f 522/3596/3112 208/3699/3184 324/3700/3185
f 522/3596/3112 324/3700/3185 685/3595/3111
f 208/3699/3184 25/3698/994 90/3701/3186
f 90/3701/3186 25/3698/994 2491/3702/996
f 90/3701/3186 2491/3702/996 99/3703/999
f 208/3699/3184 90/3701/3186 194/3704/3187
f 194/3704/3187 90/3701/3186 99/3703/999
f 208/3699/3184 194/3704/3187 324/3700/3185
f 194/3704/3187 99/3703/999 83/3705/1003
f 83/3705/1003 99/3703/999 2498/3706/998
f 194/3704/3187 83/3705/1003 162/3707/3188
f 162/3707/3188 83/3705/1003 2500/3708/1002
f 324/3700/3185 194/3704/3187 314/3709/3189
f 314/3709/3189 194/3704/3187 162/3707/3188
f 324/3700/3185 314/3709/3189 685/3595/3111
f 314/3709/3189 162/3707/3188 475/3710/3190
f 314/3709/3189 475/3710/3190 500/3711/3191
f 500/3711/3191 475/3710/3190 794/3586/3102
f 685/3595/3111 314/3709/3189 699/3712/3192
f 699/3712/3192 314/3709/3189 500/3711/3191
f 699/3712/3192 500/3711/3191 794/3586/3102
f 685/3595/3111 699/3712/3192 894/3585/3101
f 894/3585/3101 699/3712/3192 794/3586/3102
f 978/3713/3193 1047/3714/3194 1158/3715/3195
f 978/3713/3193 1158/3715/3195 966/3716/3196
f 1047/3714/3194 978/3713/3193 844/3717/3197
f 1158/3715/3195 1047/3714/3194 1230/3718/3198
f 844/3717/3197 978/3713/3193 772/3719/3199
f 772/3719/3199 978/3713/3193 966/3716/3196
f 1047/3714/3194 844/3717/3197 937/3720/3200
f 772/3719/3199 966/3716/3196 583/3721/2647
f 583/3721/2647 966/3716/3196 637/3722/2566
f 637/3722/2566 966/3716/3196 990/3723/2563
f 772/3719/3199 583/3721/2647 506/3724/3201
f 506/3724/3201 583/3721/2647 345/3725/2648
f 844/3717/3197 772/3719/3199 647/3726/3202
f 647/3726/3202 772/3719/3199 506/3724/3201
f 990/3723/2563 966/3716/3196 1260/3727/2581
f 1260/3727/2581 966/3716/3196 1158/3715/3195
f 990/3723/2563 1260/3727/2581 1159/3728/2561
f 1159/3728/2561 1260/3727/2581 1318/3729/2562
f 844/3717/3197 647/3726/3202 727/3730/3203
f 844/3717/3197 727/3730/3203 937/3720/3200
f 647/3726/3202 506/3724/3201 460/3731/3204
f 460/3731/3204 506/3724/3201 345/3725/2648
f 460/3731/3204 345/3725/2648 260/3732/2649
f 647/3726/3202 460/3731/3204 465/3733/3205
f 647/3726/3202 465/3733/3205 727/3730/3203
f 460/3731/3204 260/3732/2649 415/3734/3206
f 460/3731/3204 415/3734/3206 465/3733/3205
f 415/3734/3206 260/3732/2649 331/3735/2652
f 415/3734/3206 331/3735/2652 319/3736/3207
f 415/3734/3206 319/3736/3207 465/3733/3205
f 465/3733/3205 319/3736/3207 473/3737/3208
f 465/3733/3205 473/3737/3208 727/3730/3203
f 727/3730/3203 473/3737/3208 704/3738/3209
f 727/3730/3203 704/3738/3209 1029/3739/3210
f 727/3730/3203 1029/3739/3210 937/3720/3200
f 675/3740/2910 785/3741/2912 704/3738/3209
f 704/3738/3209 785/3741/2912 914/3742/3211
f 704/3738/3209 914/3742/3211 1029/3739/3210
f 914/3742/3211 785/3741/2912 842/3743/1023
f 937/3720/3200 1029/3739/3210 1113/3744/3212
f 937/3720/3200 1113/3744/3212 1047/3714/3194
f 1047/3714/3194 1113/3744/3212 1230/3718/3198
f 1113/3744/3212 1029/3739/3210 1305/3745/3213
f 1230/3718/3198 1113/3744/3212 1342/3746/3214
f 1342/3746/3214 1113/3744/3212 1305/3745/3213
f 1003/3747/3215 1029/3739/3210 914/3742/3211
f 1029/3739/3210 1003/3747/3215 1305/3745/3213
f 929/3748/3216 914/3742/3211 842/3743/1023
f 914/3742/3211 929/3748/3216 1003/3747/3215
f 1342/3746/3214 1305/3745/3213 1539/3749/3217
f 929/3748/3216 842/3743/1023 902/3750/3218
f 902/3750/3218 842/3743/1023 940/3751/1054
f 902/3750/3218 940/3751/1054 1117/3752/1052
f 902/3750/3218 1117/3752/1052 1121/3753/3219
f 902/3750/3218 1121/3753/3219 929/3748/3216
f 1121/3753/3219 1117/3752/1052 1415/3754/1049
f 1121/3753/3219 1415/3754/1049 1386/3755/1050
f 929/3748/3216 1121/3753/3219 1227/3756/3220
f 929/3748/3216 1227/3756/3220 1003/3747/3215
f 1121/3753/3219 1386/3755/1050 1491/3757/3221
f 1121/3753/3219 1491/3757/3221 1227/3756/3220
f 1491/3757/3221 1386/3755/1050 1577/3758/1047
f 1491/3757/3221 1577/3758/1047 1625/3759/1045
f 1491/3757/3221 1625/3759/1045 1518/3760/3222
f 1227/3756/3220 1491/3757/3221 1313/3761/3223
f 1227/3756/3220 1313/3761/3223 1003/3747/3215
f 1313/3761/3223 1491/3757/3221 1518/3760/3222
f 1003/3747/3215 1313/3761/3223 1305/3745/3213
f 1305/3745/3213 1313/3761/3223 1518/3760/3222
f 1305/3745/3213 1518/3760/3222 1539/3749/3217
f 1372/3762/3224 1342/3746/3214 1539/3749/3217
f 1342/3746/3214 1372/3762/3224 1230/3718/3198
f 1372/3762/3224 1539/3749/3217 1602/3763/3225
f 1230/3718/3198 1372/3762/3224 1315/3764/3226
f 1230/3718/3198 1315/3764/3226 1158/3715/3195
f 1372/3762/3224 1602/3763/3225 1513/3765/3227
f 1372/3762/3224 1513/3765/3227 1315/3764/3226
f 1513/3765/3227 1602/3763/3225 1751/3766/3228
f 1158/3715/3195 1315/3764/3226 1260/3727/2581
f 1513/3765/3227 1751/3766/3228 1734/3767/2589
f 1315/3764/3226 1513/3765/3227 1512/3768/3229
f 1512/3768/3229 1513/3765/3227 1734/3767/2589
f 1315/3764/3226 1512/3768/3229 1260/3727/2581
f 1512/3768/3229 1734/3767/2589 1754/3769/2586
f 1512/3768/3229 1754/3769/2586 1526/3770/2583
f 1512/3768/3229 1526/3770/2583 1260/3727/2581
f 1260/3727/2581 1526/3770/2583 1505/3771/2580
f 4023/3772/1924 4125/3773/3230 4050/3774/1919
f 4050/3774/1919 4125/3773/3230 4112/3775/1920
f 4125/3773/3230 4023/3772/1924 4046/3776/3231
f 4046/3776/3231 4023/3772/1924 4121/3777/3232
f 4121/3777/3232 4023/3772/1924 4113/3778/1925
f 4125/3773/3230 4046/3776/3231 4075/3779/3233
f 4121/3777/3232 4113/3778/1925 4294/3780/3234
f 4294/3780/3234 4113/3778/1925 4284/3781/1926
f 4046/3776/3231 4121/3777/3232 4163/3782/3235
f 4046/3776/3231 4163/3782/3235 4075/3779/3233
f 4294/3780/3234 4284/3781/1926 4324/3783/1929
f 4125/3773/3230 4075/3779/3233 4199/3784/3236
f 4121/3777/3232 4294/3780/3234 4300/3785/3237
f 4121/3777/3232 4300/3785/3237 4163/3782/3235
f 4294/3780/3234 4324/3783/1929 4365/3786/3238
f 4182/3787/3239 4112/3775/1920 4125/3773/3230
f 4182/3787/3239 4125/3773/3230 4199/3784/3236
f 4112/3775/1920 4182/3787/3239 4079/3788/3240
f 4112/3775/1920 4079/3788/3240 4024/3789/1915
f 4024/3789/1915 4079/3788/3240 3925/3790/1914
f 3925/3790/1914 4079/3788/3240 3924/3791/1286
f 3924/3791/1286 4079/3788/3240 4031/3792/1284
f 4031/3792/1284 4079/3788/3240 4133/3793/1283
f 4133/3793/1283 4079/3788/3240 4182/3787/3239
f 4133/3793/1283 4182/3787/3239 4205/3794/3241
f 4205/3794/3241 4182/3787/3239 4199/3784/3236
f 4166/3795/1281 4133/3793/1283 4148/3796/1280
f 4133/3793/1283 4205/3794/3241 4152/3797/3242
f 4133/3793/1283 4152/3797/3242 4148/3796/1280
f 4148/3796/1280 4152/3797/3242 4123/3798/3243
f 4148/3796/1280 4123/3798/3243 4130/3799/1279
f 4152/3797/3242 4205/3794/3241 4200/3800/3244
f 4152/3797/3242 4200/3800/3244 4123/3798/3243
f 4130/3799/1279 4123/3798/3243 4072/3801/3245
f 4072/3801/3245 4123/3798/3243 4200/3800/3244
f 4130/3799/1279 4072/3801/3245 4058/3802/3246
f 4058/3802/3246 4072/3801/3245 4007/3803/3247
f 4007/3803/3247 4072/3801/3245 4200/3800/3244
f 4058/3802/3246 4007/3803/3247 3969/3804/3248
f 4228/3805/3249 4200/3800/3244 4205/3794/3241
f 4228/3805/3249 4205/3794/3241 4199/3784/3236
f 3969/3804/3248 4007/3803/3247 3861/3806/3250
f 3969/3804/3248 3861/3806/3250 3823/3807/3251
f 3823/3807/3251 3861/3806/3250 3723/3808/3252
f 3823/3807/3251 3723/3808/3252 3713/3809/3253
f 3861/3806/3250 4007/3803/3247 3950/3810/3254
f 3861/3806/3250 3950/3810/3254 3723/3808/3252
f 3713/3809/3253 3723/3808/3252 3602/3811/3255
f 3950/3810/3254 4007/3803/3247 4110/3812/3256
f 4110/3812/3256 4007/3803/3247 4200/3800/3244
f 3723/3808/3252 3950/3810/3254 3828/3813/3257
f 3950/3810/3254 4110/3812/3256 4021/3814/3258
f 3950/3810/3254 4021/3814/3258 3828/3813/3257
f 4110/3812/3256 4200/3800/3244 4155/3815/3259
f 4155/3815/3259 4200/3800/3244 4228/3805/3249
f 4021/3814/3258 4110/3812/3256 4077/3816/3260
f 4077/3816/3260 4110/3812/3256 4155/3815/3259
f 3828/3813/3257 4021/3814/3258 3971/3817/3261
f 3971/3817/3261 4021/3814/3258 4077/3816/3260
f 3674/3818/3262 3723/3808/3252 3828/3813/3257
f 3674/3818/3262 3828/3813/3257 3971/3817/3261
f 3723/3808/3252 3674/3818/3262 3602/3811/3255
f 3588/3819/3263 3602/3811/3255 3453/3820/3264
f 3453/3820/3264 3602/3811/3255 3428/3821/3265
f 3453/3820/3264 3428/3821/3265 3286/3822/3266
f 3286/3822/3266 3428/3821/3265 3193/3823/3267
f 3428/3821/3265 3602/3811/3255 3543/3824/3268
f 3543/3824/3268 3602/3811/3255 3674/3818/3262
f 3193/3823/3267 3428/3821/3265 3382/3825/3269
f 3382/3825/3269 3428/3821/3265 3543/3824/3268
f 3543/3824/3268 3674/3818/3262 3830/3826/3270
f 3830/3826/3270 3674/3818/3262 3971/3817/3261
f 3382/3825/3269 3543/3824/3268 3527/3827/3271
f 3527/3827/3271 3543/3824/3268 3830/3826/3270
f 3830/3826/3270 3971/3817/3261 3859/3828/3272
f 3830/3826/3270 3859/3828/3272 3527/3827/3271
f 3063/3829/3273 3193/3823/3267 2845/3830/3274
f 3144/3831/3275 3193/3823/3267 3382/3825/3269
f 3193/3823/3267 3144/3831/3275 2845/3830/3274
f 3382/3825/3269 3527/3827/3271 3331/3832/3276
f 3382/3825/3269 3331/3832/3276 3144/3831/3275
f 2845/3830/3274 3144/3831/3275 2606/3833/3277
f 2845/3830/3274 2606/3833/3277 2539/3834/28
f 2539/3834/28 2606/3833/3277 2480/3835/3278
f 2480/3835/3278 2606/3833/3277 12/3836/3279
f 3144/3831/3275 3331/3832/3276 3143/3837/3280
f 3144/3831/3275 3143/3837/3280 2606/3833/3277
f 3488/3838/3281 3331/3832/3276 3527/3827/3271
f 3331/3832/3276 3488/3838/3281 3143/3837/3280
f 2606/3833/3277 3143/3837/3280 2856/3839/3282
f 12/3836/3279 2606/3833/3277 2625/3840/3283
f 2625/3840/3283 2606/3833/3277 2856/3839/3282
f 12/3836/3279 2625/3840/3283 113/3841/3284
f 113/3841/3284 2625/3840/3283 2475/3842/3285
f 2625/3840/3283 2856/3839/3282 3213/3843/3286
f 3213/3843/3286 2856/3839/3282 3143/3837/3280
f 2475/3842/3285 2625/3840/3283 2682/3844/3287
f 2682/3844/3287 2625/3840/3283 3213/3843/3286
f 2475/3842/3285 2682/3844/3287 7/3845/3288
f 3213/3843/3286 3143/3837/3280 3454/3846/3289
f 3454/3846/3289 3143/3837/3280 3488/3838/3281
f 2682/3844/3287 3213/3843/3286 3164/3847/3290
f 3164/3847/3290 3213/3843/3286 3454/3846/3289
f 7/3845/3288 2682/3844/3287 2642/3848/3291
f 2642/3848/3291 2682/3844/3287 3164/3847/3290
f 7/3845/3288 2642/3848/3291 128/3849/16
f 3454/3846/3289 3488/3838/3281 3516/3850/3292
f 128/3849/16 2642/3848/3291 2670/3851/3293
f 128/3849/16 2670/3851/3293 51/3852/3294
f 2642/3848/3291 3164/3847/3290 3119/3853/3295
f 2642/3848/3291 3119/3853/3295 2670/3851/3293
f 3552/3854/3296 3164/3847/3290 3454/3846/3289
f 3164/3847/3290 3552/3854/3296 3119/3853/3295
f 3454/3846/3289 3516/3850/3292 3795/3855/3297
f 3795/3855/3297 3516/3850/3292 3488/3838/3281
f 3454/3846/3289 3795/3855/3297 3552/3854/3296
f 3119/3853/3295 3552/3854/3296 3510/3856/3298
f 3119/3853/3295 3510/3856/3298 3231/3857/3299
f 3510/3856/3298 3552/3854/3296 3793/3858/3300
f 3510/3856/3298 3793/3858/3300 3799/3859/3301
f 3119/3853/3295 3231/3857/3299 2639/3860/3302
f 3119/3853/3295 2639/3860/3302 2670/3851/3293
f 2670/3851/3293 2639/3860/3302 51/3852/3294
f 2639/3860/3302 3231/3857/3299 2917/3861/3303
f 51/3852/3294 2639/3860/3302 2593/3862/3304
f 2593/3862/3304 2639/3860/3302 2917/3861/3303
f 51/3852/3294 2593/3862/3304 98/3863/3305
f 2593/3862/3304 2917/3861/3303 2492/3864/3306
f 2593/3862/3304 2492/3864/3306 98/3863/3305
f 3888/3865/3307 3799/3859/3301 3793/3858/3300
f 3888/3865/3307 3793/3858/3300 3892/3866/3308
f 3888/3865/3307 3892/3866/3308 3934/3867/3309
f 3892/3866/3308 3793/3858/3300 3801/3868/3310
f 3801/3868/3310 3793/3858/3300 3758/3869/3311
f 3758/3869/3311 3793/3858/3300 3552/3854/3296
f 3801/3868/3310 3758/3869/3311 3802/3870/3312
f 3801/3868/3310 3802/3870/3312 3892/3866/3308
f 3802/3870/3312 3758/3869/3311 3808/3871/3313
f 3802/3870/3312 3808/3871/3313 3892/3866/3308
f 3758/3869/3311 3552/3854/3296 3795/3855/3297
f 3758/3869/3311 3795/3855/3297 3808/3871/3313
f 3808/3871/3313 3795/3855/3297 3892/3866/3308
f 3900/3872/3314 3934/3867/3309 3892/3866/3308
f 3900/3872/3314 3892/3866/3308 3795/3855/3297
f 3934/3867/3309 3900/3872/3314 3981/3873/3315
f 3900/3872/3314 3795/3855/3297 3805/3874/3316
f 3805/3874/3316 3795/3855/3297 3488/3838/3281
f 3805/3874/3316 3488/3838/3281 3527/3827/3271
f 3805/3874/3316 3527/3827/3271 3859/3828/3272
f 3805/3874/3316 3859/3828/3272 3900/3872/3314
f 3900/3872/3314 3859/3828/3272 3981/3873/3315
f 3981/3873/3315 3859/3828/3272 3971/3817/3261
f 3981/3873/3315 3971/3817/3261 4017/3875/3317
f 3981/3873/3315 4017/3875/3317 3963/3876/3318
f 4017/3875/3317 3971/3817/3261 4077/3816/3260
f 3963/3876/3318 4017/3875/3317 3989/3877/3319
f 4017/3875/3317 4077/3816/3260 4008/3878/3320
f 4017/3875/3317 4008/3878/3320 3989/3877/3319
f 4008/3878/3320 4077/3816/3260 4055/3879/3321
f 4055/3879/3321 4077/3816/3260 4155/3815/3259
f 3989/3877/3319 4008/3878/3320 4060/3880/3322
f 4060/3880/3322 4008/3878/3320 4055/3879/3321
f 3963/3876/3318 3989/3877/3319 4280/3881/3323
f 4280/3881/3323 3989/3877/3319 4060/3880/3322
f 3963/3876/3318 4280/3881/3323 4274/3882/3324
f 4060/3880/3322 4055/3879/3321 4093/3883/3325
f 4093/3883/3325 4055/3879/3321 4155/3815/3259
f 4280/3881/3323 4060/3880/3322 4287/3884/3326
f 4287/3884/3326 4060/3880/3322 4093/3883/3325
f 4274/3882/3324 4280/3881/3323 4325/3885/3327
f 4325/3885/3327 4280/3881/3323 4287/3884/3326
f 4274/3882/3324 4325/3885/3327 4328/3886/3328
f 4093/3883/3325 4155/3815/3259 4120/3887/3329
f 4287/3884/3326 4093/3883/3325 4302/3888/3330
f 4302/3888/3330 4093/3883/3325 4120/3887/3329
f 4120/3887/3329 4155/3815/3259 4146/3889/3331
f 4120/3887/3329 4146/3889/3331 4302/3888/3330
f 4146/3889/3331 4155/3815/3259 4228/3805/3249
f 4328/3886/3328 4325/3885/3327 4384/3890/3332
f 4328/3886/3328 4384/3890/3332 4401/3891/3333
f 4401/3891/3333 4384/3890/3332 4395/3892/3334
f 4384/3890/3332 4325/3885/3327 4376/3893/3335
f 4384/3890/3332 4376/3893/3335 4395/3892/3334
f 4376/3893/3335 4325/3885/3327 4287/3884/3326
f 4395/3892/3334 4376/3893/3335 4400/3894/3336
f 4146/3889/3331 4228/3805/3249 4127/3895/3337
f 4127/3895/3337 4228/3805/3249 4199/3784/3236
f 4376/3893/3335 4287/3884/3326 4335/3896/3338
f 4335/3896/3338 4287/3884/3326 4302/3888/3330
f 4400/3894/3336 4376/3893/3335 4385/3897/3339
f 4385/3897/3339 4376/3893/3335 4335/3896/3338
f 4400/3894/3336 4385/3897/3339 4414/3898/3340
f 4414/3898/3340 4385/3897/3339 4399/3899/3341
f 4385/3897/3339 4335/3896/3338 4382/3900/3342
f 4385/3897/3339 4382/3900/3342 4399/3899/3341
f 4382/3900/3342 4335/3896/3338 4302/3888/3330
f 4399/3899/3341 4382/3900/3342 4380/3901/3343
f 4382/3900/3342 4302/3888/3330 4307/3902/3344
f 4382/3900/3342 4307/3902/3344 4380/3901/3343
f 4307/3902/3344 4302/3888/3330 4146/3889/3331
f 4399/3899/3341 4380/3901/3343 4397/3903/3345
f 4307/3902/3344 4146/3889/3331 4211/3904/3346
f 4211/3904/3346 4146/3889/3331 4127/3895/3337
f 4380/3901/3343 4307/3902/3344 4311/3905/3347
f 4311/3905/3347 4307/3902/3344 4211/3904/3346
f 4397/3903/3345 4380/3901/3343 4337/3906/3348
f 4337/3906/3348 4380/3901/3343 4311/3905/3347
f 4211/3904/3346 4127/3895/3337 4099/3907/3349
f 4099/3907/3349 4127/3895/3337 4199/3784/3236
f 4099/3907/3349 4199/3784/3236 4075/3779/3233
f 4099/3907/3349 4075/3779/3233 4163/3782/3235
f 4099/3907/3349 4163/3782/3235 4211/3904/3346
f 4211/3904/3346 4163/3782/3235 4311/3905/3347
f 4311/3905/3347 4163/3782/3235 4270/3908/3350
f 4270/3908/3350 4163/3782/3235 4238/3909/3351
f 4238/3909/3351 4163/3782/3235 4300/3785/3237
f 4238/3909/3351 4300/3785/3237 4270/3908/3350
f 4270/3908/3350 4300/3785/3237 4311/3905/3347
f 4311/3905/3347 4300/3785/3237 4337/3906/3348
f 4337/3906/3348 4300/3785/3237 4330/3910/3352
f 4330/3910/3352 4300/3785/3237 4294/3780/3234
f 4330/3910/3352 4294/3780/3234 4365/3786/3238
f 4337/3906/3348 4330/3910/3352 4373/3911/3353
f 4337/3906/3348 4373/3911/3353 4394/3912/3354
f 4337/3906/3348 4394/3912/3354 4397/3903/3345
f 4397/3903/3345 4394/3912/3354 4408/3913/3355
f 4394/3912/3354 4373/3911/3353 4393/3914/3356
f 4394/3912/3354 4393/3914/3356 4409/3915/3357
f 4373/3911/3353 4330/3910/3352 4379/3916/3358
f 4373/3911/3353 4379/3916/3358 4393/3914/3356
f 4379/3916/3358 4330/3910/3352 4365/3786/3238
f 4409/3915/3357 4393/3914/3356 4416/3917/3359
f 4393/3914/3356 4379/3916/3358 4391/3918/3360
f 4393/3914/3356 4391/3918/3360 4416/3917/3359
f 4391/3918/3360 4379/3916/3358 4365/3786/3238
f 4416/3917/3359 4391/3918/3360 4392/3919/3361
f 4392/3919/3361 4391/3918/3360 4365/3786/3238
f 4416/3917/3359 4392/3919/3361 4403/3920/3362
f 4416/3917/3359 4403/3920/3362 4425/3921/3363
f 4392/3919/3361 4365/3786/3238 4366/3922/3364
f 4366/3922/3364 4365/3786/3238 4324/3783/1929
f 4366/3922/3364 4324/3783/1929 4277/3923/1928
f 4366/3922/3364 4277/3923/1928 4377/3924/1937
f 4366/3922/3364 4377/3924/1937 4392/3919/3361
f 4392/3919/3361 4377/3924/1937 4403/3920/3362
f 4425/3921/3363 4403/3920/3362 4423/3925/3365
f 4403/3920/3362 4377/3924/1937 4388/3926/3366
f 4388/3926/3366 4377/3924/1937 4368/3927/1941
f 4368/3927/1941 4377/3924/1937 4309/3928/1936
f 4403/3920/3362 4388/3926/3366 4396/3929/3367
f 4396/3929/3367 4388/3926/3366 4368/3927/1941
f 4403/3920/3362 4396/3929/3367 4423/3925/3365
f 4396/3929/3367 4368/3927/1941 4357/3930/1942
f 4423/3925/3365 4396/3929/3367 4402/3931/3368
f 4402/3931/3368 4396/3929/3367 4357/3930/1942
f 4423/3925/3365 4402/3931/3368 4424/3932/3369
f 4402/3931/3368 4357/3930/1942 4354/3933/1945
f 4424/3932/3369 4402/3931/3368 4419/3934/3370
f 4402/3931/3368 4354/3933/1945 4389/3935/3371
f 4402/3931/3368 4389/3935/3371 4419/3934/3370
f 4389/3935/3371 4354/3933/1945 4355/3936/1946
f 4389/3935/3371 4355/3936/1946 4410/3937/3372
f 4389/3935/3371 4410/3937/3372 4419/3934/3370
f 4419/3934/3370 4410/3937/3372 4431/3938/3373
f 340/3939/2473 680/3940/2470 481/3941/2471
f 680/3940/2470 340/3939/2473 509/3942/2554
f 509/3942/2554 340/3939/2473 255/3943/2480
f 509/3942/2554 255/3943/2480 401/3944/2572
f 401/3944/2572 255/3943/2480 306/3945/2574
f 306/3945/2574 255/3943/2480 221/3946/3374
f 306/3945/2574 221/3946/3374 274/3947/2638
f 221/3946/3374 255/3943/2480 198/3948/2487
f 198/3948/2487 255/3943/2480 174/3949/2481
f 274/3947/2638 221/3946/3374 228/3950/3375
f 228/3950/3375 221/3946/3374 198/3948/2487
f 274/3947/2638 228/3950/3375 320/3951/2636
f 228/3950/3375 198/3948/2487 234/3952/3376
f 228/3950/3375 234/3952/3376 320/3951/2636
f 234/3952/3376 198/3948/2487 207/3953/2488
f 234/3952/3376 207/3953/2488 272/3954/2492
f 320/3951/2636 234/3952/3376 310/3955/2634
f 310/3955/2634 234/3952/3376 272/3954/2492
f 320/3951/2636 310/3955/2634 437/3956/2633
f 310/3955/2634 272/3954/2492 375/3957/2495
f 310/3955/2634 375/3957/2495 496/3958/2623
f 310/3955/2634 496/3958/2623 507/3959/2626
f 496/3958/2623 375/3957/2495 584/3960/2460
f 2929/3961/1985 2736/3962/1996 2820/3963/2169
f 2929/3961/1985 2820/3963/2169 3066/3964/3377
f 2929/3961/1985 3066/3964/3377 3102/3965/1980
f 3066/3964/3377 2820/3963/2169 2948/3966/3378
f 2948/3966/3378 2820/3963/2169 2766/3967/2168
f 3102/3965/1980 3066/3964/3377 3206/3968/3379
f 3102/3965/1980 3206/3968/3379 3325/3969/1974
f 3325/3969/1974 3206/3968/3379 3317/3970/1975
f 3206/3968/3379 3066/3964/3377 3135/3971/3380
f 3135/3971/3380 3066/3964/3377 2948/3966/3378
f 3317/3970/1975 3206/3968/3379 3246/3972/3381
f 3246/3972/3381 3206/3968/3379 3135/3971/3380
f 2948/3966/3378 2766/3967/2168 2918/3973/2172
f 3317/3970/1975 3246/3972/3381 3364/3974/3382
f 3317/3970/1975 3364/3974/3382 3392/3975/1972
f 3392/3975/1972 3364/3974/3382 3394/3976/1971
f 3364/3974/3382 3246/3972/3381 3315/3977/3383
f 3364/3974/3382 3315/3977/3383 3394/3976/1971
f 3315/3977/3383 3246/3972/3381 3240/3978/3384
f 3394/3976/1971 3315/3977/3383 3328/3979/3385
f 3328/3979/3385 3315/3977/3383 3240/3978/3384
f 3394/3976/1971 3328/3979/3385 3353/3980/3386
f 3394/3976/1971 3353/3980/3386 3497/3981/3387
f 3394/3976/1971 3497/3981/3387 3600/3982/1969
f 3600/3982/1969 3497/3981/3387 3427/3983/1970
f 3497/3981/3387 3353/3980/3386 3287/3984/3388
f 3497/3981/3387 3287/3984/3388 3427/3983/1970
f 3287/3984/3388 3353/3980/3386 3328/3979/3385
f 3427/3983/1970 3287/3984/3388 3212/3985/3389
f 3427/3983/1970 3212/3985/3389 3349/3986/3390
f 3287/3984/3388 3328/3979/3385 3234/3987/3391
f 3234/3987/3391 3328/3979/3385 3240/3978/3384
f 3349/3986/3390 3212/3985/3389 3103/3988/3392
f 3212/3985/3389 3287/3984/3388 3139/3989/3393
f 3212/3985/3389 3139/3989/3393 3103/3988/3392
f 3139/3989/3393 3287/3984/3388 3234/3987/3391
f 2945/3990/3394 3338/3991/3395 3103/3988/3392
f 3103/3988/3392 3139/3989/3393 2925/3992/3396
f 3103/3988/3392 2925/3992/3396 2945/3990/3394
f 3139/3989/3393 3234/3987/3391 3075/3993/3397
f 3075/3993/3397 3234/3987/3391 3240/3978/3384
f 3139/3989/3393 3075/3993/3397 2946/3994/3398
f 3139/3989/3393 2946/3994/3398 2925/3992/3396
f 3075/3993/3397 3240/3978/3384 3061/3995/3399
f 2946/3994/3398 3075/3993/3397 2776/3996/3400
f 2776/3996/3400 3075/3993/3397 3061/3995/3399
f 2925/3992/3396 2946/3994/3398 2706/3997/3401
f 2706/3997/3401 2946/3994/3398 2776/3996/3400
f 2866/3998/3402 2945/3990/3394 2925/3992/3396
f 2945/3990/3394 2866/3998/3402 2921/3999/3403
f 2925/3992/3396 2706/3997/3401 2651/4000/3404
f 2925/3992/3396 2651/4000/3404 2866/3998/3402
f 2651/4000/3404 2706/3997/3401 4/4001/3168
f 2651/4000/3404 4/4001/3168 2454/4002/3167
f 4/4001/3168 2706/3997/3401 2463/4003/3170
f 2463/4003/3170 2706/3997/3401 2776/3996/3400
f 2651/4000/3404 2454/4002/3167 2558/4004/3405
f 2651/4000/3404 2558/4004/3405 2866/3998/3402
f 2558/4004/3405 2454/4002/3167 82/4005/3165
f 2558/4004/3405 82/4005/3165 2541/4006/3166
f 2558/4004/3405 2541/4006/3166 2866/3998/3402
f 2866/3998/3402 2541/4006/3166 2921/3999/3403
f 2921/3999/3403 2541/4006/3166 2604/4007/3406
f 2604/4007/3406 2541/4006/3166 164/4008/3164
f 2515/4009/3173 104/4010/3171 2463/4003/3170
f 2515/4009/3173 2463/4003/3170 2666/4011/3407
f 2666/4011/3407 2463/4003/3170 2776/3996/3400
f 2515/4009/3173 2666/4011/3407 2527/4012/991
f 2515/4009/3173 2527/4012/991 97/4013/992
f 2527/4012/991 2666/4011/3407 2650/4014/986
f 2666/4011/3407 2776/3996/3400 2893/4015/3408
f 2666/4011/3407 2893/4015/3408 2650/4014/986
f 2893/4015/3408 2776/3996/3400 3061/3995/3399
f 2650/4014/986 2893/4015/3408 2894/4016/3409
f 2650/4014/986 2894/4016/3409 2815/4017/981
f 2815/4017/981 2894/4016/3409 2988/4018/976
f 2894/4016/3409 2893/4015/3408 3007/4019/3410
f 3007/4019/3410 2893/4015/3408 3061/3995/3399
f 2988/4018/976 2894/4016/3409 3041/4020/3411
f 3041/4020/3411 2894/4016/3409 3007/4019/3410
f 2988/4018/976 3041/4020/3411 3136/4021/3412
f 2988/4018/976 3136/4021/3412 3342/4022/916
f 3342/4022/916 3136/4021/3412 3319/4023/907
f 3136/4021/3412 3041/4020/3411 3088/4024/3413
f 3088/4024/3413 3041/4020/3411 3007/4019/3410
f 3319/4023/907 3136/4021/3412 3150/4025/3414
f 3150/4025/3414 3136/4021/3412 3088/4024/3413
f 3319/4023/907 3150/4025/3414 3216/4026/901
f 3216/4026/901 3150/4025/3414 3097/4027/3415
f 3097/4027/3415 3150/4025/3414 3088/4024/3413
f 3216/4026/901 3097/4027/3415 2933/4028/897
f 3088/4024/3413 3007/4019/3410 3090/4029/3416
f 3090/4029/3416 3007/4019/3410 3061/3995/3399
f 3097/4027/3415 3088/4024/3413 3082/4030/3417
f 2933/4028/897 3097/4027/3415 2922/4031/3418
f 2922/4031/3418 3097/4027/3415 3082/4030/3417
f 3090/4029/3416 3061/3995/3399 3158/4032/3419
f 3158/4032/3419 3061/3995/3399 3240/3978/3384
f 3158/4032/3419 3240/3978/3384 3246/3972/3381
f 3158/4032/3419 3246/3972/3381 3135/3971/3380
f 3090/4029/3416 3158/4032/3419 3122/4033/3420
f 3090/4029/3416 3122/4033/3420 3088/4024/3413
f 3122/4033/3420 3158/4032/3419 3135/3971/3380
f 3088/4024/3413 3122/4033/3420 3082/4030/3417
f 3122/4033/3420 3135/3971/3380 3054/4034/3421
f 3122/4033/3420 3054/4034/3421 3082/4030/3417
f 3082/4030/3417 3054/4034/3421 2922/4031/3418
f 3054/4034/3421 3135/3971/3380 2948/3966/3378
f 3054/4034/3421 2948/3966/3378 2989/4035/3422
f 3054/4034/3421 2989/4035/3422 2922/4031/3418
f 2989/4035/3422 2948/3966/3378 2918/3973/2172
f 2922/4031/3418 2989/4035/3422 2903/4036/3423
f 2903/4036/3423 2989/4035/3422 2918/3973/2172
f 2922/4031/3418 2903/4036/3423 2734/4037/3424
f 2922/4031/3418 2734/4037/3424 2933/4028/897
f 2903/4036/3423 2918/3973/2172 2730/4038/3425
f 2903/4036/3423 2730/4038/3425 2734/4037/3424
f 2730/4038/3425 2918/3973/2172 2839/4039/2171
f 2933/4028/897 2734/4037/3424 2636/4040/895
f 2730/4038/3425 2839/4039/2171 2687/4041/2174
f 2636/4040/895 2734/4037/3424 2600/4042/2114
f 2636/4040/895 2600/4042/2114 33/4043/894
f 2734/4037/3424 2730/4038/3425 2588/4044/3426
f 2734/4037/3424 2588/4044/3426 2600/4042/2114
f 2588/4044/3426 2730/4038/3425 2687/4041/2174
f 2600/4042/2114 2588/4044/3426 121/4045/792
f 2588/4044/3426 2687/4041/2174 2553/4046/2176
f 2588/4044/3426 2553/4046/2176 121/4045/792
f 2959/4047/2355 3165/4048/2723 3001/4049/3427
f 2959/4047/2355 3001/4049/3427 2828/4050/3428
f 2828/4050/3428 3001/4049/3427 3165/4048/2723
f 2959/4047/2355 2828/4050/3428 2751/4051/2356
f 2751/4051/2356 2828/4050/3428 2684/4052/2536
f 2828/4050/3428 3165/4048/2723 3116/4053/3429
f 3116/4053/3429 3165/4048/2723 3271/4054/2725
f 3116/4053/3429 3271/4054/2725 3205/4055/2729
f 2684/4052/2536 2828/4050/3428 2702/4056/3430
f 2684/4052/2536 2702/4056/3430 2643/4057/2534
f 2828/4050/3428 3116/4053/3429 2888/4058/3431
f 2828/4050/3428 2888/4058/3431 2702/4056/3430
f 3116/4053/3429 3205/4055/2729 2991/4059/3432
f 3116/4053/3429 2991/4059/3432 2888/4058/3431
f 2991/4059/3432 3205/4055/2729 3109/4060/3433
f 3109/4060/3433 3205/4055/2729 3308/4061/2730
f 3109/4060/3433 3308/4061/2730 3277/4062/2851
f 3109/4060/3433 3277/4062/2851 2981/4063/2852
f 2991/4059/3432 3109/4060/3433 2889/4064/3434
f 2889/4064/3434 3109/4060/3433 2981/4063/2852
f 2888/4058/3431 2991/4059/3432 2847/4065/3435
f 2847/4065/3435 2991/4059/3432 2889/4064/3434
f 2888/4058/3431 2847/4065/3435 2754/4066/3436
f 2888/4058/3431 2754/4066/3436 2702/4056/3430
f 2847/4065/3435 2889/4064/3434 2800/4067/3437
f 2847/4065/3435 2800/4067/3437 2754/4066/3436
f 2702/4056/3430 2754/4066/3436 2679/4068/3438
f 2702/4056/3430 2679/4068/3438 2643/4057/2534
f 2643/4057/2534 2679/4068/3438 2655/4069/2531
f 2679/4068/3438 2754/4066/3436 2747/4070/3439
f 2747/4070/3439 2754/4066/3436 2800/4067/3437
f 2655/4069/2531 2679/4068/3438 2699/4071/3440
f 2699/4071/3440 2679/4068/3438 2747/4070/3439
f 2655/4069/2531 2699/4071/3440 2737/4072/2529
f 2699/4071/3440 2747/4070/3439 2835/4073/3441
f 2737/4072/2529 2699/4071/3440 2787/4074/3442
f 2787/4074/3442 2699/4071/3440 2835/4073/3441
f 2737/4072/2529 2787/4074/3442 2899/4075/2526
f 2747/4070/3439 2800/4067/3437 2796/4076/3443
f 2747/4070/3439 2796/4076/3443 2833/4077/3444
f 2747/4070/3439 2833/4077/3444 2835/4073/3441
f 2796/4076/3443 2800/4067/3437 2795/4078/3445
f 2795/4078/3445 2800/4067/3437 2889/4064/3434
f 2833/4077/3444 2796/4076/3443 2864/4079/3446
f 2864/4079/3446 2796/4076/3443 2795/4078/3445
f 2835/4073/3441 2833/4077/3444 2944/4080/3447
f 2944/4080/3447 2833/4077/3444 2864/4079/3446
f 2795/4078/3445 2889/4064/3434 2846/4081/3448
f 2846/4081/3448 2889/4064/3434 2981/4063/2852
f 2846/4081/3448 2981/4063/2852 2892/4082/2830
f 2892/4082/2830 2981/4063/2852 3179/4083/2832
f 2846/4081/3448 2892/4082/2830 2723/4084/3449
f 2723/4084/3449 2892/4082/2830 2829/4085/2827
f 2795/4078/3445 2846/4081/3448 2842/4086/3450
f 2795/4078/3445 2842/4086/3450 2864/4079/3446
f 2842/4086/3450 2846/4081/3448 2723/4084/3449
f 2723/4084/3449 2829/4085/2827 2727/4087/2826
f 2723/4084/3449 2727/4087/2826 2712/4088/3451
f 2712/4088/3451 2727/4087/2826 2814/4089/2825
f 2842/4086/3450 2723/4084/3449 2807/4090/3452
f 2807/4090/3452 2723/4084/3449 2712/4088/3451
f 2864/4079/3446 2842/4086/3450 2956/4091/3453
f 2956/4091/3453 2842/4086/3450 2807/4090/3452
f 2864/4079/3446 2956/4091/3453 3106/4092/3454
f 2864/4079/3446 3106/4092/3454 2944/4080/3447
f 2956/4091/3453 2807/4090/3452 3096/4093/3455
f 3106/4092/3454 2956/4091/3453 3282/4094/3456
f 3282/4094/3456 2956/4091/3453 3096/4093/3455
f 2944/4080/3447 3106/4092/3454 3192/4095/3457
f 3192/4095/3457 3106/4092/3454 3282/4094/3456
f 3096/4093/3455 2807/4090/3452 2908/4096/3458
f 2908/4096/3458 2807/4090/3452 2712/4088/3451
f 2908/4096/3458 2712/4088/3451 2767/4097/3459
f 2767/4097/3459 2712/4088/3451 2875/4098/3460
f 2767/4097/3459 2875/4098/3460 2870/4099/3461
f 2767/4097/3459 2870/4099/3461 2908/4096/3458
f 2870/4099/3461 2875/4098/3460 2971/4100/3462
f 2908/4096/3458 2870/4099/3461 3036/4101/3463
f 3036/4101/3463 2870/4099/3461 2971/4100/3462
f 2908/4096/3458 3036/4101/3463 3096/4093/3455
f 3036/4101/3463 2971/4100/3462 3146/4102/3464
f 3096/4093/3455 3036/4101/3463 3278/4103/3465
f 3096/4093/3455 3278/4103/3465 3282/4094/3456
f 3036/4101/3463 3146/4102/3464 3237/4104/3466
f 3036/4101/3463 3237/4104/3466 3278/4103/3465
f 3237/4104/3466 3146/4102/3464 3350/4105/3467
f 3237/4104/3466 3350/4105/3467 3465/4106/3468
f 3237/4104/3466 3465/4106/3468 3278/4103/3465
f 3465/4106/3468 3350/4105/3467 3536/4107/3469
f 3282/4094/3456 3278/4103/3465 3430/4108/2784
f 3430/4108/2784 3278/4103/3465 3465/4106/3468
f 3282/4094/3456 3430/4108/2784 3476/4109/2782
f 3282/4094/3456 3476/4109/2782 3419/4110/2781
f 3430/4108/2784 3465/4106/3468 3688/4111/2791
f 3688/4111/2791 3465/4106/3468 3536/4107/3469
f 3430/4108/2784 3688/4111/2791 3679/4112/2785
f 3688/4111/2791 3536/4107/3469 3710/4113/3470
f 3688/4111/2791 3710/4113/3470 3958/4114/3471
f 3688/4111/2791 3958/4114/3471 3972/4115/2796
f 3282/4094/3456 3419/4110/2781 3192/4095/3457
f 3192/4095/3457 3419/4110/2781 3327/4116/3472
f 3327/4116/3472 3419/4110/2781 3487/4117/2778
f 3327/4116/3472 3487/4117/2778 3358/4118/3473
f 3358/4118/3473 3487/4117/2778 3330/4119/2523
f 3358/4118/3473 3330/4119/2523 3197/4120/3474
f 3358/4118/3473 3197/4120/3474 3327/4116/3472
f 3197/4120/3474 3330/4119/2523 3132/4121/2525
f 3197/4120/3474 3132/4121/2525 2899/4075/2526
f 3327/4116/3472 3197/4120/3474 3131/4122/3475
f 3327/4116/3472 3131/4122/3475 3192/4095/3457
f 3197/4120/3474 2899/4075/2526 2984/4123/3476
f 3197/4120/3474 2984/4123/3476 3131/4122/3475
f 2984/4123/3476 2899/4075/2526 2787/4074/3442
f 2984/4123/3476 2787/4074/3442 2905/4124/3477
f 2984/4123/3476 2905/4124/3477 3131/4122/3475
f 2905/4124/3477 2787/4074/3442 2835/4073/3441
f 3192/4095/3457 3131/4122/3475 3000/4125/3478
f 3000/4125/3478 3131/4122/3475 2905/4124/3477
f 3000/4125/3478 2905/4124/3477 2835/4073/3441
f 3192/4095/3457 3000/4125/3478 2944/4080/3447
f 2944/4080/3447 3000/4125/3478 2835/4073/3441
f 3226/4126/2811 3274/4127/753 3178/4128/754
f 3274/4127/753 3226/4126/2811 3344/4129/2806
f 3226/4126/2811 3178/4128/754 3125/4130/3479
f 3226/4126/2811 3125/4130/3479 3126/4131/2812
f 3125/4130/3479 3178/4128/754 3101/4132/757
f 3126/4131/2812 3125/4130/3479 3057/4133/2814
f 3125/4130/3479 3101/4132/757 3029/4134/3480
f 3125/4130/3479 3029/4134/3480 3057/4133/2814
f 3071/4135/767 3101/4132/757 3094/4136/758
f 3101/4132/757 3071/4135/767 3029/4134/3480
f 3057/4133/2814 3029/4134/3480 3021/4137/3481
f 3057/4133/2814 3021/4137/3481 2898/4138/2815
f 3029/4134/3480 3071/4135/767 2982/4139/3482
f 3021/4137/3481 3029/4134/3480 3040/4140/3483
f 3040/4140/3483 3029/4134/3480 2982/4139/3482
f 2898/4138/2815 3021/4137/3481 2963/4141/3484
f 2982/4139/3482 3071/4135/767 3069/4142/3485
f 3069/4142/3485 3071/4135/767 3078/4143/769
f 3021/4137/3481 3040/4140/3483 3070/4144/3486
f 3021/4137/3481 3070/4144/3486 2963/4141/3484
f 3040/4140/3483 2982/4139/3482 3032/4145/3487
f 3070/4144/3486 3040/4140/3483 3153/4146/3488
f 3153/4146/3488 3040/4140/3483 3032/4145/3487
f 2982/4139/3482 3069/4142/3485 3053/4147/3489
f 2982/4139/3482 3053/4147/3489 3032/4145/3487
f 3053/4147/3489 3069/4142/3485 2995/4148/3490
f 3153/4146/3488 3032/4145/3487 3130/4149/3491
f 3032/4145/3487 3053/4147/3489 3134/4150/3492
f 3032/4145/3487 3134/4150/3492 3130/4149/3491
f 3130/4149/3491 3134/4150/3492 3257/4151/3493
f 3130/4149/3491 3257/4151/3493 3153/4146/3488
f 3257/4151/3493 3134/4150/3492 3244/4152/3494
f 3153/4146/3488 3257/4151/3493 3293/4153/3495
f 3134/4150/3492 3053/4147/3489 3056/4154/3496
f 3056/4154/3496 3053/4147/3489 2995/4148/3490
f 3134/4150/3492 3056/4154/3496 3187/4155/3497
f 3187/4155/3497 3056/4154/3496 3188/4156/3498
f 3188/4156/3498 3056/4154/3496 3121/4157/3499
f 3153/4146/3488 3293/4153/3495 3219/4158/3500
f 3121/4157/3499 3056/4154/3496 3045/4159/3501
f 3045/4159/3501 3056/4154/3496 2995/4148/3490
f 3121/4157/3499 3045/4159/3501 3142/4160/20
f 3219/4158/3500 3293/4153/3495 3354/4161/3502
f 3142/4160/20 3045/4159/3501 2999/4162/3503
f 2999/4162/3503 3045/4159/3501 2995/4148/3490
f 3142/4160/20 2999/4162/3503 3080/4163/3504
f 3080/4163/3504 2999/4162/3503 3017/4164/3505
f 3080/4163/3504 3017/4164/3505 3016/4165/3506
f 3016/4165/3506 3017/4164/3505 2999/4162/3503
f 3016/4165/3506 2999/4162/3503 2995/4148/3490
f 3191/4166/3507 3153/4146/3488 3219/4158/3500
f 3191/4166/3507 3219/4158/3500 3354/4161/3502
f 3153/4146/3488 3191/4166/3507 3070/4144/3486
f 3070/4144/3486 3191/4166/3507 2963/4141/3484
f 3016/4165/3506 2995/4148/3490 3008/4167/3508
f 3008/4167/3508 2995/4148/3490 3069/4142/3485
f 3008/4167/3508 3069/4142/3485 3078/4143/769
f 3016/4165/3506 3008/4167/3508 2990/4168/775
f 2990/4168/775 3008/4167/3508 3078/4143/769
f 3016/4165/3506 2990/4168/775 2986/4169/670
f 2990/4168/775 3078/4143/769 3065/4170/770
f 3199/4171/3509 2963/4141/3484 3191/4166/3507
f 3199/4171/3509 3191/4166/3507 3354/4161/3502
f 3199/4171/3509 3354/4161/3502 3391/4172/3510
f 3391/4172/3510 3354/4161/3502 3529/4173/3511
f 3391/4172/3510 3529/4173/3511 3677/4174/3512
f 3677/4174/3512 3529/4173/3511 3750/4175/3513
f 3677/4174/3512 3750/4175/3513 4000/4176/3514
f 3677/4174/3512 4000/4176/3514 3764/4177/3515
f 3764/4177/3515 4000/4176/3514 4045/4178/3516
f 3764/4177/3515 4045/4178/3516 3710/4179/3470
f 3710/4179/3470 4045/4178/3516 3958/4180/3471
f 3764/4177/3515 3710/4179/3470 3536/4181/3469
f 3764/4177/3515 3536/4181/3469 3528/4182/3517
f 3764/4177/3515 3528/4182/3517 3677/4174/3512
f 3528/4182/3517 3536/4181/3469 3350/4183/3467
f 3677/4174/3512 3528/4182/3517 3389/4184/3518
f 3677/4174/3512 3389/4184/3518 3391/4172/3510
f 3528/4182/3517 3350/4183/3467 3249/4185/3519
f 3528/4182/3517 3249/4185/3519 3389/4184/3518
f 3249/4185/3519 3350/4183/3467 3146/4186/3464
f 3391/4172/3510 3389/4184/3518 3255/4187/3520
f 3255/4187/3520 3389/4184/3518 3249/4185/3519
f 3391/4172/3510 3255/4187/3520 3199/4171/3509
f 3249/4185/3519 3146/4186/3464 3068/4188/3521
f 3249/4185/3519 3068/4188/3521 3255/4187/3520
f 3068/4188/3521 3146/4186/3464 2971/4189/3462
f 3199/4171/3509 3255/4187/3520 3002/4190/3522
f 3002/4190/3522 3255/4187/3520 3068/4188/3521
f 3199/4171/3509 3002/4190/3522 2963/4141/3484
f 3068/4188/3521 2971/4189/3462 2924/4191/3523
f 3068/4188/3521 2924/4191/3523 3002/4190/3522
f 2924/4191/3523 2971/4189/3462 2875/4192/3460
f 2963/4141/3484 3002/4190/3522 2804/4193/3524
f 2804/4193/3524 3002/4190/3522 2924/4191/3523
f 2963/4141/3484 2804/4193/3524 2898/4138/2815
f 2898/4138/2815 2804/4193/3524 2830/4194/2816
f 2830/4194/2816 2804/4193/3524 2794/4195/2820
f 2804/4193/3524 2924/4191/3523 2797/4196/3525
f 2804/4193/3524 2797/4196/3525 2794/4195/2820
f 2797/4196/3525 2924/4191/3523 2875/4192/3460
f 2794/4195/2820 2797/4196/3525 2814/4197/2825
f 2814/4197/2825 2797/4196/3525 2875/4192/3460
f 2814/4197/2825 2875/4192/3460 2712/4198/3451
f 1762/4199/1041 1756/4200/3526 1625/4201/1045
f 1756/4200/3526 1762/4199/1041 1831/4202/1042
f 1625/4201/1045 1756/4200/3526 1763/4203/3527
f 1763/4203/3527 1756/4200/3526 1831/4202/1042
f 1625/4201/1045 1763/4203/3527 1518/4204/3222
f 1518/4204/3222 1763/4203/3527 1712/4205/3528
f 1712/4205/3528 1763/4203/3527 1794/4206/3529
f 1794/4206/3529 1763/4203/3527 1808/4207/3530
f 1808/4207/3530 1763/4203/3527 1831/4202/1042
f 1794/4206/3529 1808/4207/3530 1787/4208/3531
f 1787/4208/3531 1808/4207/3530 1744/4209/3532
f 1744/4209/3532 1808/4207/3530 1843/4210/3533
f 1744/4209/3532 1843/4210/3533 1823/4211/3534
f 1808/4207/3530 1831/4202/1042 1862/4212/3535
f 1808/4207/3530 1862/4212/3535 1843/4210/3533
f 1823/4211/3534 1843/4210/3533 1851/4213/3536
f 1851/4213/3536 1843/4210/3533 1862/4212/3535
f 1823/4211/3534 1851/4213/3536 1816/4214/3537
f 1816/4214/3537 1851/4213/3536 1837/4215/3538
f 1851/4213/3536 1862/4212/3535 1856/4216/3539
f 1851/4213/3536 1856/4216/3539 1837/4215/3538
f 1880/4217/610 1862/4212/3535 1831/4202/1042
f 1880/4217/610 1831/4202/1042 1860/4218/609
f 1856/4216/3539 1862/4212/3535 1889/4219/3540
f 1889/4219/3540 1862/4212/3535 1880/4217/610
f 1837/4215/3538 1856/4216/3539 1864/4220/3541
f 1864/4220/3541 1856/4216/3539 1889/4219/3540
f 1837/4215/3538 1864/4220/3541 1870/4221/3542
f 1889/4219/3540 1880/4217/610 1879/4222/604
f 1879/4222/604 1880/4217/610 1878/4223/606
f 1870/4221/3542 1864/4220/3541 1890/4224/3543
f 1890/4224/3543 1864/4220/3541 1889/4219/3540
f 1870/4221/3542 1890/4224/3543 1903/4225/594
f 1889/4219/3540 1879/4222/604 1885/4226/600
f 1889/4219/3540 1885/4226/600 1890/4224/3543
f 1890/4224/3543 1885/4226/600 1903/4225/594
f 1885/4226/600 1879/4222/604 1893/4227/602
f 1903/4225/594 1885/4226/600 1900/4228/596
f 1593/4229/2013 1445/4230/1163 1635/4231/1162
f 1593/4229/2013 1635/4231/1162 1678/4232/2014
f 1678/4232/2014 1635/4231/1162 1759/4233/3544
f 1759/4233/3544 1635/4231/1162 1673/4234/1158
f 1759/4233/3544 1673/4234/1158 1705/4235/1155
f 1678/4232/2014 1759/4233/3544 1721/4236/2017
f 1623/4237/2020 1637/4238/2016 1721/4236/2017
f 1623/4237/2020 1721/4236/2017 1656/4239/3545
f 1623/4237/2020 1656/4239/3545 1755/4240/3546
f 1721/4236/2017 1759/4233/3544 1773/4241/3547
f 1721/4236/2017 1773/4241/3547 1656/4239/3545
f 1755/4240/3546 1656/4239/3545 1692/4242/3548
f 1692/4242/3548 1656/4239/3545 1773/4241/3547
f 1755/4240/3546 1692/4242/3548 1711/4243/3549
f 1773/4241/3547 1759/4233/3544 1796/4244/3550
f 1773/4241/3547 1796/4244/3550 1692/4242/3548
f 1796/4244/3550 1759/4233/3544 1705/4235/1155
f 1692/4242/3548 1796/4244/3550 1711/4243/3549
f 1796/4244/3550 1705/4235/1155 1695/4245/3551
f 1695/4245/3551 1705/4235/1155 1733/4246/1151
f 1711/4243/3549 1796/4244/3550 1716/4247/3552
f 1695/4245/3551 1733/4246/1151 1626/4248/3553
f 1711/4243/3549 1716/4247/3552 1664/4249/3554
f 1626/4248/3553 1733/4246/1151 1663/4250/1150
f 1796/4244/3550 1695/4245/3551 1752/4251/3555
f 1752/4251/3555 1695/4245/3551 1626/4248/3553
f 1796/4244/3550 1752/4251/3555 1716/4247/3552
f 1752/4251/3555 1626/4248/3553 1631/4252/3556
f 1752/4251/3555 1631/4252/3556 1716/4247/3552
f 1626/4248/3553 1663/4250/1150 1557/4253/3557
f 1557/4253/3557 1663/4250/1150 1531/4254/1153
f 1626/4248/3553 1557/4253/3557 1521/4255/3558
f 1626/4248/3553 1521/4255/3558 1631/4252/3556
f 1557/4253/3557 1531/4254/1153 1399/4256/3559
f 1557/4253/3557 1399/4256/3559 1521/4255/3558
f 1399/4256/3559 1531/4254/1153 1343/4257/3560
f 1399/4256/3559 1343/4257/3560 1256/4258/3561
f 1521/4255/3558 1399/4256/3559 1363/4259/3562
f 1363/4259/3562 1399/4256/3559 1256/4258/3561
f 1631/4252/3556 1521/4255/3558 1530/4260/3563
f 1530/4260/3563 1521/4255/3558 1363/4259/3562
f 1363/4259/3562 1256/4258/3561 1312/4261/3564
f 1363/4259/3562 1312/4261/3564 1530/4260/3563
f 1312/4261/3564 1256/4258/3561 1138/4262/3565
f 1138/4262/3565 1256/4258/3561 1267/4263/3566
f 1530/4260/3563 1312/4261/3564 1442/4264/3567
f 1312/4261/3564 1138/4262/3565 1165/4265/3568
f 1312/4261/3564 1165/4265/3568 1442/4264/3567
f 1007/4266/3569 1042/4267/3570 1138/4262/3565
f 1138/4262/3565 1042/4267/3570 1165/4265/3568
f 1165/4265/3568 1042/4267/3570 883/4268/3571
f 883/4268/3571 1042/4267/3570 868/4269/3572
f 1165/4265/3568 883/4268/3571 981/4270/3573
f 1165/4265/3568 981/4270/3573 1126/4271/3574
f 1165/4265/3568 1126/4271/3574 1442/4264/3567
f 981/4270/3573 883/4268/3571 861/4272/3575
f 981/4270/3573 861/4272/3575 1126/4271/3574
f 861/4272/3575 883/4268/3571 670/4273/3576
f 670/4273/3576 883/4268/3571 629/4274/3577
f 670/4273/3576 629/4274/3577 195/4275/3578
f 670/4273/3576 195/4275/3578 186/4276/3579
f 186/4276/3579 195/4275/3578 2480/4277/3278
f 186/4276/3579 2480/4277/3278 12/4278/3279
f 670/4273/3576 186/4276/3579 615/4279/3580
f 670/4273/3576 615/4279/3580 861/4272/3575
f 186/4276/3579 12/4278/3279 318/4280/3581
f 186/4276/3579 318/4280/3581 615/4279/3580
f 318/4280/3581 12/4278/3279 113/4281/3284
f 861/4272/3575 615/4279/3580 845/4282/3582
f 845/4282/3582 615/4279/3580 318/4280/3581
f 861/4272/3575 845/4282/3582 1126/4271/3574
f 318/4280/3581 113/4281/3284 220/13/13
f 318/4280/3581 220/13/13 845/4282/3582
f 220/13/13 113/4281/3284 2475/4283/3285
f 220/13/13 2475/4283/3285 7/4284/3288
f 220/13/13 7/4284/3288 213/14/14
f 213/14/14 7/4284/3288 128/16/16
f 845/4282/3582 220/13/13 760/12/12
f 1075/4285/3583 1126/4271/3574 845/4282/3582
f 1075/4285/3583 845/4282/3582 760/12/12
f 1126/4271/3574 1075/4285/3583 1398/4286/3584
f 1126/4271/3574 1398/4286/3584 1442/4264/3567
f 213/14/14 128/16/16 653/15/15
f 213/14/14 653/15/15 760/12/12
f 633/17/17 128/16/16 51/4287/3294
f 633/17/17 51/4287/3294 439/4288/3585
f 653/15/15 633/17/17 905/4289/3586
f 905/4289/3586 633/17/17 439/4288/3585
f 760/12/12 653/15/15 994/4290/3587
f 760/12/12 994/4290/3587 1075/4285/3583
f 994/4290/3587 653/15/15 905/4289/3586
f 1075/4285/3583 994/4290/3587 1209/4291/3588
f 1075/4285/3583 1209/4291/3588 1398/4286/3584
f 1209/4291/3588 994/4290/3587 1361/4292/3589
f 1209/4291/3588 1361/4292/3589 1398/4286/3584
f 1361/4292/3589 994/4290/3587 905/4289/3586
f 793/4293/3590 905/4289/3586 439/4288/3585
f 793/4293/3590 439/4288/3585 332/4294/3591
f 1361/4292/3589 905/4289/3586 1387/4295/3592
f 1387/4295/3592 905/4289/3586 793/4293/3590
f 1398/4286/3584 1361/4292/3589 1435/4296/3593
f 1435/4296/3593 1361/4292/3589 1387/4295/3592
f 1398/4286/3584 1435/4296/3593 1503/4297/3594
f 1398/4286/3584 1503/4297/3594 1442/4264/3567
f 793/4293/3590 332/4294/3591 1142/4298/3595
f 1503/4297/3594 1435/4296/3593 1453/4299/3596
f 1453/4299/3596 1435/4296/3593 1387/4295/3592
f 1142/4298/3595 332/4294/3591 961/4300/3597
f 1105/4301/3598 1387/4295/3592 793/4293/3590
f 1105/4301/3598 793/4293/3590 1142/4298/3595
f 1105/4301/3598 1142/4298/3595 1161/4302/3599
f 1142/4298/3595 961/4300/3597 1170/4303/3600
f 1142/4298/3595 1170/4303/3600 1161/4302/3599
f 1105/4301/3598 1161/4302/3599 1174/4304/3601
f 1174/4304/3601 1161/4302/3599 1170/4303/3600
f 1105/4301/3598 1174/4304/3601 1371/4305/3602
f 1105/4301/3598 1371/4305/3602 1387/4295/3592
f 1371/4305/3602 1174/4304/3601 1170/4303/3600
f 1387/4295/3592 1371/4305/3602 1452/4306/3603
f 1387/4295/3592 1452/4306/3603 1453/4299/3596
f 1371/4305/3602 1170/4303/3600 1377/4307/3604
f 1371/4305/3602 1377/4307/3604 1452/4306/3603
f 1377/4307/3604 1170/4303/3600 1364/4308/3605
f 1364/4308/3605 1170/4303/3600 961/4300/3597
f 1364/4308/3605 961/4300/3597 1085/4309/3606
f 1085/4309/3606 961/4300/3597 918/4310/3153
f 1085/4309/3606 918/4310/3153 1380/4311/3607
f 1085/4309/3606 1380/4311/3607 1364/4308/3605
f 1380/4311/3607 918/4310/3153 1033/4312/2065
f 1377/4307/3604 1364/4308/3605 1465/4313/3608
f 1465/4313/3608 1364/4308/3605 1380/4311/3607
f 1377/4307/3604 1465/4313/3608 1452/4306/3603
f 1380/4311/3607 1033/4312/2065 1404/4314/2064
f 1380/4311/3607 1404/4314/2064 1465/4313/3608
f 1467/4315/2058 1404/4314/2064 1407/4316/2061
f 1404/4314/2064 1467/4315/2058 1470/4317/3609
f 1404/4314/2064 1470/4317/3609 1465/4313/3608
f 1470/4317/3609 1467/4315/2058 1489/4318/2055
f 1465/4313/3608 1470/4317/3609 1471/4319/3610
f 1471/4319/3610 1470/4317/3609 1489/4318/2055
f 1465/4313/3608 1471/4319/3610 1459/4320/3611
f 1449/4321/3612 1452/4306/3603 1465/4313/3608
f 1449/4321/3612 1465/4313/3608 1459/4320/3611
f 1459/4320/3611 1471/4319/3610 1735/4322/3613
f 1459/4320/3611 1735/4322/3613 1449/4321/3612
f 1471/4319/3610 1489/4318/2055 1758/4323/3614
f 1471/4319/3610 1758/4323/3614 1735/4322/3613
f 1758/4323/3614 1489/4318/2055 1745/4324/2052
f 1452/4306/3603 1449/4321/3612 1446/4325/3615
f 1452/4306/3603 1446/4325/3615 1453/4299/3596
f 1449/4321/3612 1735/4322/3613 1818/4326/3616
f 1758/4323/3614 1745/4324/2052 1811/4327/2049
f 1811/4327/2049 1745/4324/2052 1799/4328/2048
f 1735/4322/3613 1758/4323/3614 1815/4329/3617
f 1815/4329/3617 1758/4323/3614 1811/4327/2049
f 1446/4325/3615 1449/4321/3612 1767/4330/3618
f 1767/4330/3618 1449/4321/3612 1818/4326/3616
f 1446/4325/3615 1767/4330/3618 1448/4331/3619
f 1446/4325/3615 1448/4331/3619 1453/4299/3596
f 1453/4299/3596 1448/4331/3619 1463/4332/3620
f 1448/4331/3619 1767/4330/3618 1817/4333/3621
f 1453/4299/3596 1463/4332/3620 1503/4297/3594
f 1817/4333/3621 1767/4330/3618 1832/4334/3622
f 1832/4334/3622 1767/4330/3618 1818/4326/3616
f 1448/4331/3619 1817/4333/3621 1826/4335/3623
f 1448/4331/3619 1826/4335/3623 1463/4332/3620
f 1817/4333/3621 1832/4334/3622 1866/4336/3624
f 1817/4333/3621 1866/4336/3624 1826/4335/3623
f 1503/4297/3594 1463/4332/3620 1490/4337/3625
f 1866/4336/3624 1832/4334/3622 1895/4338/3626
f 1490/4337/3625 1463/4332/3620 1828/4339/3627
f 1828/4339/3627 1463/4332/3620 1826/4335/3623
f 1503/4297/3594 1490/4337/3625 1514/4340/3628
f 1514/4340/3628 1490/4337/3625 1828/4339/3627
f 1503/4297/3594 1514/4340/3628 1546/4341/3629
f 1503/4297/3594 1546/4341/3629 1442/4264/3567
f 1442/4264/3567 1546/4341/3629 1530/4260/3563
f 1984/4342/3630 1895/4338/3626 1832/4334/3622
f 1984/4342/3630 1832/4334/3622 1818/4326/3616
f 1530/4260/3563 1546/4341/3629 1588/4343/3631
f 1530/4260/3563 1588/4343/3631 1631/4252/3556
f 1631/4252/3556 1588/4343/3631 1648/4344/3632
f 1631/4252/3556 1648/4344/3632 1716/4247/3552
f 1716/4247/3552 1648/4344/3632 1618/4345/3633
f 1716/4247/3552 1618/4345/3633 1664/4249/3554
f 1648/4344/3632 1588/4343/3631 1585/4346/3634
f 1648/4344/3632 1585/4346/3634 1618/4345/3633
f 1548/4347/3635 1588/4343/3631 1546/4341/3629
f 1588/4343/3631 1548/4347/3635 1585/4346/3634
f 1664/4249/3554 1618/4345/3633 1821/4348/3636
f 1821/4348/3636 1618/4345/3633 1585/4346/3634
f 1664/4249/3554 1821/4348/3636 1861/4349/3637
f 1585/4346/3634 1548/4347/3635 1793/4350/3638
f 1585/4346/3634 1793/4350/3638 1821/4348/3636
f 1548/4347/3635 1546/4341/3629 1525/4351/3639
f 1548/4347/3635 1525/4351/3639 1793/4350/3638
f 1525/4351/3639 1546/4341/3629 1514/4340/3628
f 1525/4351/3639 1514/4340/3628 1782/4352/3640
f 1525/4351/3639 1782/4352/3640 1793/4350/3638
f 1782/4352/3640 1514/4340/3628 1828/4339/3627
f 1821/4348/3636 1793/4350/3638 1842/4353/3641
f 1821/4348/3636 1842/4353/3641 1861/4349/3637
f 1793/4350/3638 1782/4352/3640 1836/4354/3642
f 1836/4354/3642 1782/4352/3640 1828/4339/3627
f 1793/4350/3638 1836/4354/3642 1842/4353/3641
f 1861/4349/3637 1842/4353/3641 1882/4355/3643
f 1861/4349/3637 1882/4355/3643 1950/4356/3644
f 1861/4349/3637 1950/4356/3644 1975/4357/3645
f 1882/4355/3643 1842/4353/3641 1972/4358/3646
f 1882/4355/3643 1972/4358/3646 1950/4356/3644
f 1842/4353/3641 1836/4354/3642 1981/4359/3647
f 1842/4353/3641 1981/4359/3647 1972/4358/3646
f 1975/4357/3645 1950/4356/3644 1983/4360/3648
f 1983/4360/3648 1950/4356/3644 1972/4358/3646
f 1975/4357/3645 1983/4360/3648 2001/4361/3649
f 2001/4361/3649 1983/4360/3648 2021/4362/3650
f 2001/4361/3649 2021/4362/3650 2011/4363/3651
f 1983/4360/3648 1972/4358/3646 1992/4364/3652
f 1983/4360/3648 1992/4364/3652 2021/4362/3650
f 1992/4364/3652 1972/4358/3646 1981/4359/3647
f 2021/4362/3650 1992/4364/3652 2013/4365/3653
f 2013/4365/3653 1992/4364/3652 1990/4366/3654
f 1990/4366/3654 1992/4364/3652 1981/4359/3647
f 2013/4365/3653 1990/4366/3654 2037/4367/3655
f 2037/4367/3655 1990/4366/3654 2027/4368/3656
f 2027/4368/3656 1990/4366/3654 1979/4369/3657
f 1990/4366/3654 1981/4359/3647 1978/4370/3658
f 1990/4366/3654 1978/4370/3658 1979/4369/3657
f 1978/4370/3658 1981/4359/3647 1836/4354/3642
f 2027/4368/3656 1979/4369/3657 2025/4371/3659
f 1978/4370/3658 1836/4354/3642 1907/4372/3660
f 1978/4370/3658 1907/4372/3660 1979/4369/3657
f 1907/4372/3660 1836/4354/3642 1828/4339/3627
f 1907/4372/3660 1828/4339/3627 1876/4373/3661
f 1907/4372/3660 1876/4373/3661 1979/4369/3657
f 1876/4373/3661 1828/4339/3627 1826/4335/3623
f 2025/4371/3659 1979/4369/3657 1987/4374/3662
f 1987/4374/3662 1979/4369/3657 1876/4373/3661
f 2025/4371/3659 1987/4374/3662 1999/4375/3663
f 2025/4371/3659 1999/4375/3663 2042/4376/3664
f 2042/4376/3664 1999/4375/3663 2022/4377/3665
f 1876/4373/3661 1826/4335/3623 1866/4336/3624
f 1987/4374/3662 1876/4373/3661 1976/4378/3666
f 1876/4373/3661 1866/4336/3624 1905/4379/3667
f 1976/4378/3666 1876/4373/3661 1974/4380/3668
f 1974/4380/3668 1876/4373/3661 1905/4379/3667
f 1976/4378/3666 1974/4380/3668 1980/4381/3669
f 1976/4378/3666 1980/4381/3669 1987/4374/3662
f 1980/4381/3669 1974/4380/3668 1905/4379/3667
f 1987/4374/3662 1980/4381/3669 1999/4375/3663
f 1980/4381/3669 1905/4379/3667 1866/4336/3624
f 1980/4381/3669 1866/4336/3624 1966/4382/3670
f 1980/4381/3669 1966/4382/3670 1999/4375/3663
f 1966/4382/3670 1866/4336/3624 1895/4338/3626
f 1966/4382/3670 1895/4338/3626 1984/4342/3630
f 1999/4375/3663 1966/4382/3670 1995/4383/3671
f 1995/4383/3671 1966/4382/3670 1984/4342/3630
f 1999/4375/3663 1995/4383/3671 2022/4377/3665
f 2022/4377/3665 1995/4383/3671 2006/4384/3672
f 2006/4384/3672 1995/4383/3671 1984/4342/3630
f 2022/4377/3665 2006/4384/3672 2032/4385/3673
f 2032/4385/3673 2006/4384/3672 2033/4386/3674
f 2006/4384/3672 1984/4342/3630 1993/4387/3675
f 2033/4386/3674 2006/4384/3672 2009/4388/3676
f 2009/4388/3676 2006/4384/3672 1993/4387/3675
f 1993/4387/3675 1984/4342/3630 1818/4326/3616
f 2033/4386/3674 2009/4388/3676 2004/4389/3677
f 2004/4389/3677 2009/4388/3676 1993/4387/3675
f 2033/4386/3674 2004/4389/3677 2028/4390/3678
f 1993/4387/3675 1818/4326/3616 1809/4391/3679
f 1809/4391/3679 1818/4326/3616 1735/4322/3613
f 1809/4391/3679 1735/4322/3613 1815/4329/3617
f 1993/4387/3675 1809/4391/3679 1957/4392/3680
f 1957/4392/3680 1809/4391/3679 1815/4329/3617
f 1993/4387/3675 1957/4392/3680 2004/4389/3677
f 1957/4392/3680 1815/4329/3617 1928/4393/3681
f 1957/4392/3680 1928/4393/3681 2004/4389/3677
f 1928/4393/3681 1815/4329/3617 1949/4394/3682
f 1949/4394/3682 1815/4329/3617 1811/4327/2049
f 2004/4389/3677 1928/4393/3681 2002/4395/3683
f 2002/4395/3683 1928/4393/3681 1949/4394/3682
f 2016/4396/3684 2028/4390/3678 2004/4389/3677
f 2016/4396/3684 2004/4389/3677 2002/4395/3683
f 2028/4390/3678 2016/4396/3684 2034/4397/3685
f 2034/4397/3685 2016/4396/3684 2003/4398/3686
f 2003/4398/3686 2016/4396/3684 2002/4395/3683
f 2003/4398/3686 2002/4395/3683 1949/4394/3682
f 1947/4399/3687 1949/4394/3682 1811/4327/2049
f 1949/4394/3682 1947/4399/3687 2003/4398/3686
f 1947/4399/3687 1811/4327/2049 1845/4400/2045
f 2003/4398/3686 1947/4399/3687 1934/4401/2044
f 1934/4401/2044 1947/4399/3687 1845/4400/2045
f 1894/4402/2027 1956/4403/3688 1881/4404/2028
f 1881/4404/2028 1956/4403/3688 1971/4405/2034
f 1956/4403/3688 1894/4402/2027 1977/4406/3689
f 1971/4405/2034 1956/4403/3688 1996/4407/3690
f 1996/4407/3690 1956/4403/3688 1977/4406/3689
f 1971/4405/2034 1996/4407/3690 1994/4408/3691
f 1971/4405/2034 1994/4408/3691 1939/4409/2035
f 1977/4406/3689 1894/4402/2027 1863/4410/2023
f 1994/4408/3691 1996/4407/3690 2020/4411/3692
f 1994/4408/3691 2020/4411/3692 2017/4412/3693
f 2020/4411/3692 1996/4407/3690 2007/4413/3694
f 2007/4413/3694 1996/4407/3690 1977/4406/3689
f 2020/4411/3692 2007/4413/3694 2023/4414/3695
f 2007/4413/3694 1977/4406/3689 2000/4415/3696
f 2007/4413/3694 2000/4415/3696 2024/4416/3697
f 1977/4406/3689 1863/4410/2023 1970/4417/3698
f 1977/4406/3689 1970/4417/3698 2000/4415/3696
f 2024/4416/3697 2000/4415/3696 1998/4418/3699
f 1998/4418/3699 2000/4415/3696 1970/4417/3698
f 2024/4416/3697 1998/4418/3699 2019/4419/3700
f 1970/4417/3698 1863/4410/2023 1872/4420/3701
f 2019/4419/3700 1998/4418/3699 1991/4421/3702
f 2019/4419/3700 1991/4421/3702 2012/4422/3703
f 1998/4418/3699 1970/4417/3698 1969/4423/3704
f 1998/4418/3699 1969/4423/3704 1991/4421/3702
f 1970/4417/3698 1872/4420/3701 1877/4424/3705
f 1970/4417/3698 1877/4424/3705 1969/4423/3704
f 1872/4420/3701 1863/4410/2023 1803/4425/3706
f 1872/4420/3701 1803/4425/3706 1877/4424/3705
f 1803/4425/3706 1863/4410/2023 1594/4426/2021
f 1803/4425/3706 1594/4426/2021 1623/4427/2020
f 1803/4425/3706 1623/4427/2020 1755/4428/3546
f 1803/4425/3706 1755/4428/3546 1877/4424/3705
f 1877/4424/3705 1755/4428/3546 1711/4429/3549
f 1933/4430/3707 1969/4423/3704 1877/4424/3705
f 1877/4424/3705 1711/4429/3549 1868/4431/3708
f 1877/4424/3705 1868/4431/3708 1933/4430/3707
f 1868/4431/3708 1711/4429/3549 1664/4432/3554
f 1868/4431/3708 1664/4432/3554 1861/4433/3637
f 1969/4423/3704 1933/4430/3707 1960/4434/3709
f 1960/4434/3709 1933/4430/3707 1868/4431/3708
f 1969/4423/3704 1960/4434/3709 1991/4421/3702
f 1868/4431/3708 1861/4433/3637 1959/4435/3710
f 1868/4431/3708 1959/4435/3710 1960/4434/3709
f 1959/4435/3710 1861/4433/3637 1975/4436/3645
f 1991/4421/3702 1960/4434/3709 1982/4437/3711
f 1982/4437/3711 1960/4434/3709 1959/4435/3710
f 1991/4421/3702 1982/4437/3711 2012/4422/3703
f 2012/4422/3703 1982/4437/3711 2018/4438/3712
f 1982/4437/3711 1959/4435/3710 1986/4439/3713
f 1986/4439/3713 1959/4435/3710 1975/4436/3645
f 1982/4437/3711 1986/4439/3713 2018/4438/3712
f 1986/4439/3713 1975/4436/3645 2001/4440/3649
f 1986/4439/3713 2001/4440/3649 2018/4438/3712
f 2018/4438/3712 2001/4440/3649 2011/4441/3651
f 4013/4442/3714 3992/4443/741 3952/4444/743
f 3992/4443/741 4013/4442/3714 4027/4445/732
f 4013/4442/3714 3952/4444/743 3875/4446/2801
f 4027/4445/732 4013/4442/3714 4235/4447/729
f 4013/4442/3714 3875/4446/2801 3856/4448/2804
f 4013/4442/3714 3856/4448/2804 4056/4449/3715
f 4056/4449/3715 3856/4448/2804 3962/4450/2808
f 4235/4447/729 4013/4442/3714 4088/4451/3716
f 4088/4451/3716 4013/4442/3714 4056/4449/3715
f 4235/4447/729 4088/4451/3716 4232/4452/3717
f 4235/4447/729 4232/4452/3717 4281/4453/728
f 4088/4451/3716 4056/4449/3715 4223/4454/3718
f 4088/4451/3716 4223/4454/3718 4232/4452/3717
f 4056/4449/3715 3962/4450/2808 4188/4455/3719
f 4056/4449/3715 4188/4455/3719 4223/4454/3718
f 4232/4452/3717 4223/4454/3718 4249/4456/3720
f 4232/4452/3717 4249/4456/3720 4281/4453/728
f 4223/4454/3718 4188/4455/3719 4295/4457/3721
f 4188/4455/3719 3962/4450/2808 4239/4458/3722
f 4188/4455/3719 4239/4458/3722 4295/4457/3721
f 4239/4458/3722 3962/4450/2808 3986/4459/2840
f 4304/4460/684 4281/4453/728 4308/4461/681
f 4308/4461/681 4281/4453/728 4298/4462/3723
f 4298/4462/3723 4281/4453/728 4249/4456/3720
f 4225/4463/3724 4249/4456/3720 4223/4454/3718
f 4225/4463/3724 4223/4454/3718 4295/4457/3721
f 4249/4456/3720 4225/4463/3724 4173/4464/3725
f 4298/4462/3723 4249/4456/3720 4269/4465/3726
f 4269/4465/3726 4249/4456/3720 4173/4464/3725
f 4308/4461/681 4298/4462/3723 4318/4466/3727
f 4308/4461/681 4318/4466/3727 4310/4467/679
f 4310/4467/679 4318/4466/3727 4331/4468/677
f 4331/4468/677 4318/4466/3727 4296/4469/3728
f 4318/4466/3727 4298/4462/3723 4272/4470/3729
f 4318/4466/3727 4272/4470/3729 4296/4469/3728
f 4298/4462/3723 4269/4465/3726 4283/4471/3730
f 4298/4462/3723 4283/4471/3730 4272/4470/3729
f 4283/4471/3730 4269/4465/3726 4233/4472/3731
f 4233/4472/3731 4269/4465/3726 4173/4464/3725
f 4272/4470/3729 4283/4471/3730 4250/4473/3732
f 4250/4473/3732 4283/4471/3730 4233/4472/3731
f 4272/4470/3729 4250/4473/3732 4271/4474/3733
f 4272/4470/3729 4271/4474/3733 4296/4469/3728
f 4250/4473/3732 4233/4472/3731 4104/4475/3734
f 4250/4473/3732 4104/4475/3734 4271/4474/3733
f 4233/4472/3731 4173/4464/3725 4118/4476/3735
f 4233/4472/3731 4118/4476/3735 4104/4475/3734
f 4333/4477/675 4331/4468/677 4296/4469/3728
f 4118/4476/3735 4173/4464/3725 3987/4478/3736
f 3987/4478/3736 4173/4464/3725 4137/4479/3737
f 4137/4479/3737 4173/4464/3725 4225/4463/3724
f 4137/4479/3737 4225/4463/3724 4172/4480/3738
f 4137/4479/3737 4172/4480/3738 3987/4478/3736
f 4172/4480/3738 4225/4463/3724 4295/4457/3721
f 4333/4477/675 4296/4469/3728 4312/4481/3739
f 4312/4481/3739 4296/4469/3728 4313/4482/3740
f 4312/4481/3739 4313/4482/3740 4333/4477/675
f 4313/4482/3740 4296/4469/3728 4271/4474/3733
f 4333/4477/675 4313/4482/3740 4314/4483/3741
f 4333/4477/675 4314/4483/3741 4297/4484/3742
f 4297/4484/3742 4314/4483/3741 4313/4482/3740
f 4333/4477/675 4297/4484/3742 4323/4485/674
f 4313/4482/3740 4271/4474/3733 4285/4486/3743
f 4313/4482/3740 4285/4486/3743 4297/4484/3742
f 4323/4485/674 4297/4484/3742 4276/4487/3744
f 4323/4485/674 4276/4487/3744 3724/4488/672
f 4276/4487/3744 4297/4484/3742 4262/4489/3745
f 4262/4489/3745 4297/4484/3742 4285/4486/3743
f 3724/4488/672 4276/4487/3744 3810/4490/3746
f 3810/4490/3746 4276/4487/3744 4262/4489/3745
f 3724/4488/672 3810/4490/3746 3064/4491/671
f 3064/4491/671 3810/4490/3746 3073/4492/3747
f 3064/4491/671 3073/4492/3747 2986/4493/670
f 2986/4493/670 3073/4492/3747 3016/4494/3506
f 3073/4492/3747 3810/4490/3746 3072/4495/3748
f 3073/4492/3747 3072/4495/3748 3016/4494/3506
f 3810/4490/3746 4262/4489/3745 3708/4496/3749
f 3810/4490/3746 3708/4496/3749 3072/4495/3748
f 3016/4494/3506 3072/4495/3748 3086/4497/3750
f 3086/4497/3750 3072/4495/3748 3708/4496/3749
f 3016/4494/3506 3086/4497/3750 3080/4498/3504
f 3708/4496/3749 4262/4489/3745 3659/4499/3751
f 3708/4496/3749 3659/4499/3751 3086/4497/3750
f 3080/4498/3504 3086/4497/3750 3147/4500/3752
f 3147/4500/3752 3086/4497/3750 3659/4499/3751
f 3080/4498/3504 3147/4500/3752 3378/4501/3753
f 3378/4501/3753 3147/4500/3752 3659/4499/3751
f 3080/4498/3504 3378/4501/3753 3142/20/20
f 3659/4499/3751 4262/4489/3745 4242/4502/3754
f 3378/4501/3753 3659/4499/3751 3625/4503/3755
f 3378/4501/3753 3625/4503/3755 3142/20/20
f 3625/4503/3755 3659/4499/3751 4242/4502/3754
f 4242/4502/3754 4262/4489/3745 4285/4486/3743
f 3625/4503/3755 4242/4502/3754 4193/18/18
f 3625/4503/3755 4193/18/18 3142/20/20
f 4242/4502/3754 4285/4486/3743 4279/4504/3756
f 4242/4502/3754 4279/4504/3756 4193/18/18
f 4279/4504/3756 4285/4486/3743 4265/4505/3757
f 4279/4504/3756 4265/4505/3757 4193/18/18
f 4265/4505/3757 4285/4486/3743 4271/4474/3733
f 4265/4505/3757 4271/4474/3733 4247/4506/3758
f 4247/4506/3758 4271/4474/3733 4104/4475/3734
f 4193/18/18 4265/4505/3757 4169/4507/3759
f 4169/4507/3759 4265/4505/3757 4247/4506/3758
f 4169/4507/3759 4247/4506/3758 4052/4508/3760
f 4052/4508/3760 4247/4506/3758 4104/4475/3734
f 4193/18/18 4169/4507/3759 4018/4509/3761
f 4018/4509/3761 4169/4507/3759 4052/4508/3760
f 4193/18/18 4018/4509/3761 3771/19/19
f 4018/4509/3761 4052/4508/3760 3838/4510/3762
f 3838/4510/3762 4052/4508/3760 4104/4475/3734
f 3771/19/19 4018/4509/3761 3814/4511/3763
f 3814/4511/3763 4018/4509/3761 3838/4510/3762
f 3142/20/20 3771/19/19 3514/4512/3764
f 3771/19/19 3814/4511/3763 3629/4513/3765
f 3771/19/19 3629/4513/3765 3514/4512/3764
f 3629/4513/3765 3814/4511/3763 3682/4514/3766
f 3682/4514/3766 3814/4511/3763 3838/4510/3762
f 3629/4513/3765 3682/4514/3766 3523/4515/3767
f 3523/4515/3767 3682/4514/3766 3838/4510/3762
f 3514/4512/3764 3629/4513/3765 3489/4516/3768
f 3489/4516/3768 3629/4513/3765 3523/4515/3767
f 3365/4517/3769 3142/20/20 3514/4512/3764
f 3365/4517/3769 3514/4512/3764 3489/4516/3768
f 3142/20/20 3365/4517/3769 3211/4518/3770
f 3142/20/20 3211/4518/3770 3121/4519/3499
f 3211/4518/3770 3365/4517/3769 3275/4520/3771
f 3121/4519/3499 3211/4518/3770 3188/4521/3498
f 3188/4521/3498 3211/4518/3770 3275/4520/3771
f 3275/4520/3771 3365/4517/3769 3376/4522/3772
f 3376/4522/3772 3365/4517/3769 3489/4516/3768
f 3275/4520/3771 3376/4522/3772 3188/4521/3498
f 3376/4522/3772 3489/4516/3768 3523/4515/3767
f 3188/4521/3498 3376/4522/3772 3383/4523/3773
f 3383/4523/3773 3376/4522/3772 3523/4515/3767
f 3188/4521/3498 3383/4523/3773 3187/4524/3497
f 3187/4524/3497 3383/4523/3773 3244/4525/3494
f 3187/4524/3497 3244/4525/3494 3134/4526/3492
f 3244/4525/3494 3383/4523/3773 3390/4527/3774
f 3244/4525/3494 3390/4527/3774 3257/4528/3493
f 3383/4523/3773 3523/4515/3767 3485/4529/3775
f 3383/4523/3773 3485/4529/3775 3390/4527/3774
f 3257/4528/3493 3390/4527/3774 3372/4530/3776
f 3372/4530/3776 3390/4527/3774 3485/4529/3775
f 3257/4528/3493 3372/4530/3776 3293/4531/3495
f 3485/4529/3775 3523/4515/3767 3612/4532/3777
f 3612/4532/3777 3523/4515/3767 3838/4510/3762
f 3372/4530/3776 3485/4529/3775 3477/4533/3778
f 3293/4531/3495 3372/4530/3776 3416/4534/3779
f 3416/4534/3779 3372/4530/3776 3477/4533/3778
f 3293/4531/3495 3416/4534/3779 3354/4535/3502
f 3354/4535/3502 3416/4534/3779 3529/4536/3511
f 3416/4534/3779 3477/4533/3778 3579/4537/3780
f 3416/4534/3779 3579/4537/3780 3529/4536/3511
f 3477/4533/3778 3485/4529/3775 3583/4538/3781
f 3583/4538/3781 3485/4529/3775 3612/4532/3777
f 3477/4533/3778 3583/4538/3781 3579/4537/3780
f 3583/4538/3781 3612/4532/3777 3687/4539/3782
f 3583/4538/3781 3687/4539/3782 3579/4537/3780
f 3843/4540/3783 3612/4532/3777 3838/4510/3762
f 3612/4532/3777 3843/4540/3783 3687/4539/3782
f 3843/4540/3783 3838/4510/3762 4104/4475/3734
f 3579/4537/3780 3687/4539/3782 3778/4541/3784
f 3778/4541/3784 3687/4539/3782 3843/4540/3783
f 3843/4540/3783 4104/4475/3734 4035/4542/3785
f 3843/4540/3783 4035/4542/3785 3778/4541/3784
f 4035/4542/3785 4104/4475/3734 4118/4476/3735
f 4035/4542/3785 4118/4476/3735 3912/4543/3786
f 4035/4542/3785 3912/4543/3786 3778/4541/3784
f 3912/4543/3786 4118/4476/3735 3987/4478/3736
f 3579/4537/3780 3778/4541/3784 3742/4544/3787
f 3742/4544/3787 3778/4541/3784 3912/4543/3786
f 3742/4544/3787 3912/4543/3786 3987/4478/3736
f 3579/4537/3780 3742/4544/3787 3529/4536/3511
f 3529/4536/3511 3742/4544/3787 3750/4545/3513
f 3750/4545/3513 3742/4544/3787 3987/4478/3736
f 3750/4545/3513 3987/4478/3736 4000/4546/3514
f 4000/4546/3514 3987/4478/3736 4172/4480/3738
f 4000/4546/3514 4172/4480/3738 4263/4547/3788
f 4000/4546/3514 4263/4547/3788 4045/4548/3516
f 4263/4547/3788 4172/4480/3738 4289/4549/3789
f 4289/4549/3789 4172/4480/3738 4295/4457/3721
f 4045/4548/3516 4263/4547/3788 4273/4550/3790
f 4289/4549/3789 4295/4457/3721 4319/4551/3791
f 4263/4547/3788 4289/4549/3789 4317/4552/3792
f 4317/4552/3792 4289/4549/3789 4319/4551/3791
f 4263/4547/3788 4317/4552/3792 4273/4550/3790
f 4319/4551/3791 4295/4457/3721 4320/4553/3793
f 4319/4551/3791 4320/4553/3793 4317/4552/3792
f 4320/4553/3793 4295/4457/3721 4239/4458/3722
f 4045/4548/3516 4273/4550/3790 4186/4554/2798
f 4045/4548/3516 4186/4554/2798 3958/4555/3471
f 3958/4555/3471 4186/4554/2798 3972/4556/2796
f 4186/4554/2798 4273/4550/3790 4259/4557/3794
f 4259/4557/3794 4273/4550/3790 4317/4552/3792
f 4186/4554/2798 4259/4557/3794 4194/4558/2797
f 4194/4558/2797 4259/4557/3794 4248/4559/2795
f 4248/4559/2795 4259/4557/3794 4282/4560/3795
f 4282/4560/3795 4259/4557/3794 4317/4552/3792
f 4248/4559/2795 4282/4560/3795 4267/4561/2794
f 4282/4560/3795 4317/4552/3792 4288/4562/3796
f 4282/4560/3795 4288/4562/3796 4267/4561/2794
f 4288/4562/3796 4317/4552/3792 4320/4553/3793
f 4267/4561/2794 4288/4562/3796 4268/4563/3797
f 4267/4561/2794 4268/4563/3797 4246/4564/2793
f 4288/4562/3796 4320/4553/3793 4264/4565/3798
f 4264/4565/3798 4320/4553/3793 4239/4458/3722
f 4268/4563/3797 4288/4562/3796 4257/4566/3799
f 4257/4566/3799 4288/4562/3796 4264/4565/3798
f 4246/4564/2793 4268/4563/3797 4216/4567/3800
f 4216/4567/3800 4268/4563/3797 4257/4566/3799
f 4257/4566/3799 4264/4565/3798 4241/4568/3801
f 4241/4568/3801 4264/4565/3798 4239/4458/3722
f 4257/4566/3799 4241/4568/3801 4170/4569/3802
f 4257/4566/3799 4170/4569/3802 4216/4567/3800
f 4241/4568/3801 4239/4458/3722 4116/4570/3803
f 4241/4568/3801 4116/4570/3803 4170/4569/3802
f 4116/4570/3803 4239/4458/3722 3986/4459/2840
f 4116/4570/3803 3986/4459/2840 3943/4571/2842
f 4116/4570/3803 3943/4571/2842 3944/4572/2843
f 4116/4570/3803 3944/4572/2843 4170/4569/3802
f 4170/4569/3802 3944/4572/2843 4216/4567/3800
f 4216/4567/3800 3944/4572/2843 3951/4573/2847
f 4216/4567/3800 3951/4573/2847 4129/4574/3804
f 4216/4567/3800 4129/4574/3804 4246/4564/2793
f 4129/4574/3804 3951/4573/2847 3990/4575/2754
f 4246/4564/2793 4129/4574/3804 4157/4576/2755
f 4157/4576/2755 4129/4574/3804 3990/4575/2754
f 2231/4577/3805 2240/4578/2342 2230/4579/2340
f 2231/4577/3805 2230/4579/2340 2225/4580/2326
f 2240/4578/2342 2231/4577/3805 2244/4581/3806
f 2240/4578/2342 2244/4581/3806 2249/4582/2345
f 2231/4577/3805 2225/4580/2326 2228/4583/3807
f 2231/4577/3805 2228/4583/3807 2244/4581/3806
f 2228/4583/3807 2225/4580/2326 2219/4584/2329
f 2249/4582/2345 2244/4581/3806 2256/4585/2348
f 2256/4585/2348 2244/4581/3806 2262/4586/3808
f 2256/4585/2348 2262/4586/3808 2270/4587/2350
f 2244/4581/3806 2228/4583/3807 2264/23/23
f 2244/4581/3806 2264/23/23 2262/4586/3808
f 2228/4583/3807 2219/4584/2329 2236/21/21
f 2228/4583/3807 2236/21/21 2264/23/23
f 2236/21/21 2219/4584/2329 2239/4588/3809
f 2239/4588/3809 2219/4584/2329 2216/4589/2332
f 2239/4588/3809 2216/4589/2332 2222/4590/3810
f 2239/4588/3809 2222/4590/3810 2254/4591/3811
f 2236/21/21 2239/4588/3809 2259/22/22
f 2259/22/22 2239/4588/3809 2254/4591/3811
f 2259/22/22 2254/4591/3811 2284/4592/3812
f 2259/22/22 2284/4592/3812 2292/4593/3813
f 2259/22/22 2292/4593/3813 2264/23/23
f 2292/4593/3813 2284/4592/3812 2310/4594/3814
f 2264/23/23 2292/4593/3813 2301/4595/3815
f 2264/23/23 2301/4595/3815 2262/4586/3808
f 2262/4586/3808 2301/4595/3815 2270/4587/2350
f 2301/4595/3815 2292/4593/3813 2313/4596/3816
f 2270/4587/2350 2301/4595/3815 2297/4597/3817
f 2270/4587/2350 2297/4597/3817 2275/4598/2270
f 2275/4598/2270 2297/4597/3817 2294/4599/2274
f 2294/4599/2274 2297/4597/3817 2342/4600/2276
f 2301/4595/3815 2313/4596/3816 2312/4601/3818
f 2312/4601/3818 2313/4596/3816 2317/4602/3819
f 2317/4602/3819 2313/4596/3816 2329/4603/3820
f 2301/4595/3815 2312/4601/3818 2345/4604/3821
f 2301/4595/3815 2345/4604/3821 2297/4597/3817
f 2312/4601/3818 2317/4602/3819 2350/4605/3822
f 2350/4605/3822 2317/4602/3819 2329/4603/3820
f 2312/4601/3818 2350/4605/3822 2345/4604/3821
f 2341/4606/3823 2342/4600/2276 2297/4597/3817
f 2341/4606/3823 2297/4597/3817 2345/4604/3821
f 2342/4600/2276 2341/4606/3823 2367/4607/3824
f 2342/4600/2276 2367/4607/3824 2405/4608/2277
f 2341/4606/3823 2345/4604/3821 2375/4609/3825
f 2341/4606/3823 2375/4609/3825 2367/4607/3824
f 2375/4609/3825 2345/4604/3821 2350/4605/3822
f 2405/4608/2277 2367/4607/3824 2398/4610/3826
f 2398/4610/3826 2367/4607/3824 2375/4609/3825
f 2405/4608/2277 2398/4610/3826 2419/4611/2282
f 2398/4610/3826 2375/4609/3825 2408/4612/3827
f 2398/4610/3826 2408/4612/3827 2419/4611/2282
f 2408/4612/3827 2375/4609/3825 2395/4613/3828
f 2419/4611/2282 2408/4612/3827 2421/4614/3829
f 2419/4611/2282 2421/4614/3829 2430/4615/2283
f 2430/4615/2283 2421/4614/3829 2429/4616/2285
f 2429/4616/2285 2421/4614/3829 2415/4617/2286
f 2421/4614/3829 2408/4612/3827 2409/4618/3830
f 2421/4614/3829 2409/4618/3830 2415/4617/2286
f 2409/4618/3830 2408/4612/3827 2395/4613/3828
f 2415/4617/2286 2409/4618/3830 2397/4619/3831
f 2415/4617/2286 2397/4619/3831 2403/4620/2288
f 2397/4619/3831 2409/4618/3830 2390/4621/3832
f 2390/4621/3832 2409/4618/3830 2395/4613/3828
f 2403/4620/2288 2397/4619/3831 2361/4622/3833
f 2403/4620/2288 2361/4622/3833 2356/4623/2291
f 2361/4622/3833 2397/4619/3831 2359/4624/3834
f 2359/4624/3834 2397/4619/3831 2390/4621/3832
f 2356/4623/2291 2361/4622/3833 2339/4625/3835
f 2339/4625/3835 2361/4622/3833 2359/4624/3834
f 2356/4623/2291 2339/4625/3835 2327/4626/2294
f 2327/4626/2294 2339/4625/3835 2340/4627/3836
f 2327/4626/2294 2340/4627/3836 2321/4628/2295
f 2340/4627/3836 2339/4625/3835 2329/4603/3820
f 2329/4603/3820 2339/4625/3835 2359/4624/3834
f 2329/4603/3820 2359/4624/3834 2350/4605/3822
f 2350/4605/3822 2359/4624/3834 2380/4629/3837
f 2380/4629/3837 2359/4624/3834 2390/4621/3832
f 2350/4605/3822 2380/4629/3837 2375/4609/3825
f 2375/4609/3825 2380/4629/3837 2395/4613/3828
f 2380/4629/3837 2390/4621/3832 2386/4630/3838
f 2395/4613/3828 2380/4629/3837 2385/4631/3839
f 2388/4632/3840 2390/4621/3832 2395/4613/3828
f 2390/4621/3832 2388/4632/3840 2386/4630/3838
f 2388/4632/3840 2395/4613/3828 2385/4631/3839
f 2380/4629/3837 2386/4630/3838 2384/4633/3841
f 2380/4629/3837 2384/4633/3841 2385/4631/3839
f 2384/4633/3841 2386/4630/3838 2388/4632/3840
f 2384/4633/3841 2388/4632/3840 2385/4631/3839
f 4777/4634/3842 4789/4635/3843 4795/4636/3844
f 4789/4635/3843 4777/4634/3842 4732/4637/3845
f 4795/4636/3844 4789/4635/3843 4802/4638/3846
f 4802/4638/3846 4789/4635/3843 4788/4639/3847
f 4788/4639/3847 4789/4635/3843 4761/4640/3848
f 4761/4640/3848 4789/4635/3843 4732/4637/3845
f 4795/4636/3844 4802/4638/3846 4813/4641/3849
f 4761/4640/3848 4732/4637/3845 4721/4642/3850
f 4795/4636/3844 4813/4641/3849 4798/4643/3851
f 4798/4643/3851 4813/4641/3849 4799/4644/3852
f 4798/4643/3851 4799/4644/3852 4780/4645/3853
f 4795/4636/3844 4798/4643/3851 4778/4646/3854
f 4778/4646/3854 4798/4643/3851 4780/4645/3853
f 4795/4636/3844 4778/4646/3854 4777/4634/3842
f 4721/4642/3850 4732/4637/3845 4678/4647/3040
f 4721/4642/3850 4678/4647/3040 4685/4648/3855
f 4721/4642/3850 4685/4648/3855 4706/4649/3856
f 4706/4649/3856 4685/4648/3855 4658/4650/2234
f 4658/4650/2234 4685/4648/3855 4678/4647/3040
f 4678/4647/3040 4732/4637/3845 4681/4651/3037
f 4749/4652/3857 4732/4637/3845 4777/4634/3842
f 4732/4637/3845 4749/4652/3857 4681/4651/3037
f 4749/4652/3857 4777/4634/3842 4778/4646/3854
f 4681/4651/3037 4749/4652/3857 4683/4653/3034
f 4760/4654/3858 4778/4646/3854 4780/4645/3853
f 4778/4646/3854 4760/4654/3858 4749/4652/3857
f 4760/4654/3858 4780/4645/3853 4772/4655/3859
f 4683/4653/3034 4749/4652/3857 4733/4656/3860
f 4733/4656/3860 4749/4652/3857 4760/4654/3858
f 4733/4656/3860 4760/4654/3858 4772/4655/3859
f 4733/4656/3860 4772/4655/3859 4741/4657/3861
f 4683/4653/3034 4733/4656/3860 4682/4658/3025
f 4733/4656/3860 4741/4657/3861 4703/4659/3862
f 4733/4656/3860 4703/4659/3862 4682/4658/3025
f 4682/4658/3025 4703/4659/3862 4676/4660/3022
f 4676/4660/3022 4703/4659/3862 4698/4661/3024
f 2127/4662/3863 2099/4663/3864 2109/4664/3865
f 2127/4662/3863 2109/4664/3865 2114/4665/3866
f 2114/4665/3866 2109/4664/3865 2103/4666/3867
f 2114/4665/3866 2103/4666/3867 2118/4667/3868
f 2118/4667/3868 2103/4666/3867 2111/4668/3869
f 2118/4667/3868 2111/4668/3869 2123/4669/3870
f 2118/4667/3868 2123/4669/3870 2134/4670/3871
f 2134/4670/3871 2123/4669/3870 2133/4671/3872
f 2134/4670/3871 2133/4671/3872 2156/4672/3873
f 2118/4667/3868 2134/4670/3871 2136/4673/3874
f 2136/4673/3874 2134/4670/3871 2156/4672/3873
f 2118/4667/3868 2136/4673/3874 2114/4665/3866
f 2136/4673/3874 2156/4672/3873 2157/4674/3875
f 2114/4665/3866 2136/4673/3874 2138/4675/3876
f 2138/4675/3876 2136/4673/3874 2157/4674/3875
f 2114/4665/3866 2138/4675/3876 2127/4662/3863
f 2127/4662/3863 2138/4675/3876 2132/4676/3877
f 2127/4662/3863 2132/4676/3877 2099/4663/3864
f 2138/4675/3876 2157/4674/3875 2161/4677/3878
f 2138/4675/3876 2161/4677/3878 2132/4676/3877
f 2099/4663/3864 2132/4676/3877 2112/4678/3879
f 2112/4678/3879 2132/4676/3877 2125/4679/3880
f 2099/4663/3864 2112/4678/3879 2105/4680/3881
f 2105/4680/3881 2112/4678/3879 2125/4679/3880
f 2099/4663/3864 2105/4680/3881 2090/4681/3882
f 2099/4663/3864 2090/4681/3882 2080/4682/3883
f 2080/4682/3883 2090/4681/3882 2076/4683/3884
f 2090/4681/3882 2105/4680/3881 2088/4684/3885
f 2090/4681/3882 2088/4684/3885 2076/4683/3884
f 2105/4680/3881 2125/4679/3880 2095/4685/3886
f 2105/4680/3881 2095/4685/3886 2088/4684/3885
f 2159/4686/3887 2125/4679/3880 2132/4676/3877
f 2159/4686/3887 2132/4676/3877 2161/4677/3878
f 2076/4683/3884 2088/4684/3885 2075/4687/3888
f 2076/4683/3884 2075/4687/3888 2068/4688/3889
f 2088/4684/3885 2095/4685/3886 2098/4689/3890
f 2095/4685/3886 2125/4679/3880 2113/4690/3891
f 2095/4685/3886 2113/4690/3891 2098/4689/3890
f 2113/4690/3891 2125/4679/3880 2129/4691/3892
f 2129/4691/3892 2125/4679/3880 2159/4686/3887
f 2113/4690/3891 2129/4691/3892 2130/4692/3893
f 2130/4692/3893 2129/4691/3892 2159/4686/3887
f 2098/4689/3890 2113/4690/3891 2097/4693/3894
f 2097/4693/3894 2113/4690/3891 2130/4692/3893
f 2078/4694/3895 2088/4684/3885 2098/4689/3890
f 2078/4694/3895 2098/4689/3890 2097/4693/3894
f 2088/4684/3885 2078/4694/3895 2075/4687/3888
f 2097/4693/3894 2130/4692/3893 2101/4695/3896
f 2078/4694/3895 2097/4693/3894 2082/4696/3897
f 2082/4696/3897 2097/4693/3894 2101/4695/3896
f 2078/4694/3895 2082/4696/3897 2069/4697/3898
f 2078/4694/3895 2069/4697/3898 2075/4687/3888
f 2082/4696/3897 2101/4695/3896 2079/4698/3899
f 2082/4696/3897 2079/4698/3899 2069/4697/3898
f 2101/4695/3896 2130/4692/3893 2124/4699/3900
f 2124/4699/3900 2130/4692/3893 2153/4700/3901
f 2153/4700/3901 2130/4692/3893 2159/4686/3887
f 2101/4695/3896 2124/4699/3900 2121/4701/3902
f 2079/4698/3899 2101/4695/3896 2104/4702/3903
f 2104/4702/3903 2101/4695/3896 2121/4701/3902
f 2121/4701/3902 2124/4699/3900 2135/4703/3904
f 2135/4703/3904 2124/4699/3900 2153/4700/3901
f 2104/4702/3903 2121/4701/3902 2108/4704/3905
f 2121/4701/3902 2135/4703/3904 2122/4705/3906
f 2121/4701/3902 2122/4705/3906 2108/4704/3905
f 2122/4705/3906 2135/4703/3904 2158/4706/3907
f 2158/4706/3907 2135/4703/3904 2153/4700/3901
f 2122/4705/3906 2158/4706/3907 2128/4707/3908
f 2122/4705/3906 2128/4707/3908 2108/4704/3905
f 2108/4704/3905 2128/4707/3908 2110/4708/3909
f 2108/4704/3905 2110/4708/3909 2089/4709/3910
f 2081/4710/3911 2104/4702/3903 2108/4704/3905
f 2081/4710/3911 2108/4704/3905 2089/4709/3910
f 2104/4702/3903 2081/4710/3911 2079/4698/3899
f 2081/4710/3911 2089/4709/3910 2062/4711/3912
f 2079/4698/3899 2081/4710/3911 2064/4712/3913
f 2064/4712/3913 2081/4710/3911 2062/4711/3912
f 2079/4698/3899 2064/4712/3913 2069/4697/3898
f 2064/4712/3913 2062/4711/3912 2056/4713/3914
f 2069/4697/3898 2064/4712/3913 2057/4714/3915
f 2057/4714/3915 2064/4712/3913 2056/4713/3914
f 2056/4713/3914 2062/4711/3912 2054/4715/3916
f 2022/4716/3665 2054/4715/3916 2042/4717/3664
f 2054/4715/3916 2022/4716/3665 2032/4718/3673
f 2054/4715/3916 2032/4718/3673 2056/4713/3914
f 2056/4713/3914 2032/4718/3673 2033/4719/3674
f 2056/4713/3914 2033/4719/3674 2057/4714/3915
f 2057/4714/3915 2033/4719/3674 2028/4720/3678
f 2057/4714/3915 2028/4720/3678 2034/4721/3685
f 2057/4714/3915 2034/4721/3685 2058/4722/3917
f 2057/4714/3915 2058/4722/3917 2069/4697/3898
f 2058/4722/3917 2034/4721/3685 2059/4723/3918
f 2058/4722/3917 2059/4723/3918 2069/4697/3898
f 2059/4723/3918 2034/4721/3685 2036/4724/3919
f 2069/4697/3898 2059/4723/3918 2075/4687/3888
f 2059/4723/3918 2036/4724/3919 2061/4725/3920
f 2059/4723/3918 2061/4725/3920 2075/4687/3888
f 2061/4725/3920 2036/4724/3919 2030/4726/3921
f 2075/4687/3888 2061/4725/3920 2068/4688/3889
f 2061/4725/3920 2030/4726/3921 2035/4727/3922
f 2061/4725/3920 2035/4727/3922 2068/4688/3889
f 2109/4728/3865 2099/4729/3864 2091/4730/3923
f 2091/4730/3923 2099/4729/3864 2080/4731/3883
f 2109/4728/3865 2091/4730/3923 2103/4732/3867
f 2091/4730/3923 2080/4731/3883 2067/4733/3924
f 2103/4732/3867 2091/4730/3923 2085/4734/3925
f 2085/4734/3925 2091/4730/3923 2067/4733/3924
f 2103/4732/3867 2085/4734/3925 2092/4735/3926
f 2103/4732/3867 2092/4735/3926 2111/4736/3869
f 2111/4736/3869 2092/4735/3926 2102/4737/3927
f 2111/4736/3869 2102/4737/3927 2123/4738/3870
f 2123/4738/3870 2102/4737/3927 2115/4739/3928
f 2123/4738/3870 2115/4739/3928 2133/4740/3872
f 2102/4737/3927 2092/4735/3926 2094/4741/3929
f 2102/4737/3927 2094/4741/3929 2115/4739/3928
f 2133/4740/3872 2115/4739/3928 2120/4742/3930
f 2120/4742/3930 2115/4739/3928 2094/4741/3929
f 2133/4740/3872 2120/4742/3930 2139/4743/3931
f 2094/4741/3929 2092/4735/3926 2084/4744/3932
f 2133/4740/3872 2139/4743/3931 2156/4745/3873
f 2140/4746/3933 2157/4747/3875 2156/4745/3873
f 2139/4743/3931 2120/4742/3930 2126/4748/3934
f 2140/4746/3933 2156/4745/3873 2144/4749/3935
f 2156/4745/3873 2139/4743/3931 2155/4750/3936
f 2156/4745/3873 2155/4750/3936 2144/4749/3935
f 2139/4743/3931 2126/4748/3934 2141/4751/3937
f 2139/4743/3931 2141/4751/3937 2155/4750/3936
f 2126/4748/3934 2120/4742/3930 2116/4752/3938
f 2126/4748/3934 2116/4752/3938 2141/4751/3937
f 2116/4752/3938 2120/4742/3930 2096/4753/3939
f 2096/4753/3939 2120/4742/3930 2094/4741/3929
f 2141/4751/3937 2116/4752/3938 2119/4754/3940
f 2096/4753/3939 2094/4741/3929 2087/4755/3941
f 2087/4755/3941 2094/4741/3929 2084/4744/3932
f 2116/4752/3938 2096/4753/3939 2100/4756/3942
f 2116/4752/3938 2100/4756/3942 2119/4754/3940
f 2096/4753/3939 2087/4755/3941 2093/4757/3943
f 2096/4753/3939 2093/4757/3943 2100/4756/3942
f 2093/4757/3943 2087/4755/3941 2072/4758/3944
f 2100/4756/3942 2093/4757/3943 2086/4759/3945
f 2086/4759/3945 2093/4757/3943 2072/4758/3944
f 2119/4754/3940 2100/4756/3942 2106/4760/3946
f 2106/4760/3946 2100/4756/3942 2086/4759/3945
f 2119/4754/3940 2106/4760/3946 2117/4761/3947
f 2106/4760/3946 2086/4759/3945 2107/4762/3948
f 2106/4760/3946 2107/4762/3948 2117/4761/3947
f 2119/4754/3940 2117/4761/3947 2137/4763/3949
f 2119/4754/3940 2137/4763/3949 2141/4751/3937
f 2117/4761/3947 2107/4762/3948 2131/4764/3950
f 2117/4761/3947 2131/4764/3950 2137/4763/3949
f 2141/4751/3937 2137/4763/3949 2160/4765/3951
f 2141/4751/3937 2160/4765/3951 2155/4750/3936
f 2160/4765/3951 2137/4763/3949 2162/4766/3952
f 2162/4766/3952 2137/4763/3949 2131/4764/3950
f 2131/4764/3950 2107/4762/3948 2110/4767/3909
f 2131/4764/3950 2110/4767/3909 2128/4768/3908
f 2131/4764/3950 2128/4768/3908 2158/4769/3907
f 2131/4764/3950 2158/4769/3907 2162/4766/3952
f 2162/4766/3952 2158/4769/3907 2150/4770/3953
f 2110/4767/3909 2107/4762/3948 2083/4771/3954
f 2083/4771/3954 2107/4762/3948 2086/4759/3945
f 2110/4767/3909 2083/4771/3954 2089/4772/3910
f 2083/4771/3954 2086/4759/3945 2065/4773/3955
f 2089/4772/3910 2083/4771/3954 2066/4774/3956
f 2066/4774/3956 2083/4771/3954 2065/4773/3955
f 2089/4772/3910 2066/4774/3956 2062/4775/3912
f 2062/4775/3912 2066/4774/3956 2054/4776/3916
f 2054/4776/3916 2066/4774/3956 2050/4777/3957
f 2050/4777/3957 2066/4774/3956 2065/4773/3955
f 2054/4776/3916 2050/4777/3957 2042/4778/3664
f 2072/4758/3944 2065/4773/3955 2086/4759/3945
f 2042/4778/3664 2050/4777/3957 2041/4779/3958
f 2042/4778/3664 2041/4779/3958 2025/4780/3659
f 2025/4780/3659 2041/4779/3958 2027/4781/3656
f 2041/4779/3958 2050/4777/3957 2052/4782/3959
f 2041/4779/3958 2052/4782/3959 2027/4781/3656
f 2052/4782/3959 2050/4777/3957 2065/4773/3955
f 2027/4781/3656 2052/4782/3959 2037/4783/3655
f 2053/4784/3960 2065/4773/3955 2072/4758/3944
f 2065/4773/3955 2053/4784/3960 2052/4782/3959
f 2037/4783/3655 2052/4782/3959 2040/4785/3961
f 2040/4785/3961 2052/4782/3959 2053/4784/3960
f 2037/4783/3655 2040/4785/3961 2013/4786/3653
f 2013/4786/3653 2040/4785/3961 2021/4787/3650
f 2021/4787/3650 2040/4785/3961 2045/4788/3962
f 2045/4788/3962 2040/4785/3961 2053/4784/3960
f 2021/4787/3650 2045/4788/3962 2011/4789/3651
f 2011/4789/3651 2045/4788/3962 2018/4790/3712
f 2045/4788/3962 2053/4784/3960 2051/4791/3963
f 2051/4791/3963 2053/4784/3960 2072/4758/3944
f 2018/4790/3712 2045/4788/3962 2047/4792/3964
f 2047/4792/3964 2045/4788/3962 2051/4791/3963
f 2018/4790/3712 2047/4792/3964 2049/4793/3965
f 2018/4790/3712 2049/4793/3965 2012/4794/3703
f 2047/4792/3964 2051/4791/3963 2055/4795/3966
f 2047/4792/3964 2055/4795/3966 2049/4793/3965
f 2051/4791/3963 2072/4758/3944 2074/4796/3967
f 2051/4791/3963 2074/4796/3967 2055/4795/3966
f 2074/4796/3967 2072/4758/3944 2087/4755/3941
f 2074/4796/3967 2087/4755/3941 2084/4744/3932
f 2012/4794/3703 2049/4793/3965 2038/4797/3968
f 2012/4794/3703 2038/4797/3968 2019/4798/3700
f 2038/4797/3968 2049/4793/3965 2048/4799/3969
f 2038/4797/3968 2048/4799/3969 2019/4798/3700
f 2060/4800/3970 2049/4793/3965 2055/4795/3966
f 2049/4793/3965 2060/4800/3970 2048/4799/3969
f 2073/4801/3971 2055/4795/3966 2074/4796/3967
f 2073/4801/3971 2074/4796/3967 2084/4744/3932
f 2055/4795/3966 2073/4801/3971 2060/4800/3970
f 2019/4798/3700 2048/4799/3969 2043/4802/3972
f 2043/4802/3972 2048/4799/3969 2060/4800/3970
f 2019/4798/3700 2043/4802/3972 2024/4803/3697
f 2024/4803/3697 2043/4802/3972 2023/4804/3695
f 2024/4803/3697 2023/4804/3695 2007/4805/3694
f 2073/4801/3971 2084/4744/3932 2077/4806/3973
f 2073/4801/3971 2077/4806/3973 2060/4800/3970
f 2077/4806/3973 2084/4744/3932 2092/4735/3926
f 2077/4806/3973 2092/4735/3926 2085/4734/3925
f 2060/4800/3970 2077/4806/3973 2063/4807/3974
f 2063/4807/3974 2077/4806/3973 2085/4734/3925
f 2060/4800/3970 2063/4807/3974 2043/4802/3972
f 2063/4807/3974 2085/4734/3925 2067/4733/3924
f 2044/4808/3975 2023/4804/3695 2043/4802/3972
f 2044/4808/3975 2043/4802/3972 2063/4807/3974
f 2044/4808/3975 2063/4807/3974 2067/4733/3924
f 2023/4804/3695 2044/4808/3975 2020/4809/3692
f 2020/4809/3692 2044/4808/3975 2039/4810/3976
f 2039/4810/3976 2044/4808/3975 2067/4733/3924
f 2020/4809/3692 2039/4810/3976 2017/4811/3693
f 2039/4810/3976 2067/4733/3924 2071/4812/3977
f 2071/4812/3977 2067/4733/3924 2080/4731/3883
f 2017/4811/3693 2039/4810/3976 2046/4813/3978
f 2046/4813/3978 2039/4810/3976 2071/4812/3977
f 2017/4811/3693 2046/4813/3978 2026/4814/3979
f 2071/4812/3977 2080/4731/3883 2076/4815/3884
f 2046/4813/3978 2071/4812/3977 2070/4816/3980
f 2046/4813/3978 2070/4816/3980 2026/4814/3979
f 2070/4816/3980 2071/4812/3977 2076/4815/3884
f 2026/4814/3979 2070/4816/3980 2031/4817/3981
f 2070/4816/3980 2076/4815/3884 2068/4818/3889
f 2031/4817/3981 2070/4816/3980 2035/4819/3922
f 2035/4819/3922 2070/4816/3980 2068/4818/3889
f 4480/4820/3982 4497/4821/3983 4491/4822/3984
f 4491/4822/3984 4497/4821/3983 4503/4823/2965
f 4529/4824/2964 4521/4825/2968 4503/4823/2965
f 4503/4823/2965 4521/4825/2968 4515/4826/3985
f 4503/4823/2965 4515/4826/3985 4491/4822/3984
f 4515/4826/3985 4521/4825/2968 4527/4827/2967
f 4503/4823/2965 4497/4821/3983 4511/4828/3986
f 4503/4823/2965 4511/4828/3986 4522/4829/2962
f 4511/4828/3986 4497/4821/3983 4495/4830/3987
f 4495/4830/3987 4497/4821/3983 4480/4820/3982
f 4511/4828/3986 4495/4830/3987 4510/4831/3988
f 4511/4828/3986 4510/4831/3988 4517/4832/3989
f 4510/4831/3988 4495/4830/3987 4494/4833/3990
f 4494/4833/3990 4495/4830/3987 4478/4834/3991
f 4478/4834/3991 4495/4830/3987 4480/4820/3982
f 4478/4834/3991 4480/4820/3982 4476/4835/3992
f 4478/4834/3991 4476/4835/3992 4471/4836/3993
f 4476/4835/3992 4480/4820/3982 4472/4837/3994
f 4471/4836/3993 4476/4835/3992 4449/4838/3995
f 4471/4836/3993 4449/4838/3995 4419/4839/3370
f 4419/4839/3370 4449/4838/3995 4424/4840/3369
f 4424/4840/3369 4449/4838/3995 4423/4841/3365
f 4449/4838/3995 4476/4835/3992 4450/4842/3996
f 4449/4838/3995 4450/4842/3996 4423/4841/3365
f 4450/4842/3996 4476/4835/3992 4472/4837/3994
f 4423/4841/3365 4450/4842/3996 4425/4843/3363
f 4425/4843/3363 4450/4842/3996 4446/4844/3997
f 4446/4844/3997 4450/4842/3996 4472/4837/3994
f 4425/4843/3363 4446/4844/3997 4428/4845/3998
f 4425/4843/3363 4428/4845/3998 4416/4846/3359
f 4446/4844/3997 4472/4837/3994 4448/4847/3999
f 4446/4844/3997 4448/4847/3999 4428/4845/3998
f 4416/4846/3359 4428/4845/3998 4429/4848/4000
f 4429/4848/4000 4428/4845/3998 4448/4847/3999
f 4416/4846/3359 4429/4848/4000 4409/4849/3357
f 4409/4849/3357 4429/4848/4000 4432/4850/4001
f 4409/4849/3357 4432/4850/4001 4394/4851/3354
f 4429/4848/4000 4448/4847/3999 4445/4852/4002
f 4429/4848/4000 4445/4852/4002 4432/4850/4001
f 4394/4851/3354 4432/4850/4001 4408/4853/3355
f 4445/4852/4002 4448/4847/3999 4470/4854/4003
f 4470/4854/4003 4448/4847/3999 4472/4837/3994
f 4432/4850/4001 4445/4852/4002 4451/4855/4004
f 4451/4855/4004 4445/4852/4002 4470/4854/4003
f 4408/4853/3355 4432/4850/4001 4435/4856/4005
f 4435/4856/4005 4432/4850/4001 4451/4855/4004
f 4408/4853/3355 4435/4856/4005 4418/4857/4006
f 4408/4853/3355 4418/4857/4006 4397/4858/3345
f 4397/4858/3345 4418/4857/4006 4399/4859/3341
f 4418/4857/4006 4435/4856/4005 4452/4860/4007
f 4452/4860/4007 4435/4856/4005 4451/4855/4004
f 4399/4859/3341 4418/4857/4006 4421/4861/4008
f 4421/4861/4008 4418/4857/4006 4452/4860/4007
f 4399/4859/3341 4421/4861/4008 4414/4862/3340
f 4414/4862/3340 4421/4861/4008 4439/4863/4009
f 4439/4863/4009 4421/4861/4008 4452/4860/4007
f 4414/4862/3340 4439/4863/4009 4400/4864/3336
f 4452/4860/4007 4451/4855/4004 4465/4865/4010
f 4465/4865/4010 4451/4855/4004 4470/4854/4003
f 4439/4863/4009 4452/4860/4007 4453/4866/4011
f 4439/4863/4009 4453/4866/4011 4459/4867/4012
f 4453/4866/4011 4452/4860/4007 4460/4868/4013
f 4460/4868/4013 4452/4860/4007 4465/4865/4010
f 4453/4866/4011 4460/4868/4013 4459/4867/4012
f 4460/4868/4013 4465/4865/4010 4484/4869/4014
f 4460/4868/4013 4484/4869/4014 4492/4870/4015
f 4465/4865/4010 4470/4854/4003 4477/4871/4016
f 4465/4865/4010 4477/4871/4016 4484/4869/4014
f 4477/4871/4016 4470/4854/4003 4479/4872/4017
f 4479/4872/4017 4470/4854/4003 4472/4837/3994
f 4479/4872/4017 4472/4837/3994 4480/4820/3982
f 4479/4872/4017 4480/4820/3982 4491/4822/3984
f 4479/4872/4017 4491/4822/3984 4477/4871/4016
f 4477/4871/4016 4491/4822/3984 4496/4873/4018
f 4477/4871/4016 4496/4873/4018 4484/4869/4014
f 4496/4873/4018 4491/4822/3984 4515/4826/3985
f 4496/4873/4018 4515/4826/3985 4513/4874/4019
f 4496/4873/4018 4513/4874/4019 4484/4869/4014
f 4513/4874/4019 4515/4826/3985 4527/4827/2967
f 4484/4869/4014 4513/4874/4019 4501/4875/4020
f 4501/4875/4020 4513/4874/4019 4527/4827/2967
f 4484/4869/4014 4501/4875/4020 4492/4870/4015
f 4501/4875/4020 4527/4827/2967 4525/4876/2971
f 4492/4870/4015 4501/4875/4020 4508/4877/4021
f 4501/4875/4020 4525/4876/2971 4528/4878/2972
f 4508/4877/4021 4501/4875/4020 4534/4879/2973
f 4534/4879/2973 4501/4875/4020 4528/4878/2972
f 4522/4880/2962 4511/4881/3986 4531/4882/2961
f 4531/4882/2961 4511/4881/3986 4517/4883/3989
f 4531/4882/2961 4517/4883/3989 4536/4884/4022
f 4531/4882/2961 4536/4884/4022 4540/4885/2960
f 4536/4884/4022 4517/4883/3989 4519/4886/4023
f 4519/4886/4023 4517/4883/3989 4510/4887/3988
f 4519/4886/4023 4510/4887/3988 4502/4888/4024
f 4540/4885/2960 4536/4884/4022 4537/4889/4025
f 4537/4889/4025 4536/4884/4022 4519/4886/4023
f 4540/4885/2960 4537/4889/4025 4566/4890/2953
f 4566/4890/2953 4537/4889/4025 4560/4891/4026
f 4519/4886/4023 4502/4888/4024 4520/4892/4027
f 4519/4886/4023 4520/4892/4027 4537/4889/4025
f 4520/4892/4027 4502/4888/4024 4500/4893/4028
f 4560/4891/4026 4537/4889/4025 4539/4894/4029
f 4539/4894/4029 4537/4889/4025 4520/4892/4027
f 4560/4891/4026 4539/4894/4029 4562/4895/4030
f 4562/4895/4030 4539/4894/4029 4542/4896/2986
f 4520/4892/4027 4500/4893/4028 4518/4897/4031
f 4520/4892/4027 4518/4897/4031 4539/4894/4029
f 4518/4897/4031 4500/4893/4028 4505/4898/4032
f 4539/4894/4029 4518/4897/4031 4523/4899/4033
f 4523/4899/4033 4518/4897/4031 4505/4898/4032
f 4539/4894/4029 4523/4899/4033 4542/4896/2986
f 4523/4899/4033 4505/4898/4032 4516/4900/4034
f 4523/4899/4033 4516/4900/4034 4507/4901/4035
f 4542/4896/2986 4523/4899/4033 4532/4902/4036
f 4532/4902/4036 4523/4899/4033 4507/4901/4035
f 4542/4896/2986 4532/4902/4036 4535/4903/2985
f 4532/4902/4036 4507/4901/4035 4504/4904/4037
f 4532/4902/4036 4504/4904/4037 4535/4903/2985
f 4535/4903/2985 4504/4904/4037 4514/4905/4038
f 4535/4903/2985 4514/4905/4038 4526/4906/2984
f 2533/4907/417 2656/4908/4039 2524/342/333
f 2524/342/333 2656/4908/4039 2837/343/334
f 2656/4908/4039 2533/4907/417 215/4909/418
f 2656/4908/4039 215/4909/418 2460/4910/422
f 2837/343/334 2656/4908/4039 2660/367/358
f 2660/367/358 2656/4908/4039 2460/4910/422
f 2660/367/358 2460/4910/422 3/4911/423
f 2660/367/358 3/4911/423 2678/4912/4040
f 2678/4912/4040 3/4911/423 378/4913/424
f 2678/4912/4040 378/4913/424 2793/4914/437
f 2660/367/358 2678/4912/4040 2816/4915/4041
f 2816/4915/4041 2678/4912/4040 2793/4914/437
f 2660/367/358 2816/4915/4041 2848/363/354
f 2848/363/354 2816/4915/4041 2850/4916/4042
f 2850/4916/4042 2816/4915/4041 2793/4914/437
f 2848/363/354 2850/4916/4042 2871/359/350
f 2673/4917/490 2793/4914/437 374/4918/436
f 2793/4914/437 2673/4917/490 2799/4919/4043
f 2793/4914/437 2799/4919/4043 2850/4916/4042
f 2799/4919/4043 2673/4917/490 2557/4920/485
f 2557/4920/485 2673/4917/490 357/4921/486
f 2850/4916/4042 2799/4919/4043 2834/4922/4044
f 2799/4919/4043 2557/4920/485 2826/4923/4045
f 2799/4919/4043 2826/4923/4045 2834/4922/4044
f 2874/4924/4046 2871/359/350 2850/4916/4042
f 2871/359/350 2874/4924/4046 3108/360/351
f 2850/4916/4042 2834/4922/4044 2877/4925/4047
f 2850/4916/4042 2877/4925/4047 2874/4924/4046
f 2877/4925/4047 2834/4922/4044 2826/4923/4045
f 3108/360/351 2874/4924/4046 3026/4926/4048
f 3026/4926/4048 2874/4924/4046 2877/4925/4047
f 3108/360/351 3026/4926/4048 3220/361/352
f 3220/361/352 3026/4926/4048 3157/4927/4049
f 3220/361/352 3157/4927/4049 3304/364/355
f 3026/4926/4048 2877/4925/4047 2876/4928/4050
f 2876/4928/4050 2877/4925/4047 2826/4923/4045
f 3157/4927/4049 3026/4926/4048 3182/4929/4051
f 3157/4927/4049 3182/4929/4051 3304/364/355
f 3182/4929/4051 3026/4926/4048 2876/4928/4050
f 3304/364/355 3182/4929/4051 3261/4930/4052
f 3182/4929/4051 2876/4928/4050 2954/4931/4053
f 3182/4929/4051 2954/4931/4053 3261/4930/4052
f 3304/364/355 3261/4930/4052 3468/370/361
f 2954/4931/4053 2876/4928/4050 2881/4932/4054
f 2954/4931/4053 2881/4932/4054 3261/4930/4052
f 2825/4933/4055 2876/4928/4050 2826/4923/4045
f 2876/4928/4050 2825/4933/4055 2881/4932/4054
f 2825/4933/4055 2826/4923/4045 2550/4934/483
f 2550/4934/483 2826/4923/4045 2557/4920/485
f 2550/4934/483 2557/4920/485 156/4935/482
f 2825/4933/4055 2550/4934/483 2565/4936/4056
f 2565/4936/4056 2550/4934/483 88/4937/481
f 2565/4936/4056 88/4937/481 103/4938/479
f 2565/4936/4056 103/4938/479 2472/4939/480
f 2565/4936/4056 2472/4939/480 2578/4940/4057
f 2578/4940/4057 2472/4939/480 2507/4941/477
f 2507/4941/477 2472/4939/480 102/4942/476
f 2565/4936/4056 2578/4940/4057 2824/4943/4058
f 2824/4943/4058 2578/4940/4057 2507/4941/477
f 2841/4944/4059 2825/4933/4055 2565/4936/4056
f 2841/4944/4059 2565/4936/4056 2824/4943/4058
f 2825/4933/4055 2841/4944/4059 2881/4932/4054
f 2841/4944/4059 2824/4943/4058 2884/4945/4060
f 2841/4944/4059 2884/4945/4060 2881/4932/4054
f 2824/4943/4058 2507/4941/477 2840/4946/4061
f 2884/4945/4060 2824/4943/4058 2890/4947/4062
f 2890/4947/4062 2824/4943/4058 2840/4946/4061
f 2884/4945/4060 2890/4947/4062 3033/4948/4063
f 2884/4945/4060 3033/4948/4063 2881/4932/4054
f 3033/4948/4063 2890/4947/4062 3034/4949/4064
f 2881/4932/4054 3033/4948/4063 3299/4950/4065
f 2881/4932/4054 3299/4950/4065 3261/4930/4052
f 3261/4930/4052 3299/4950/4065 3468/370/361
f 3299/4950/4065 3033/4948/4063 3316/4951/4066
f 3316/4951/4066 3033/4948/4063 3034/4949/4064
f 3468/370/361 3299/4950/4065 3436/4952/4067
f 3436/4952/4067 3299/4950/4065 3316/4951/4066
f 3468/370/361 3436/4952/4067 3606/4953/4068
f 3468/370/361 3606/4953/4068 3585/369/360
f 3436/4952/4067 3316/4951/4066 3265/4954/4069
f 3265/4954/4069 3316/4951/4066 3034/4949/4064
f 3585/369/360 3606/4953/4068 3737/371/362
f 3436/4952/4067 3265/4954/4069 3451/4955/4070
f 3436/4952/4067 3451/4955/4070 3606/4953/4068
f 3737/371/362 3606/4953/4068 3697/4956/4071
f 3737/371/362 3697/4956/4071 3754/385/376
f 3754/385/376 3697/4956/4071 3606/4953/4068
f 3265/4954/4069 3034/4949/4064 3204/4957/4072
f 3265/4954/4069 3204/4957/4072 3451/4955/4070
f 3754/385/376 3606/4953/4068 3637/4958/4073
f 3637/4958/4073 3606/4953/4068 3451/4955/4070
f 3754/385/376 3637/4958/4073 3735/4959/4074
f 3754/385/376 3735/4959/4074 3901/265/256
f 3901/265/256 3735/4959/4074 3922/263/254
f 3735/4959/4074 3637/4958/4073 3555/4960/4075
f 3735/4959/4074 3555/4960/4075 3922/263/254
f 3637/4958/4073 3451/4955/4070 3520/4961/4076
f 3637/4958/4073 3520/4961/4076 3555/4960/4075
f 3555/4960/4075 3520/4961/4076 3460/4962/4077
f 3555/4960/4075 3460/4962/4077 3922/263/254
f 3520/4961/4076 3451/4955/4070 3442/4963/4078
f 3520/4961/4076 3442/4963/4078 3460/4962/4077
f 3442/4963/4078 3451/4955/4070 3302/4964/4079
f 3302/4964/4079 3451/4955/4070 3204/4957/4072
f 3442/4963/4078 3302/4964/4079 3474/4965/4080
f 3442/4963/4078 3474/4965/4080 3460/4962/4077
f 3302/4964/4079 3204/4957/4072 3058/4966/4081
f 3474/4965/4080 3302/4964/4079 3127/4967/4082
f 3127/4967/4082 3302/4964/4079 3058/4966/4081
f 3058/4966/4081 3204/4957/4072 2886/4968/4083
f 2886/4968/4083 3204/4957/4072 3034/4949/4064
f 3127/4967/4082 3058/4966/4081 3076/4969/4084
f 3474/4965/4080 3127/4967/4082 3232/4970/4085
f 3232/4970/4085 3127/4967/4082 3076/4969/4084
f 3474/4965/4080 3232/4970/4085 3457/4971/4086
f 3474/4965/4080 3457/4971/4086 3460/4962/4077
f 3232/4970/4085 3076/4969/4084 3171/4972/4087
f 3232/4970/4085 3171/4972/4087 3457/4971/4086
f 3076/4969/4084 3058/4966/4081 3004/4973/4088
f 3004/4973/4088 3058/4966/4081 2886/4968/4083
f 3076/4969/4084 3004/4973/4088 2849/4974/4089
f 3076/4969/4084 2849/4974/4089 3171/4972/4087
f 3004/4973/4088 2886/4968/4083 2882/4975/4090
f 3004/4973/4088 2882/4975/4090 2849/4974/4089
f 2887/4976/4091 2886/4968/4083 3034/4949/4064
f 2887/4976/4091 3034/4949/4064 2890/4947/4062
f 2887/4976/4091 2890/4947/4062 2840/4946/4061
f 2887/4976/4091 2840/4946/4061 2886/4968/4083
f 2882/4975/4090 2886/4968/4083 2851/4977/4092
f 2882/4975/4090 2851/4977/4092 2849/4974/4089
f 2851/4977/4092 2886/4968/4083 2840/4946/4061
f 2821/4978/4093 3171/4972/4087 2849/4974/4089
f 2849/4974/4089 2851/4977/4092 2548/4979/469
f 2849/4974/4089 2548/4979/469 2821/4978/4093
f 2851/4977/4092 2840/4946/4061 2591/4980/4094
f 2591/4980/4094 2840/4946/4061 2545/4981/4095
f 2545/4981/4095 2840/4946/4061 2507/4941/477
f 134/4982/473 2458/4983/474 2507/4941/477
f 2507/4941/477 2458/4983/474 2545/4981/4095
f 2545/4981/4095 2458/4983/474 2546/4984/4096
f 2851/4977/4092 2591/4980/4094 2546/4984/4096
f 2851/4977/4092 2546/4984/4096 2548/4979/469
f 2546/4984/4096 2458/4983/474 76/4985/471
f 2546/4984/4096 76/4985/471 2548/4979/469
f 2548/4979/469 76/4985/471 77/4986/467
f 2546/4984/4096 2591/4980/4094 2582/4987/4097
f 2583/4988/4098 2591/4980/4094 2545/4981/4095
f 2582/4987/4097 2591/4980/4094 2581/4989/4099
f 2581/4989/4099 2591/4980/4094 2583/4988/4098
f 2582/4987/4097 2581/4989/4099 2569/4990/4100
f 2582/4987/4097 2569/4990/4100 2546/4984/4096
f 2569/4990/4100 2581/4989/4099 2583/4988/4098
f 2546/4984/4096 2569/4990/4100 2545/4981/4095
f 2545/4981/4095 2569/4990/4100 2583/4988/4098
f 2715/4991/4101 2548/4979/469 124/4992/468
f 2548/4979/469 2715/4991/4101 2741/4993/4102
f 2548/4979/469 2741/4993/4102 2821/4978/4093
f 2821/4978/4093 2741/4993/4102 2755/4994/4103
f 2755/4994/4103 2741/4993/4102 2715/4991/4101
f 2821/4978/4093 2755/4994/4103 2781/4995/4104
f 2781/4995/4104 2755/4994/4103 2715/4991/4101
f 2821/4978/4093 2781/4995/4104 3037/4996/4105
f 3037/4996/4105 2781/4995/4104 2715/4991/4101
f 2696/4997/4106 2715/4991/4101 124/4992/468
f 2715/4991/4101 2696/4997/4106 3037/4996/4105
f 2821/4978/4093 3037/4996/4105 3171/4972/4087
f 3037/4996/4105 2696/4997/4106 3091/4998/4107
f 3171/4972/4087 3037/4996/4105 3309/4999/4108
f 3309/4999/4108 3037/4996/4105 3091/4998/4107
f 3171/4972/4087 3309/4999/4108 3457/4971/4086
f 3457/4971/4086 3309/4999/4108 3532/5000/4109
f 3457/4971/4086 3532/5000/4109 3460/4962/4077
f 3309/4999/4108 3091/4998/4107 3429/5001/4110
f 3309/4999/4108 3429/5001/4110 3532/5000/4109
f 2689/5002/4111 3091/4998/4107 2696/4997/4106
f 2689/5002/4111 2696/4997/4106 257/5003/4112
f 2689/5002/4111 257/5003/4112 17/5004/4113
f 3091/4998/4107 2689/5002/4111 2883/5005/4114
f 2883/5005/4114 2689/5002/4111 17/5004/4113
f 3429/5001/4110 3091/4998/4107 3417/5006/4115
f 3417/5006/4115 3091/4998/4107 2883/5005/4114
f 3532/5000/4109 3429/5001/4110 3751/249/240
f 3751/249/240 3429/5001/4110 3417/5006/4115
f 2599/5007/1008 17/5004/4113 152/5008/1009
f 17/5004/4113 2599/5007/1008 2883/5005/4114
f 2883/5005/4114 2599/5007/1008 2869/5009/1010
f 3751/249/240 3417/5006/4115 3550/246/237
f 3550/246/237 3417/5006/4115 3346/5010/4116
f 3346/5010/4116 3417/5006/4115 2883/5005/4114
f 3550/246/237 3346/5010/4116 3360/251/242
f 2883/5005/4114 2869/5009/1010 3169/5011/4117
f 2883/5005/4114 3169/5011/4117 3346/5010/4116
f 3346/5010/4116 3169/5011/4117 3360/251/242
f 3169/5011/4117 2869/5009/1010 3264/5012/1012
f 3169/5011/4117 3264/5012/1012 3360/251/242
f 3716/5013/4118 3532/5000/4109 3751/249/240
f 3716/5013/4118 3751/249/240 3826/5014/4119
f 3826/5014/4119 3751/249/240 4005/253/244
f 3826/5014/4119 4005/253/244 3922/263/254
f 3826/5014/4119 3922/263/254 3460/4962/4077
f 3676/5015/4120 3460/4962/4077 3532/5000/4109
f 3460/4962/4077 3676/5015/4120 3826/5014/4119
f 3676/5015/4120 3532/5000/4109 3716/5013/4118
f 3716/5013/4118 3826/5014/4119 3714/5016/4121
f 3714/5016/4121 3826/5014/4119 3676/5015/4120
f 3716/5013/4118 3714/5016/4121 3694/5017/4122
f 3716/5013/4118 3694/5017/4122 3676/5015/4120
f 3694/5017/4122 3714/5016/4121 3696/5018/4123
f 3694/5017/4122 3696/5018/4123 3676/5015/4120
f 3696/5018/4123 3714/5016/4121 3695/5019/4124
f 3696/5018/4123 3695/5019/4124 3676/5015/4120
f 3676/5015/4120 3695/5019/4124 3714/5016/4121
f 1989/5020/4125 1939/4409/2035 1994/4408/3691
f 1989/5020/4125 1994/4408/3691 2008/5021/4126
f 2008/5021/4126 1994/4408/3691 2017/4412/3693
f 2008/5021/4126 2017/4412/3693 2026/5022/3979
f 1989/5020/4125 2008/5021/4126 2015/5023/4127
f 2015/5023/4127 2008/5021/4126 2026/5022/3979
f 2015/5023/4127 2026/5022/3979 2029/5024/4128
f 2029/5024/4128 2026/5022/3979 2031/5025/3981
f 2029/5024/4128 2031/5025/3981 2035/5026/3922
f 2029/5024/4128 2035/5026/3922 2015/5023/4127
f 2015/5023/4127 2035/5026/3922 2014/5027/4129
f 2015/5023/4127 2014/5027/4129 1989/5020/4125
f 2014/5027/4129 2035/5026/3922 2030/5028/3921
f 1985/5029/4130 1939/4409/2035 1989/5020/4125
f 1985/5029/4130 1989/5020/4125 2014/5027/4129
f 1939/4409/2035 1985/5029/4130 1936/5030/2036
f 2014/5027/4129 2030/5028/3921 2005/5031/4131
f 2005/5031/4131 2030/5028/3921 2036/5032/3919
f 1985/5029/4130 2014/5027/4129 1997/5033/4132
f 1997/5033/4132 2014/5027/4129 2005/5031/4131
f 1936/5030/2036 1985/5029/4130 1973/5034/4133
f 1973/5034/4133 1985/5029/4130 1997/5033/4132
f 1936/5030/2036 1973/5034/4133 1924/5035/2041
f 1924/5035/2041 1973/5034/4133 1934/5036/2044
f 1934/5036/2044 1973/5034/4133 1997/5033/4132
f 1934/5036/2044 1997/5033/4132 1988/5037/4134
f 1988/5037/4134 1997/5033/4132 2005/5031/4131
f 1934/5036/2044 1988/5037/4134 2003/5038/3686
f 1988/5037/4134 2005/5031/4131 2010/5039/4135
f 1988/5037/4134 2010/5039/4135 2003/5038/3686
f 2010/5039/4135 2005/5031/4131 2036/5032/3919
f 2003/5038/3686 2010/5039/4135 2034/5040/3685
f 2034/5040/3685 2010/5039/4135 2036/5032/3919
f 4802/5041/3846 4788/5042/3847 4791/5043/4136
f 4791/5043/4136 4788/5042/3847 4761/5044/3848
f 4802/5041/3846 4791/5043/4136 4804/5045/4137
f 4802/5041/3846 4804/5045/4137 4813/5046/3849
f 4791/5043/4136 4761/5044/3848 4740/5047/4138
f 4740/5047/4138 4761/5044/3848 4721/5048/3850
f 4740/5047/4138 4721/5048/3850 4706/5049/3856
f 4740/5047/4138 4706/5049/3856 4717/5050/4139
f 4717/5050/4139 4706/5049/3856 4707/5051/4140
f 4717/5050/4139 4707/5051/4140 4726/5052/4141
f 4740/5047/4138 4717/5050/4139 4751/5053/4142
f 4740/5047/4138 4751/5053/4142 4791/5043/4136
f 4717/5050/4139 4726/5052/4141 4755/5054/4143
f 4717/5050/4139 4755/5054/4143 4751/5053/4142
f 4755/5054/4143 4726/5052/4141 4744/5055/4144
f 4791/5043/4136 4751/5053/4142 4794/5056/4145
f 4794/5056/4145 4751/5053/4142 4755/5054/4143
f 4791/5043/4136 4794/5056/4145 4804/5045/4137
f 4755/5054/4143 4744/5055/4144 4754/5057/4146
f 4794/5056/4145 4755/5054/4143 4781/5058/4147
f 4781/5058/4147 4755/5054/4143 4754/5057/4146
f 4804/5045/4137 4794/5056/4145 4800/5059/4148
f 4800/5059/4148 4794/5056/4145 4781/5058/4147
f 4804/5045/4137 4800/5059/4148 4813/5046/3849
f 4813/5046/3849 4800/5059/4148 4803/5060/4149
f 4813/5046/3849 4803/5060/4149 4799/5061/3852
f 4800/5059/4148 4781/5058/4147 4790/5062/4150
f 4800/5059/4148 4790/5062/4150 4803/5060/4149
f 4803/5060/4149 4790/5062/4150 4799/5061/3852
f 4790/5062/4150 4781/5058/4147 4754/5057/4146
f 4799/5061/3852 4790/5062/4150 4780/5063/3853
f 4780/5063/3853 4790/5062/4150 4772/5064/3859
f 4772/5064/3859 4790/5062/4150 4754/5057/4146
f 4772/5064/3859 4754/5057/4146 4741/5065/3861
f 4741/5065/3861 4754/5057/4146 4716/5066/4151
f 4716/5066/4151 4754/5057/4146 4744/5055/4144
f 4741/5065/3861 4716/5066/4151 4703/5067/3862
f 4716/5066/4151 4744/5055/4144 4719/5068/4152
f 4716/5066/4151 4719/5068/4152 4703/5067/3862
f 4703/5067/3862 4719/5068/4152 4728/5069/4153
f 4703/5067/3862 4728/5069/4153 4698/5070/3024
f 1602/5071/3225 1539/5072/3217 1764/5073/4154
f 1764/5073/4154 1539/5072/3217 1707/5074/4155
f 1707/5074/4155 1539/5072/3217 1518/5075/3222
f 1707/5074/4155 1518/5075/3222 1712/5076/3528
f 1707/5074/4155 1712/5076/3528 1802/5077/4156
f 1707/5074/4155 1802/5077/4156 1764/5073/4154
f 1802/5077/4156 1712/5076/3528 1794/5078/3529
f 1602/5071/3225 1764/5073/4154 1757/5079/4157
f 1602/5071/3225 1757/5079/4157 1751/5080/3228
f 1764/5073/4154 1802/5077/4156 1888/5081/4158
f 1764/5073/4154 1888/5081/4158 1757/5079/4157
f 1751/5080/3228 1757/5079/4157 1825/5082/2590
f 1751/5080/3228 1825/5082/2590 1734/5083/2589
f 1825/5082/2590 1757/5079/4157 1833/5084/4159
f 1833/5084/4159 1757/5079/4157 1888/5081/4158
f 1825/5082/2590 1833/5084/4159 1865/5085/2703
f 1865/5085/2703 1833/5084/4159 1888/5081/4158
f 1825/5082/2590 1865/5085/2703 1848/5086/2593
f 1865/5085/2703 1888/5081/4158 1892/5087/4160
f 1865/5085/2703 1892/5087/4160 1855/5088/2702
f 1855/5088/2702 1892/5087/4160 1827/5089/2700
f 1887/5090/4161 1888/5081/4158 1802/5077/4156
f 1888/5081/4158 1887/5090/4161 1892/5087/4160
f 1887/5090/4161 1802/5077/4156 1875/5091/4162
f 1875/5091/4162 1802/5077/4156 1794/5078/3529
f 1892/5087/4160 1887/5090/4161 1884/5092/4163
f 1884/5092/4163 1887/5090/4161 1875/5091/4162
f 1827/5089/2700 1892/5087/4160 1772/5093/2695
f 1827/5089/2700 1772/5093/2695 1674/5094/2694
f 1875/5091/4162 1794/5078/3529 1835/5095/4164
f 1875/5091/4162 1835/5095/4164 1884/5092/4163
f 1835/5095/4164 1794/5078/3529 1787/5096/3531
f 1835/5095/4164 1787/5096/3531 1728/5097/4165
f 1835/5095/4164 1728/5097/4165 1783/5098/4166
f 1835/5095/4164 1783/5098/4166 1884/5092/4163
f 1783/5098/4166 1728/5097/4165 1658/5099/4167
f 1834/5100/4168 1892/5087/4160 1884/5092/4163
f 1892/5087/4160 1834/5100/4168 1772/5093/2695
f 1834/5100/4168 1884/5092/4163 1783/5098/4166
f 1783/5098/4166 1658/5099/4167 1517/5101/4169
f 1772/5093/2695 1834/5100/4168 1584/5102/4170
f 1584/5102/4170 1834/5100/4168 1783/5098/4166
f 1772/5093/2695 1584/5102/4170 1457/5103/2690
f 1457/5103/2690 1584/5102/4170 1405/5104/2691
f 1584/5102/4170 1783/5098/4166 1433/5105/4171
f 1433/5105/4171 1783/5098/4166 1517/5101/4169
f 1584/5102/4170 1433/5105/4171 1405/5104/2691
f 1433/5105/4171 1517/5101/4169 1397/5106/4172
f 1433/5105/4171 1397/5106/4172 1238/5107/4173
f 1433/5105/4171 1238/5107/4173 1221/5108/2689
f 1433/5105/4171 1221/5108/2689 1405/5104/2691
f 1405/5104/2691 1221/5108/2689 1262/5109/2688
f 1870/5110/3542 1903/5111/594 1912/5112/592
f 1870/5110/3542 1912/5112/592 1886/5113/2862
f 1870/5110/3542 1886/5113/2862 1873/5114/2863
f 1870/5110/3542 1873/5114/2863 1846/5115/4174
f 1870/5110/3542 1846/5115/4174 1837/5116/3538
f 1846/5115/4174 1873/5114/2863 1858/5117/2865
f 1837/5116/3538 1846/5115/4174 1816/5118/3537
f 1846/5115/4174 1858/5117/2865 1840/5119/4175
f 1840/5119/4175 1858/5117/2865 1853/5120/2867
f 1816/5118/3537 1846/5115/4174 1824/5121/4176
f 1824/5121/4176 1846/5115/4174 1840/5119/4175
f 1840/5119/4175 1853/5120/2867 1801/5122/2870
f 1816/5118/3537 1824/5121/4176 1741/5123/4177
f 1816/5118/3537 1741/5123/4177 1823/5124/3534
f 1824/5121/4176 1840/5119/4175 1785/5125/4178
f 1840/5119/4175 1801/5122/2870 1669/5126/4179
f 1840/5119/4175 1669/5126/4179 1785/5125/4178
f 1669/5126/4179 1801/5122/2870 1423/5127/4180
f 1785/5125/4178 1669/5126/4179 1596/5128/4181
f 1596/5128/4181 1669/5126/4179 1423/5127/4180
f 1824/5121/4176 1785/5125/4178 1742/5129/4182
f 1742/5129/4182 1785/5125/4178 1596/5128/4181
f 1824/5121/4176 1742/5129/4182 1741/5123/4177
f 1423/5127/4180 1801/5122/2870 697/5130/2875
f 1741/5123/4177 1742/5129/4182 1581/5131/4183
f 1742/5129/4182 1596/5128/4181 1641/5132/4184
f 1742/5129/4182 1641/5132/4184 1581/5131/4183
f 1641/5132/4184 1596/5128/4181 1524/5133/4185
f 1641/5132/4184 1524/5133/4185 1436/5134/4186
f 1641/5132/4184 1436/5134/4186 1581/5131/4183
f 1524/5133/4185 1596/5128/4181 1396/5135/4187
f 1396/5135/4187 1596/5128/4181 1423/5127/4180
f 1524/5133/4185 1396/5135/4187 1346/5136/4188
f 1524/5133/4185 1346/5136/4188 1436/5134/4186
f 1396/5135/4187 1423/5127/4180 1206/5137/4189
f 1346/5136/4188 1396/5135/4187 1276/5138/4190
f 1276/5138/4190 1396/5135/4187 1206/5137/4189
f 1436/5134/4186 1346/5136/4188 1182/5139/4191
f 1182/5139/4191 1346/5136/4188 1276/5138/4190
f 1276/5138/4190 1206/5137/4189 1131/5140/4192
f 1276/5138/4190 1131/5140/4192 1182/5139/4191
f 1206/5137/4189 1423/5127/4180 930/5141/4193
f 1131/5140/4192 1206/5137/4189 1036/5142/4194
f 1036/5142/4194 1206/5137/4189 930/5141/4193
f 930/5141/4193 1423/5127/4180 780/5143/4195
f 780/5143/4195 1423/5127/4180 697/5130/2875
f 1036/5142/4194 930/5141/4193 878/5144/4196
f 878/5144/4196 930/5141/4193 780/5143/4195
f 1131/5140/4192 1036/5142/4194 970/5145/4197
f 970/5145/4197 1036/5142/4194 878/5144/4196
f 1131/5140/4192 970/5145/4197 1005/5146/4198
f 1131/5140/4192 1005/5146/4198 1182/5139/4191
f 970/5145/4197 878/5144/4196 854/5147/4199
f 1005/5146/4198 970/5145/4197 835/5148/4200
f 835/5148/4200 970/5145/4197 854/5147/4199
f 1182/5139/4191 1005/5146/4198 983/5149/4201
f 983/5149/4201 1005/5146/4198 835/5148/4200
f 835/5148/4200 854/5147/4199 775/5150/4202
f 775/5150/4202 854/5147/4199 878/5144/4196
f 748/5151/4203 878/5144/4196 780/5143/4195
f 878/5144/4196 748/5151/4203 775/5150/4202
f 748/5151/4203 780/5143/4195 697/5130/2875
f 835/5148/4200 775/5150/4202 707/5152/4204
f 707/5152/4204 775/5150/4202 748/5151/4203
f 748/5151/4203 697/5130/2875 646/5153/4205
f 748/5151/4203 646/5153/4205 707/5152/4204
f 646/5153/4205 697/5130/2875 568/5154/2883
f 646/5153/4205 568/5154/2883 579/5155/4206
f 646/5153/4205 579/5155/4206 707/5152/4204
f 579/5155/4206 568/5154/2883 543/5156/2886
f 835/5148/4200 707/5152/4204 819/5157/4207
f 835/5148/4200 819/5157/4207 983/5149/4201
f 707/5152/4204 579/5155/4206 655/5158/4208
f 707/5152/4204 655/5158/4208 819/5157/4207
f 655/5158/4208 579/5155/4206 543/5156/2886
f 655/5158/4208 543/5156/2886 702/5159/4209
f 702/5159/4209 543/5156/2886 606/5160/2895
f 819/5157/4207 655/5158/4208 767/5161/4210
f 767/5161/4210 655/5158/4208 702/5159/4209
f 702/5159/4209 606/5160/2895 682/5162/4211
f 702/5159/4209 682/5162/4211 767/5161/4210
f 682/5162/4211 606/5160/2895 581/5163/2899
f 682/5162/4211 581/5163/2899 585/5164/2900
f 819/5157/4207 767/5161/4210 893/5165/4212
f 819/5157/4207 893/5165/4212 983/5149/4201
f 767/5161/4210 682/5162/4211 752/5166/4213
f 682/5162/4211 585/5164/2900 737/5167/4214
f 682/5162/4211 737/5167/4214 752/5166/4213
f 893/5165/4212 767/5161/4210 862/5168/4215
f 862/5168/4215 767/5161/4210 752/5166/4213
f 983/5149/4201 893/5165/4212 1034/5169/4216
f 1034/5169/4216 893/5165/4212 862/5168/4215
f 983/5149/4201 1034/5169/4216 1173/5170/4217
f 983/5149/4201 1173/5170/4217 1182/5139/4191
f 1034/5169/4216 862/5168/4215 982/5171/4218
f 1182/5139/4191 1173/5170/4217 1293/5172/4219
f 1182/5139/4191 1293/5172/4219 1436/5134/4186
f 1173/5170/4217 1034/5169/4216 1089/5173/4220
f 1089/5173/4220 1034/5169/4216 982/5171/4218
f 1293/5172/4219 1173/5170/4217 1197/5174/4221
f 1197/5174/4221 1173/5170/4217 1089/5173/4220
f 1436/5134/4186 1293/5172/4219 1425/5175/4222
f 1436/5134/4186 1425/5175/4222 1581/5131/4183
f 1293/5172/4219 1197/5174/4221 1356/5176/4223
f 1293/5172/4219 1356/5176/4223 1425/5175/4222
f 1581/5131/4183 1425/5175/4222 1482/5177/4224
f 1482/5177/4224 1425/5175/4222 1356/5176/4223
f 1356/5176/4223 1197/5174/4221 1334/5178/4225
f 1356/5176/4223 1334/5178/4225 1482/5177/4224
f 1176/5179/4226 1197/5174/4221 1089/5173/4220
f 1197/5174/4221 1176/5179/4226 1334/5178/4225
f 993/5180/4227 1089/5173/4220 982/5171/4218
f 1089/5173/4220 993/5180/4227 1176/5179/4226
f 993/5180/4227 982/5171/4218 862/5168/4215
f 1606/5181/4228 1581/5131/4183 1482/5177/4224
f 1581/5131/4183 1606/5181/4228 1741/5123/4177
f 1741/5123/4177 1606/5181/4228 1703/5182/4229
f 1741/5123/4177 1703/5182/4229 1823/5124/3534
f 1606/5181/4228 1482/5177/4224 1604/5183/4230
f 1606/5181/4228 1604/5183/4230 1703/5182/4229
f 1823/5124/3534 1703/5182/4229 1774/5184/4231
f 1823/5124/3534 1774/5184/4231 1744/5185/3532
f 1744/5185/3532 1774/5184/4231 1703/5182/4229
f 1728/5186/4165 1787/5187/3531 1744/5185/3532
f 1728/5186/4165 1744/5185/3532 1658/5188/4167
f 1744/5185/3532 1703/5182/4229 1620/5189/4232
f 1744/5185/3532 1620/5189/4232 1658/5188/4167
f 1620/5189/4232 1703/5182/4229 1604/5183/4230
f 1658/5188/4167 1620/5189/4232 1517/5190/4169
f 1517/5190/4169 1620/5189/4232 1397/5191/4172
f 1397/5191/4172 1620/5189/4232 1604/5183/4230
f 1434/5192/4233 1604/5183/4230 1482/5177/4224
f 1604/5183/4230 1434/5192/4233 1397/5191/4172
f 1434/5192/4233 1482/5177/4224 1334/5178/4225
f 1397/5191/4172 1434/5192/4233 1310/5193/4234
f 1310/5193/4234 1434/5192/4233 1334/5178/4225
f 1397/5191/4172 1310/5193/4234 1238/5194/4173
f 1310/5193/4234 1334/5178/4225 1210/5195/4235
f 1310/5193/4234 1210/5195/4235 1238/5194/4173
f 1210/5195/4235 1334/5178/4225 1176/5179/4226
f 1210/5195/4235 1176/5179/4226 1040/5196/4236
f 1210/5195/4235 1040/5196/4236 1238/5194/4173
f 1040/5196/4236 1176/5179/4226 993/5180/4227
f 1238/5194/4173 1040/5196/4236 1045/5197/4237
f 1238/5194/4173 1045/5197/4237 1221/5198/2689
f 1040/5196/4236 993/5180/4227 946/5199/4238
f 946/5199/4238 993/5180/4227 862/5168/4215
f 1221/5198/2689 1045/5197/4237 1041/5200/2686
f 1221/5198/2689 1041/5200/2686 1097/5201/2685
f 1045/5197/4237 1040/5196/4236 880/5202/4239
f 946/5199/4238 862/5168/4215 817/5203/4240
f 817/5203/4240 862/5168/4215 752/5166/4213
f 1040/5196/4236 946/5199/4238 856/5204/4241
f 856/5204/4241 946/5199/4238 817/5203/4240
f 1040/5196/4236 856/5204/4241 880/5202/4239
f 817/5203/4240 752/5166/4213 737/5167/4214
f 817/5203/4240 737/5167/4214 856/5204/4241
f 1045/5197/4237 880/5202/4239 859/5205/4242
f 1045/5197/4237 859/5205/4242 1041/5200/2686
f 880/5202/4239 856/5204/4241 764/5206/4243
f 764/5206/4243 856/5204/4241 737/5167/4214
f 880/5202/4239 764/5206/4243 859/5205/4242
f 1041/5200/2686 859/5205/4242 773/5207/2669
f 1041/5200/2686 773/5207/2669 887/5208/2668
f 859/5205/4242 764/5206/4243 721/5209/4244
f 859/5205/4242 721/5209/4244 773/5207/2669
f 764/5206/4243 737/5167/4214 661/5210/4245
f 764/5206/4243 661/5210/4245 721/5209/4244
f 661/5210/4245 737/5167/4214 585/5164/2900
f 661/5210/4245 585/5164/2900 533/5211/2903
f 721/5209/4244 661/5210/4245 493/5212/4246
f 493/5212/4246 661/5210/4245 533/5211/2903
f 773/5207/2669 721/5209/4244 630/5213/2665
f 773/5207/2669 630/5213/2665 729/5214/2666
f 721/5209/4244 493/5212/4246 514/5215/4247
f 721/5209/4244 514/5215/4247 630/5213/2665
f 493/5212/4246 533/5211/2903 441/5216/4248
f 441/5216/4248 533/5211/2903 546/5217/2907
f 441/5216/4248 546/5217/2907 675/5218/2910
f 441/5216/4248 675/5218/2910 704/5219/3209
f 441/5216/4248 704/5219/3209 473/5220/3208
f 441/5216/4248 473/5220/3208 373/5221/4249
f 373/5221/4249 473/5220/3208 319/5222/3207
f 493/5212/4246 441/5216/4248 362/5223/4250
f 362/5223/4250 441/5216/4248 373/5221/4249
f 493/5212/4246 362/5223/4250 514/5215/4247
f 362/5223/4250 373/5221/4249 319/5222/3207
f 514/5215/4247 362/5223/4250 461/5224/4251
f 514/5215/4247 461/5224/4251 630/5213/2665
f 362/5223/4250 319/5222/3207 326/5225/4252
f 362/5223/4250 326/5225/4252 461/5224/4251
f 326/5225/4252 319/5222/3207 331/5226/2652
f 326/5225/4252 331/5226/2652 368/5227/2654
f 326/5225/4252 368/5227/2654 448/5228/2658
f 326/5225/4252 448/5228/2658 461/5224/4251
f 461/5224/4251 448/5228/2658 630/5213/2665
f 630/5213/2665 448/5228/2658 530/5229/2661
f 2140/5230/3933 2154/5231/4253 2157/4674/3875
f 2157/4674/3875 2154/5231/4253 2161/4677/3878
f 2144/5232/3935 2178/5233/4254 2140/5230/3933
f 2140/5230/3933 2178/5233/4254 2169/5234/4255
f 2169/5234/4255 2178/5233/4254 2191/5235/2324
f 2191/5235/2324 2178/5233/4254 2187/5236/2327
f 2140/5230/3933 2169/5234/4255 2166/5237/4256
f 2166/5237/4256 2169/5234/4255 2191/5235/2324
f 2140/5230/3933 2166/5237/4256 2154/5231/4253
f 2166/5237/4256 2191/5235/2324 2186/5238/2318
f 2166/5237/4256 2186/5238/2318 2164/5239/4257
f 2166/5237/4256 2164/5239/4257 2154/5231/4253
f 2164/5239/4257 2186/5238/2318 2185/5240/2315
f 2164/5239/4257 2185/5240/2315 2175/5241/4258
f 2175/5241/4258 2185/5240/2315 2188/5242/2313
f 2154/5231/4253 2164/5239/4257 2148/5243/4259
f 2148/5243/4259 2164/5239/4257 2175/5241/4258
f 2154/5231/4253 2148/5243/4259 2161/4677/3878
f 2175/5241/4258 2188/5242/2313 2176/5244/4260
f 2175/5241/4258 2176/5244/4260 2148/5243/4259
f 2176/5244/4260 2188/5242/2313 2189/5245/2311
f 2161/4677/3878 2148/5243/4259 2146/5246/4261
f 2146/5246/4261 2148/5243/4259 2176/5244/4260
f 2161/4677/3878 2146/5246/4261 2159/4686/3887
f 2176/5244/4260 2189/5245/2311 2174/5247/4262
f 2176/5244/4260 2174/5247/4262 2146/5246/4261
f 2174/5247/4262 2189/5245/2311 2190/5248/2309
f 2159/4686/3887 2146/5246/4261 2151/5249/4263
f 2151/5249/4263 2146/5246/4261 2174/5247/4262
f 2174/5247/4262 2190/5248/2309 2173/5250/4264
f 2174/5247/4262 2173/5250/4264 2151/5249/4263
f 2173/5250/4264 2190/5248/2309 2208/5251/2308
f 2159/4686/3887 2151/5249/4263 2153/4700/3901
f 2173/5250/4264 2208/5251/2308 2171/5252/4265
f 2173/5250/4264 2171/5252/4265 2151/5249/4263
f 2171/5252/4265 2208/5251/2308 2182/5253/4266
f 2153/4700/3901 2151/5249/4263 2152/5254/4267
f 2152/5254/4267 2151/5249/4263 2171/5252/4265
f 2171/5252/4265 2182/5253/4266 2165/5255/4268
f 2171/5252/4265 2165/5255/4268 2152/5254/4267
f 2165/5255/4268 2182/5253/4266 2181/5256/4269
f 2153/4700/3901 2152/5254/4267 2149/5257/4270
f 2149/5257/4270 2152/5254/4267 2165/5255/4268
f 2153/4700/3901 2149/5257/4270 2158/4706/3907
f 2158/4706/3907 2149/5257/4270 2150/5258/3953
f 2150/5258/3953 2149/5257/4270 2165/5255/4268
f 2150/5258/3953 2165/5255/4268 2167/5259/4271
f 2167/5259/4271 2165/5255/4268 2181/5256/4269
f 2167/5259/4271 2181/5256/4269 2180/5260/4272
f 2180/5260/4272 2181/5256/4269 2199/5261/4273
f 4510/5262/3988 4494/5263/3990 4502/5264/4024
f 4502/5264/4024 4494/5263/3990 4482/5265/4274
f 4502/5264/4024 4482/5265/4274 4500/5266/4028
f 4482/5265/4274 4494/5263/3990 4478/5267/3991
f 4500/5266/4028 4482/5265/4274 4493/5268/4275
f 4500/5266/4028 4493/5268/4275 4505/5269/4032
f 4482/5265/4274 4478/5267/3991 4473/5270/4276
f 4482/5265/4274 4473/5270/4276 4493/5268/4275
f 4473/5270/4276 4478/5267/3991 4466/5271/4277
f 4466/5271/4277 4478/5267/3991 4471/5272/3993
f 4493/5268/4275 4473/5270/4276 4475/5273/4278
f 4505/5269/4032 4493/5268/4275 4488/5274/4279
f 4488/5274/4279 4493/5268/4275 4475/5273/4278
f 4505/5269/4032 4488/5274/4279 4507/5275/4035
f 4505/5269/4032 4507/5275/4035 4516/5276/4034
f 4507/5275/4035 4488/5274/4279 4487/5277/4280
f 4487/5277/4280 4488/5274/4279 4475/5273/4278
f 4507/5275/4035 4487/5277/4280 4504/5278/4037
f 4464/5279/4281 4473/5270/4276 4466/5271/4277
f 4473/5270/4276 4464/5279/4281 4475/5273/4278
f 4464/5279/4281 4466/5271/4277 4436/5280/4282
f 4464/5279/4281 4436/5280/4282 4438/5281/4283
f 4436/5280/4282 4466/5271/4277 4455/5282/4284
f 4455/5282/4284 4466/5271/4277 4471/5272/3993
f 4436/5280/4282 4455/5282/4284 4440/5283/4285
f 4440/5283/4285 4455/5282/4284 4431/5284/3373
f 4431/5284/3373 4455/5282/4284 4471/5272/3993
f 4431/5284/3373 4471/5272/3993 4419/5285/3370
f 4464/5279/4281 4438/5281/4283 4463/5286/4286
f 4464/5279/4281 4463/5286/4286 4475/5273/4278
f 4463/5286/4286 4438/5281/4283 4433/5287/4287
f 4463/5286/4286 4433/5287/4287 4434/5288/4288
f 4463/5286/4286 4434/5288/4288 4454/5289/4289
f 4454/5289/4289 4434/5288/4288 4430/5290/4290
f 4475/5273/4278 4463/5286/4286 4462/5291/4291
f 4462/5291/4291 4463/5286/4286 4454/5289/4289
f 4475/5273/4278 4462/5291/4291 4469/5292/4292
f 4475/5273/4278 4469/5292/4292 4487/5277/4280
f 4462/5291/4291 4454/5289/4289 4458/5293/4293
f 4462/5291/4291 4458/5293/4293 4469/5292/4292
f 4454/5289/4289 4430/5290/4290 4437/5294/4294
f 4454/5289/4289 4437/5294/4294 4458/5293/4293
f 4437/5294/4294 4430/5290/4290 4405/5295/4295
f 4458/5293/4293 4437/5294/4294 4444/5296/4296
f 4444/5296/4296 4437/5294/4294 4426/5297/4297
f 4426/5297/4297 4437/5294/4294 4406/5298/4298
f 4444/5296/4296 4426/5297/4297 4422/5299/4299
f 4458/5293/4293 4444/5296/4296 4461/5300/4300
f 4458/5293/4293 4461/5300/4300 4469/5292/4292
f 4469/5292/4292 4461/5300/4300 4474/5301/4301
f 4474/5301/4301 4461/5300/4300 4456/5302/4302
f 4481/5303/4303 4487/5277/4280 4469/5292/4292
f 4481/5303/4303 4469/5292/4292 4483/5304/4304
f 4483/5304/4304 4469/5292/4292 4474/5301/4301
f 4487/5277/4280 4481/5303/4303 4498/5305/4305
f 4498/5305/4305 4481/5303/4303 4483/5304/4304
f 4487/5277/4280 4498/5305/4305 4504/5278/4037
f 4504/5278/4037 4498/5305/4305 4514/5306/4038
f 4514/5306/4038 4498/5305/4305 4483/5304/4304
f 4467/5307/4306 4474/5301/4301 4456/5302/4302
f 4467/5307/4306 4456/5302/4302 4457/5308/4307
f 4467/5307/4306 4457/5308/4307 4459/5309/4012
f 4514/5306/4038 4483/5304/4304 4509/5310/2983
f 4514/5306/4038 4509/5310/2983 4526/5311/2984
f 4489/5312/4308 4483/5304/4304 4474/5301/4301
f 4483/5304/4304 4489/5312/4308 4509/5310/2983
f 4486/5313/4309 4474/5301/4301 4467/5307/4306
f 4474/5301/4301 4486/5313/4309 4489/5312/4308
f 4509/5310/2983 4489/5312/4308 4512/5314/4310
f 4512/5314/4310 4489/5312/4308 4486/5313/4309
f 4509/5310/2983 4512/5314/4310 4533/5315/2978
f 4533/5315/2978 4512/5314/4310 4524/5316/2976
f 4512/5314/4310 4486/5313/4309 4490/5317/4311
f 4490/5317/4311 4486/5313/4309 4467/5307/4306
f 4524/5316/2976 4512/5314/4310 4499/5318/4312
f 4499/5318/4312 4512/5314/4310 4490/5317/4311
f 4524/5316/2976 4499/5318/4312 4530/5319/2975
f 4490/5317/4311 4467/5307/4306 4468/5320/4313
f 4468/5320/4313 4467/5307/4306 4459/5309/4012
f 4468/5320/4313 4459/5309/4012 4460/5321/4013
f 4490/5317/4311 4468/5320/4313 4485/5322/4314
f 4485/5322/4314 4468/5320/4313 4460/5321/4013
f 4490/5317/4311 4485/5322/4314 4499/5318/4312
f 4485/5322/4314 4460/5321/4013 4492/5323/4015
f 4485/5322/4314 4492/5323/4015 4508/5324/4021
f 4499/5318/4312 4485/5322/4314 4506/5325/4315
f 4506/5325/4315 4485/5322/4314 4508/5324/4021
f 4499/5318/4312 4506/5325/4315 4530/5319/2975
f 4506/5325/4315 4508/5324/4021 4534/5326/2973
f 4506/5325/4315 4534/5326/2973 4530/5319/2975
f 4355/5327/1946 4275/5328/1947 4350/5329/1949
f 4355/5327/1946 4350/5329/1949 4410/5330/3372
f 4410/5330/3372 4350/5329/1949 4411/5331/4316
f 4410/5330/3372 4411/5331/4316 4431/5332/3373
f 4431/5332/3373 4411/5331/4316 4440/5333/4285
f 4440/5333/4285 4411/5331/4316 4436/5334/4282
f 4411/5331/4316 4350/5329/1949 4349/5335/4317
f 4349/5335/4317 4350/5329/1949 4237/5336/1948
f 4436/5334/4282 4411/5331/4316 4407/5337/4318
f 4407/5337/4318 4411/5331/4316 4349/5335/4317
f 4349/5335/4317 4237/5336/1948 4252/5338/1951
f 4436/5334/4282 4407/5337/4318 4415/5339/4319
f 4436/5334/4282 4415/5339/4319 4438/5340/4283
f 4407/5337/4318 4349/5335/4317 4361/5341/4320
f 4407/5337/4318 4361/5341/4320 4415/5339/4319
f 4361/5341/4320 4349/5335/4317 4252/5338/1951
f 4438/5340/4283 4415/5339/4319 4433/5342/4287
f 4361/5341/4320 4252/5338/1951 4292/5343/4321
f 4433/5342/4287 4415/5339/4319 4412/5344/4322
f 4412/5344/4322 4415/5339/4319 4361/5341/4320
f 4433/5342/4287 4412/5344/4322 4413/5345/4323
f 4433/5342/4287 4413/5345/4323 4434/5346/4288
f 4412/5344/4322 4361/5341/4320 4363/5347/4324
f 4412/5344/4322 4363/5347/4324 4413/5345/4323
f 4363/5347/4324 4361/5341/4320 4292/5343/4321
f 4434/5346/4288 4413/5345/4323 4404/5348/4325
f 4404/5348/4325 4413/5345/4323 4363/5347/4324
f 4434/5346/4288 4404/5348/4325 4430/5349/4290
f 4430/5349/4290 4404/5348/4325 4405/5350/4295
f 4363/5347/4324 4292/5343/4321 4253/5351/4326
f 4253/5351/4326 4292/5343/4321 4252/5338/1951
f 4404/5348/4325 4363/5347/4324 4286/5352/4327
f 4405/5350/4295 4404/5348/4325 4383/5353/4328
f 4383/5353/4328 4404/5348/4325 4286/5352/4327
f 4437/5354/4294 4405/5350/4295 4406/5355/4298
f 4405/5350/4295 4383/5353/4328 4381/5356/4329
f 4405/5350/4295 4381/5356/4329 4406/5355/4298
f 4383/5353/4328 4286/5352/4327 4301/5357/4330
f 4383/5353/4328 4301/5357/4330 4381/5356/4329
f 4256/5358/4331 4286/5352/4327 4363/5347/4324
f 4256/5358/4331 4363/5347/4324 4253/5351/4326
f 4301/5357/4330 4286/5352/4327 4244/5359/4332
f 4244/5359/4332 4286/5352/4327 4256/5358/4331
f 4381/5356/4329 4301/5357/4330 4293/5360/4333
f 4293/5360/4333 4301/5357/4330 4244/5359/4332
f 4390/5361/4334 4406/5355/4298 4381/5356/4329
f 4390/5361/4334 4381/5356/4329 4293/5360/4333
f 4406/5355/4298 4390/5361/4334 4426/5362/4297
f 4426/5362/4297 4390/5361/4334 4422/5363/4299
f 4390/5361/4334 4293/5360/4333 4306/5364/4335
f 4422/5363/4299 4390/5361/4334 4398/5365/4336
f 4306/5364/4335 4293/5360/4333 4251/5366/4337
f 4251/5366/4337 4293/5360/4333 4244/5359/4332
f 4390/5361/4334 4306/5364/4335 4315/5367/4338
f 4390/5361/4334 4315/5367/4338 4398/5365/4336
f 4315/5367/4338 4306/5364/4335 4251/5366/4337
f 4422/5363/4299 4398/5365/4336 4387/5368/4339
f 4387/5368/4339 4398/5365/4336 4315/5367/4338
f 4422/5363/4299 4387/5368/4339 4420/5369/4340
f 4420/5369/4340 4387/5368/4339 4386/5370/4341
f 4420/5369/4340 4386/5370/4341 4417/5371/4342
f 4417/5371/4342 4386/5370/4341 4401/5372/3333
f 4401/5372/3333 4386/5370/4341 4328/5373/3328
f 4386/5370/4341 4387/5368/4339 4327/5374/4343
f 4386/5370/4341 4327/5374/4343 4328/5373/3328
f 4327/5374/4343 4387/5368/4339 4315/5367/4338
f 4328/5373/3328 4327/5374/4343 4261/5375/4344
f 4328/5373/3328 4261/5375/4344 4274/5376/3324
f 4327/5374/4343 4315/5367/4338 4258/5377/4345
f 4327/5374/4343 4258/5377/4345 4261/5375/4344
f 4258/5377/4345 4315/5367/4338 4251/5366/4337
f 4274/5376/3324 4261/5375/4344 4219/5378/4346
f 4219/5378/4346 4261/5375/4344 4258/5377/4345
f 4274/5376/3324 4219/5378/4346 3948/5379/4347
f 4274/5376/3324 3948/5379/4347 3963/5380/3318
f 3963/5380/3318 3948/5379/4347 3981/5381/3315
f 3981/5381/3315 3948/5379/4347 3926/5382/4348
f 3926/5382/4348 3948/5379/4347 4219/5378/4346
f 3981/5381/3315 3926/5382/4348 3934/5383/3309
f 3926/5382/4348 4219/5378/4346 3916/5384/4349
f 3926/5382/4348 3916/5384/4349 3934/5383/3309
f 3934/5383/3309 3916/5384/4349 3909/5385/4350
f 3909/5385/4350 3916/5384/4349 4219/5378/4346
f 3934/5383/3309 3909/5385/4350 3888/5386/3307
f 4201/5387/4351 4219/5378/4346 4258/5377/4345
f 4219/5378/4346 4201/5387/4351 3909/5385/4350
f 4201/5387/4351 4258/5377/4345 4187/5388/4352
f 4187/5388/4352 4258/5377/4345 4251/5366/4337
f 3909/5385/4350 4201/5387/4351 3898/5389/4353
f 3898/5389/4353 4201/5387/4351 4187/5388/4352
f 3909/5385/4350 3898/5389/4353 3888/5386/3307
f 4187/5388/4352 4251/5366/4337 4178/5390/4354
f 3898/5389/4353 4187/5388/4352 3872/5391/4355
f 3898/5389/4353 3872/5391/4355 3888/5386/3307
f 3872/5391/4355 4187/5388/4352 4178/5390/4354
f 4178/5390/4354 4251/5366/4337 4244/5359/4332
f 3888/5386/3307 3872/5391/4355 3865/5392/4356
f 3888/5386/3307 3865/5392/4356 3799/5393/3301
f 3872/5391/4355 4178/5390/4354 3864/5394/4357
f 3872/5391/4355 3864/5394/4357 3865/5392/4356
f 4178/5390/4354 4244/5359/4332 3862/5395/4358
f 4178/5390/4354 3862/5395/4358 3864/5394/4357
f 3862/5395/4358 4244/5359/4332 4197/5396/4359
f 4197/5396/4359 4244/5359/4332 4256/5358/4331
f 3864/5394/4357 3862/5395/4358 3873/5397/4360
f 3864/5394/4357 3873/5397/4360 3865/5392/4356
f 3862/5395/4358 4197/5396/4359 3867/5398/4361
f 3862/5395/4358 3867/5398/4361 3873/5397/4360
f 4197/5396/4359 4256/5358/4331 4190/5399/4362
f 4190/5399/4362 4256/5358/4331 4253/5351/4326
f 3867/5398/4361 4197/5396/4359 3881/5400/4363
f 3881/5400/4363 4197/5396/4359 4190/5399/4362
f 3873/5397/4360 3867/5398/4361 3890/5401/4364
f 3890/5401/4364 3867/5398/4361 3881/5400/4363
f 3797/5402/4365 3865/5392/4356 3873/5397/4360
f 3865/5392/4356 3797/5402/4365 3799/5393/3301
f 3873/5397/4360 3890/5401/4364 3841/5403/4366
f 3873/5397/4360 3841/5403/4366 3797/5402/4365
f 3890/5401/4364 3881/5400/4363 3893/5404/4367
f 3890/5401/4364 3893/5404/4367 3841/5403/4366
f 4145/5405/4368 3881/5400/4363 4190/5399/4362
f 4145/5405/4368 4190/5399/4362 4253/5351/4326
f 3881/5400/4363 4145/5405/4368 3907/5406/4369
f 3881/5400/4363 3907/5406/4369 3893/5404/4367
f 4145/5405/4368 4253/5351/4326 4191/5407/1959
f 4145/5405/4368 4191/5407/1959 3907/5406/4369
f 4191/5407/1959 4253/5351/4326 4252/5338/1951
f 4191/5407/1959 4252/5338/1951 4154/5408/1952
f 3907/5406/4369 4191/5407/1959 3914/5409/1958
f 3907/5406/4369 3914/5409/1958 3910/5410/1961
f 3907/5406/4369 3910/5410/1961 3893/5404/4367
f 3893/5404/4367 3910/5410/1961 3777/5411/4370
f 3777/5411/4370 3910/5410/1961 3839/5412/1962
f 3777/5411/4370 3839/5412/1962 3427/5413/1970
f 3893/5404/4367 3777/5411/4370 3788/5414/4371
f 3788/5414/4371 3777/5411/4370 3427/5413/1970
f 3893/5404/4367 3788/5414/4371 3841/5403/4366
f 3788/5414/4371 3427/5413/1970 3557/5415/4372
f 3557/5415/4372 3427/5413/1970 3349/5416/3390
f 3841/5403/4366 3788/5414/4371 3787/5417/4373
f 3841/5403/4366 3787/5417/4373 3797/5402/4365
f 3788/5414/4371 3557/5415/4372 3569/5418/4374
f 3569/5418/4374 3557/5415/4372 3349/5416/3390
f 3788/5414/4371 3569/5418/4374 3787/5417/4373
f 3797/5402/4365 3787/5417/4373 3581/5419/4375
f 3581/5419/4375 3787/5417/4373 3569/5418/4374
f 3569/5418/4374 3349/5416/3390 3338/5420/3395
f 3338/5420/3395 3349/5416/3390 3103/5421/3392
f 3569/5418/4374 3338/5420/3395 3581/5419/4375
f 3797/5402/4365 3581/5419/4375 3598/5422/4376
f 3797/5402/4365 3598/5422/4376 3799/5393/3301
f 3799/5393/3301 3598/5422/4376 3510/5423/3298
f 3510/5423/3298 3598/5422/4376 3231/5424/3299
f 3231/5424/3299 3598/5422/4376 3303/5425/4377
f 3303/5425/4377 3598/5422/4376 3581/5419/4375
f 3231/5424/3299 3303/5425/4377 2917/5426/3303
f 3303/5425/4377 3581/5419/4375 3012/5427/4378
f 3303/5425/4377 3012/5427/4378 2917/5426/3303
f 3012/5427/4378 3581/5419/4375 3338/5420/3395
f 2917/5426/3303 3012/5427/4378 2492/5428/3306
f 2492/5428/3306 3012/5427/4378 2604/5429/3406
f 2604/5429/3406 3012/5427/4378 2921/5430/3403
f 2921/5430/3403 3012/5427/4378 3338/5420/3395
f 2921/5430/3403 3338/5420/3395 2945/5431/3394
f 4543/5432/4379 4559/5433/2949 4566/5434/2953
f 4543/5432/4379 4566/5434/2953 4560/5435/4026
f 4559/5433/2949 4543/5432/4379 4576/5436/4380
f 4559/5433/2949 4576/5436/4380 4575/5437/2948
f 4575/5437/2948 4576/5436/4380 4600/5438/2945
f 4543/5432/4379 4560/5435/4026 4553/5439/4381
f 4553/5439/4381 4560/5435/4026 4562/5440/4030
f 4576/5436/4380 4543/5432/4379 4579/5441/4382
f 4579/5441/4382 4543/5432/4379 4553/5439/4381
f 4600/5438/2945 4576/5436/4380 4592/5442/4383
f 4600/5438/2945 4592/5442/4383 4610/5443/2245
f 4576/5436/4380 4579/5441/4382 4601/5444/4384
f 4576/5436/4380 4601/5444/4384 4592/5442/4383
f 4610/5443/2245 4592/5442/4383 4620/5445/4385
f 4620/5445/4385 4592/5442/4383 4601/5444/4384
f 4610/5443/2245 4620/5445/4385 4624/5446/2242
f 4624/5446/2242 4620/5445/4385 4628/5447/2243
f 4628/5447/2243 4620/5445/4385 4601/5444/4384
f 4628/5447/2243 4601/5444/4384 4606/5448/4386
f 4606/5448/4386 4601/5444/4384 4579/5441/4382
f 4628/5447/2243 4606/5448/4386 4630/5449/4387
f 4630/5449/4387 4606/5448/4386 4626/3478/3012
f 4606/5448/4386 4579/5441/4382 4571/5450/4388
f 4571/5450/4388 4579/5441/4382 4553/5439/4381
f 4626/3478/3012 4606/5448/4386 4587/5451/4389
f 4587/5451/4389 4606/5448/4386 4571/5450/4388
f 4626/3478/3012 4587/5451/4389 4603/3477/3011
f 4571/5450/4388 4553/5439/4381 4557/5452/4390
f 4557/5452/4390 4553/5439/4381 4562/5440/4030
f 4587/5451/4389 4571/5450/4388 4570/5453/4391
f 4570/5453/4391 4571/5450/4388 4557/5452/4390
f 4603/3477/3011 4587/5451/4389 4586/5454/4392
f 4586/5454/4392 4587/5451/4389 4570/5453/4391
f 4603/3477/3011 4586/5454/4392 4580/3460/2994
f 4580/3460/2994 4586/5454/4392 4561/3454/2988
f 4561/3454/2988 4586/5454/4392 4551/5455/4393
f 4551/5455/4393 4586/5454/4392 4570/5453/4391
f 4561/3454/2988 4551/5455/4393 4542/3452/2986
f 4542/3452/2986 4551/5455/4393 4562/5440/4030
f 4562/5440/4030 4551/5455/4393 4557/5452/4390
f 4551/5455/4393 4570/5453/4391 4569/5456/4394
f 4569/5456/4394 4570/5453/4391 4557/5452/4390
f 4557/5452/4390 4551/5455/4393 4568/5457/4395
f 4557/5452/4390 4568/5457/4395 4569/5456/4394
f 4569/5456/4394 4568/5457/4395 4551/5455/4393
f 4584/5458/4396 4545/3422/2956 4582/3420/2954
f 4584/5458/4396 4582/3420/2954 4594/3423/2957
f 4584/5458/4396 4594/3423/2957 4588/5459/4397
f 4588/5459/4397 4594/3423/2957 4589/5460/4398
f 4589/5460/4398 4594/3423/2957 4590/5461/4399
f 4590/5461/4399 4594/3423/2957 4591/3429/2963
f 4590/5461/4399 4591/3429/2963 4589/5460/4398
f 4589/5460/4398 4591/3429/2963 4588/5459/4397
f 4588/5459/4397 4591/3429/2963 4584/5458/4396
f 4583/5462/4400 4545/3422/2956 4584/5458/4396
f 4583/5462/4400 4584/5458/4396 4591/3429/2963
f 4545/3422/2956 4583/5462/4400 4544/5463/4401
f 4545/3422/2956 4544/5463/4401 4563/3435/2969
f 4563/3435/2969 4544/5463/4401 4554/3447/2981
f 4554/3447/2981 4544/5463/4401 4581/5464/4402
f 4581/5464/4402 4544/5463/4401 4583/5462/4400
f 4554/3447/2981 4581/5464/4402 4578/3484/3018
f 4578/3484/3018 4581/5464/4402 4605/3486/3020
f 4581/5464/4402 4583/5462/4400 4602/5465/4403
f 4602/5465/4403 4583/5462/4400 4591/3429/2963
f 4581/5464/4402 4602/5465/4403 4605/3486/3020
f 4602/5465/4403 4591/3429/2963 4609/3417/2951
f 4602/5465/4403 4609/3417/2951 4605/3486/3020
f 4632/5466/4404 4645/5467/2235 4628/5468/2243
f 4645/5467/2235 4632/5466/4404 4658/5469/2234
f 4632/5466/4404 4628/5468/2243 4630/5470/4387
f 4658/5469/2234 4632/5466/4404 4648/5471/4405
f 4648/5471/4405 4632/5466/4404 4630/5470/4387
f 4658/5469/2234 4648/5471/4405 4692/5472/4406
f 4658/5469/2234 4692/5472/4406 4706/5473/3856
f 4706/5473/3856 4692/5472/4406 4707/5474/4140
f 4707/5474/4140 4692/5472/4406 4704/5475/4407
f 4648/5471/4405 4630/5470/4387 4653/5476/4408
f 4653/5476/4408 4630/5470/4387 4626/5477/3012
f 4692/5472/4406 4648/5471/4405 4667/5478/4409
f 4692/5472/4406 4667/5478/4409 4704/5475/4407
f 4667/5478/4409 4648/5471/4405 4653/5476/4408
f 4653/5476/4408 4626/5477/3012 4639/5479/4410
f 4639/5479/4410 4626/5477/3012 4621/5480/3005
f 4639/5479/4410 4621/5480/3005 4614/5481/3001
f 4653/5476/4408 4639/5479/4410 4657/5482/4411
f 4639/5479/4410 4614/5481/3001 4634/5483/4412
f 4634/5483/4412 4614/5481/3001 4613/5484/3000
f 4667/5478/4409 4653/5476/4408 4674/5485/4413
f 4674/5485/4413 4653/5476/4408 4657/5482/4411
f 4667/5478/4409 4674/5485/4413 4700/5486/4414
f 4667/5478/4409 4700/5486/4414 4704/5475/4407
f 4634/5483/4412 4613/5484/3000 4651/5487/4415
f 4651/5487/4415 4613/5484/3000 4650/5488/3003
f 4639/5479/4410 4634/5483/4412 4655/5489/4416
f 4655/5489/4416 4634/5483/4412 4651/5487/4415
f 4639/5479/4410 4655/5489/4416 4657/5482/4411
f 4651/5487/4415 4650/5488/3003 4670/5490/4417
f 4670/5490/4417 4650/5488/3003 4662/5491/3008
f 4655/5489/4416 4651/5487/4415 4701/5492/4418
f 4701/5492/4418 4651/5487/4415 4670/5490/4417
f 4657/5482/4411 4655/5489/4416 4694/5493/4419
f 4694/5493/4419 4655/5489/4416 4701/5492/4418
f 4657/5482/4411 4694/5493/4419 4669/5494/4420
f 4670/5490/4417 4662/5491/3008 4691/5495/4421
f 4670/5490/4417 4691/5495/4421 4701/5492/4418
f 4691/5495/4421 4662/5491/3008 4697/5496/4422
f 4697/5496/4422 4662/5491/3008 4663/5497/3014
f 4697/5496/4422 4663/5497/3014 4687/5498/3023
f 4691/5495/4421 4697/5496/4422 4731/5499/4423
f 4691/5495/4421 4731/5499/4423 4739/5500/4424
f 4691/5495/4421 4739/5500/4424 4701/5492/4418
f 4739/5500/4424 4731/5499/4423 4759/5501/4425
f 4739/5500/4424 4759/5501/4425 4764/5502/4426
f 4701/5492/4418 4739/5500/4424 4738/5503/4427
f 4738/5503/4427 4739/5500/4424 4764/5502/4426
f 4701/5492/4418 4738/5503/4427 4694/5493/4419
f 4738/5503/4427 4764/5502/4426 4769/5504/4428
f 4694/5493/4419 4738/5503/4427 4693/5505/4429
f 4694/5493/4419 4693/5505/4429 4669/5494/4420
f 4738/5503/4427 4769/5504/4428 4711/5506/4430
f 4738/5503/4427 4711/5506/4430 4693/5505/4429
f 4711/5506/4430 4769/5504/4428 4762/5507/4431
f 4711/5506/4430 4762/5507/4431 4730/5508/4432
f 4711/5506/4430 4730/5508/4432 4705/5509/4433
f 4693/5505/4429 4711/5506/4430 4702/5510/4434
f 4693/5505/4429 4702/5510/4434 4669/5494/4420
f 4702/5510/4434 4711/5506/4430 4705/5509/4433
f 4669/5494/4420 4702/5510/4434 4657/5482/4411
f 4657/5482/4411 4702/5510/4434 4674/5485/4413
f 4674/5485/4413 4702/5510/4434 4700/5486/4414
f 4700/5486/4414 4702/5510/4434 4705/5509/4433
f 4700/5486/4414 4705/5509/4433 4714/5511/4435
f 4700/5486/4414 4714/5511/4435 4715/5512/4436
f 4700/5486/4414 4715/5512/4436 4704/5475/4407
f 4704/5475/4407 4715/5512/4436 4723/5513/4437
f 4723/5513/4437 4715/5512/4436 4720/5514/4438
f 4720/5514/4438 4715/5512/4436 4782/5515/4439
f 4723/5513/4437 4720/5514/4438 4725/5516/4440
f 4720/5514/4438 4782/5515/4439 4776/5517/4441
f 4720/5514/4438 4776/5517/4441 4725/5516/4440
f 2425/5518/4442 2412/5519/4443 2374/5520/4444
f 2374/5520/4444 2412/5519/4443 2346/5521/4445
f 2374/5520/4444 2346/5521/4445 2340/5522/3836
f 2340/5522/3836 2346/5521/4445 2321/5523/2295
f 2374/5520/4444 2340/5522/3836 2344/5524/4446
f 2344/5524/4446 2340/5522/3836 2329/5525/3820
f 2374/5520/4444 2344/5524/4446 2376/5526/4447
f 2374/5520/4444 2376/5526/4447 2425/5518/4442
f 2344/5524/4446 2329/5525/3820 2336/5527/4448
f 2344/5524/4446 2336/5527/4448 2376/5526/4447
f 2336/5527/4448 2329/5525/3820 2313/5528/3816
f 2336/5527/4448 2313/5528/3816 2311/5529/4449
f 2311/5529/4449 2313/5528/3816 2292/5530/3813
f 2336/5527/4448 2311/5529/4449 2351/5531/4450
f 2336/5527/4448 2351/5531/4450 2392/5532/4451
f 2336/5527/4448 2392/5532/4451 2376/5526/4447
f 2376/5526/4447 2392/5532/4451 2420/5533/4452
f 2376/5526/4447 2420/5533/4452 2425/5518/4442
f 2420/5533/4452 2392/5532/4451 2433/5534/4453
f 2420/5533/4452 2433/5534/4453 2440/5535/4454
f 2420/5533/4452 2440/5535/4454 2425/5518/4442
f 2440/5535/4454 2433/5534/4453 2445/5536/4455
f 2440/5535/4454 2445/5536/4455 2446/5537/4456
f 2425/5518/4442 2440/5535/4454 2441/5538/4457
f 2441/5538/4457 2440/5535/4454 2446/5537/4456
f 2425/5518/4442 2441/5538/4457 2412/5519/4443
f 2441/5538/4457 2446/5537/4456 2443/5539/4458
f 2443/5539/4458 2446/5537/4456 2444/5540/4459
f 2443/5539/4458 2444/5540/4459 2436/5541/4460
f 2441/5538/4457 2443/5539/4458 2424/5542/4461
f 2441/5538/4457 2424/5542/4461 2412/5519/4443
f 2443/5539/4458 2436/5541/4460 2422/5543/4462
f 2443/5539/4458 2422/5543/4462 2424/5542/4461
f 2422/5543/4462 2436/5541/4460 2389/5544/4463
f 2412/5519/4443 2424/5542/4461 2371/5545/4464
f 2371/5545/4464 2424/5542/4461 2422/5543/4462
f 2412/5519/4443 2371/5545/4464 2346/5521/4445
f 2371/5545/4464 2422/5543/4462 2343/5546/4465
f 2371/5545/4464 2343/5546/4465 2346/5521/4445
f 2343/5546/4465 2422/5543/4462 2389/5544/4463
f 2346/5521/4445 2343/5546/4465 2321/5523/2295
f 2321/5523/2295 2343/5546/4465 2326/5547/2297
f 2326/5547/2297 2343/5546/4465 2389/5544/4463
f 2326/5547/2297 2389/5544/4463 2324/5548/4466
f 4744/5549/4144 4726/5550/4141 4743/5551/4467
f 4744/5549/4144 4743/5551/4467 4752/5552/4468
f 4744/5549/4144 4752/5552/4468 4719/5553/4152
f 4743/5551/4467 4726/5550/4141 4766/5554/4469
f 4707/5555/4140 4734/5556/4470 4726/5550/4141
f 4726/5550/4141 4734/5556/4470 4766/5554/4469
f 4766/5554/4469 4734/5556/4470 4773/5557/4471
f 4766/5554/4469 4773/5557/4471 4815/5558/4472
f 4752/5552/4468 4743/5551/4467 4784/5559/4473
f 4784/5559/4473 4743/5551/4467 4766/5554/4469
f 4766/5554/4469 4815/5558/4472 4818/5560/4474
f 4766/5554/4469 4818/5560/4474 4784/5559/4473
f 4818/5560/4474 4815/5558/4472 4821/5561/4475
f 4752/5552/4468 4784/5559/4473 4809/5562/4476
f 4809/5562/4476 4784/5559/4473 4818/5560/4474
f 4818/5560/4474 4821/5561/4475 4822/5563/4477
f 4818/5560/4474 4822/5563/4477 4809/5562/4476
f 4822/5563/4477 4821/5561/4475 4820/5564/4478
f 4752/5552/4468 4809/5562/4476 4757/5565/4479
f 4752/5552/4468 4757/5565/4479 4719/5553/4152
f 4809/5562/4476 4822/5563/4477 4808/5566/4480
f 4809/5562/4476 4808/5566/4480 4757/5565/4479
f 4822/5563/4477 4820/5564/4478 4810/5567/4481
f 4822/5563/4477 4810/5567/4481 4808/5566/4480
f 4810/5567/4481 4820/5564/4478 4801/5568/4482
f 4808/5566/4480 4810/5567/4481 4768/5569/4483
f 4768/5569/4483 4810/5567/4481 4801/5568/4482
f 4808/5566/4480 4768/5569/4483 4757/5565/4479
f 4724/5570/4484 4719/5553/4152 4757/5565/4479
f 4724/5570/4484 4757/5565/4479 4768/5569/4483
f 4768/5569/4483 4801/5568/4482 4767/5571/4485
f 4719/5553/4152 4724/5570/4484 4728/5572/4153
f 4728/5572/4153 4724/5570/4484 4768/5569/4483
f 4728/5572/4153 4768/5569/4483 4767/5571/4485
f 4728/5572/4153 4767/5571/4485 4736/5573/4486
f 4728/5572/4153 4736/5573/4486 4698/5574/3024
f 4094/5575/1431 4067/5576/1429 4177/5577/1504
f 4177/5577/1504 4067/5576/1429 4139/5578/4487
f 4177/5577/1504 4139/5578/4487 4196/5579/1501
f 4196/5579/1501 4139/5578/4487 4100/5580/2397
f 4139/5578/4487 4067/5576/1429 4014/5581/4488
f 4014/5581/4488 4067/5576/1429 4043/5582/1430
f 4100/5580/2397 4139/5578/4487 4061/5583/4489
f 4014/5581/4488 4043/5582/1430 4082/5584/4490
f 4082/5584/4490 4043/5582/1430 4168/5585/1425
f 4139/5578/4487 4014/5581/4488 3945/5586/4491
f 3945/5586/4491 4014/5581/4488 4082/5584/4490
f 4100/5580/2397 4061/5583/4489 3968/5587/2402
f 4082/5584/4490 4168/5585/1425 4165/5588/4492
f 4165/5588/4492 4168/5585/1425 4167/5589/1420
f 4082/5584/4490 4165/5588/4492 4047/5590/4493
f 4165/5588/4492 4167/5589/1420 4091/5591/4494
f 4165/5588/4492 4091/5591/4494 4047/5590/4493
f 4091/5591/4494 4167/5589/1420 4076/5592/1419
f 4082/5584/4490 4047/5590/4493 3904/5593/4495
f 4082/5584/4490 3904/5593/4495 3945/5586/4491
f 4047/5590/4493 4091/5591/4494 4030/5594/4496
f 4030/5594/4496 4091/5591/4494 4076/5592/1419
f 4047/5590/4493 4030/5594/4496 3818/5595/4497
f 4030/5594/4496 4076/5592/1419 3953/5596/4498
f 3904/5593/4495 4047/5590/4493 3847/5597/4499
f 3847/5597/4499 4047/5590/4493 3818/5595/4497
f 3953/5596/4498 4076/5592/1419 3929/5598/4500
f 3929/5598/4500 4076/5592/1419 3966/5599/1418
f 4030/5594/4496 3953/5596/4498 3845/5600/4501
f 4030/5594/4496 3845/5600/4501 3818/5595/4497
f 3953/5596/4498 3929/5598/4500 3846/5601/4502
f 3953/5596/4498 3846/5601/4502 3845/5600/4501
f 3929/5598/4500 3966/5599/1418 3921/5602/4503
f 3921/5602/4503 3966/5599/1418 3967/5603/1417
f 3921/5602/4503 3967/5603/1417 4057/5604/1414
f 3921/5602/4503 4057/5604/1414 4016/5605/2922
f 4016/5605/2922 4057/5604/1414 4096/5606/2919
f 3929/5598/4500 3921/5602/4503 3860/5607/4504
f 3929/5598/4500 3860/5607/4504 3846/5601/4502
f 3921/5602/4503 4016/5605/2922 3933/5608/4505
f 3921/5602/4503 3933/5608/4505 3860/5607/4504
f 3933/5608/4505 4016/5605/2922 3980/5609/2926
f 3846/5601/4502 3860/5607/4504 3784/5610/4506
f 3784/5610/4506 3860/5607/4504 3933/5608/4505
f 3933/5608/4505 3980/5609/2926 3822/5611/4507
f 3933/5608/4505 3822/5611/4507 3784/5610/4506
f 3822/5611/4507 3980/5609/2926 3798/5612/2930
f 3822/5611/4507 3798/5612/2930 3752/5613/4508
f 3752/5613/4508 3798/5612/2930 3632/5614/2933
f 3822/5611/4507 3752/5613/4508 3608/5615/4509
f 3608/5615/4509 3752/5613/4508 3632/5614/2933
f 3784/5610/4506 3822/5611/4507 3578/5616/4510
f 3578/5616/4510 3822/5611/4507 3608/5615/4509
f 3719/5617/4511 3846/5601/4502 3784/5610/4506
f 3719/5617/4511 3784/5610/4506 3578/5616/4510
f 3846/5601/4502 3719/5617/4511 3845/5600/4501
f 3845/5600/4501 3719/5617/4511 3698/5618/4512
f 3845/5600/4501 3698/5618/4512 3818/5595/4497
f 3719/5617/4511 3578/5616/4510 3564/5619/4513
f 3719/5617/4511 3564/5619/4513 3698/5618/4512
f 3420/5620/4514 3578/5616/4510 3608/5615/4509
f 3578/5616/4510 3420/5620/4514 3564/5619/4513
f 3818/5595/4497 3698/5618/4512 3577/5621/4515
f 3577/5621/4515 3698/5618/4512 3564/5619/4513
f 3818/5595/4497 3577/5621/4515 3689/5622/4516
f 3818/5595/4497 3689/5622/4516 3847/5597/4499
f 3847/5597/4499 3689/5622/4516 3623/5623/4517
f 3623/5623/4517 3689/5622/4516 3577/5621/4515
f 3847/5597/4499 3623/5623/4517 3904/5593/4495
f 3424/5624/4518 3564/5619/4513 3420/5620/4514
f 3564/5619/4513 3424/5624/4518 3577/5621/4515
f 3424/5624/4518 3420/5620/4514 3397/5625/4519
f 3397/5625/4519 3420/5620/4514 3608/5615/4509
f 3577/5621/4515 3424/5624/4518 3443/5626/4520
f 3577/5621/4515 3443/5626/4520 3623/5623/4517
f 3424/5624/4518 3397/5625/4519 3425/5627/4521
f 3424/5624/4518 3425/5627/4521 3443/5626/4520
f 3397/5625/4519 3608/5615/4509 3448/5628/4522
f 3448/5628/4522 3608/5615/4509 3632/5614/2933
f 3448/5628/4522 3632/5614/2933 3501/5629/2934
f 3448/5628/4522 3501/5629/2934 3334/5630/4523
f 3397/5625/4519 3448/5628/4522 3285/5631/4524
f 3285/5631/4524 3448/5628/4522 3334/5630/4523
f 3397/5625/4519 3285/5631/4524 3425/5627/4521
f 3437/5632/4525 3443/5626/4520 3425/5627/4521
f 3285/5631/4524 3334/5630/4523 3020/5633/4526
f 3020/5633/4526 3334/5630/4523 3194/5634/4527
f 3425/5627/4521 3285/5631/4524 3268/5635/4528
f 3437/5632/4525 3425/5627/4521 3280/5636/4529
f 3280/5636/4529 3425/5627/4521 3268/5635/4528
f 3443/5626/4520 3437/5632/4525 3449/5637/4530
f 3449/5637/4530 3437/5632/4525 3280/5636/4529
f 3285/5631/4524 3020/5633/4526 3228/5638/4531
f 3285/5631/4524 3228/5638/4531 3268/5635/4528
f 3228/5638/4531 3020/5633/4526 2757/5639/4532
f 3268/5635/4528 3228/5638/4531 3214/5640/4533
f 3280/5636/4529 3268/5635/4528 3241/5641/4534
f 3241/5641/4534 3268/5635/4528 3214/5640/4533
f 3280/5636/4529 3241/5641/4534 3292/5642/4535
f 3280/5636/4529 3292/5642/4535 3449/5637/4530
f 3292/5642/4535 3241/5641/4534 3259/5643/4536
f 3449/5637/4530 3292/5642/4535 3295/5644/4537
f 3295/5644/4537 3292/5642/4535 3259/5643/4536
f 3449/5637/4530 3295/5644/4537 3439/5645/4538
f 3456/5646/4539 3443/5626/4520 3449/5637/4530
f 3456/5646/4539 3449/5637/4530 3439/5645/4538
f 3443/5626/4520 3456/5646/4539 3623/5623/4517
f 3439/5645/4538 3295/5644/4537 3435/5647/4540
f 3439/5645/4538 3435/5647/4540 3456/5646/4539
f 3623/5623/4517 3456/5646/4539 3450/5648/4541
f 3450/5648/4541 3456/5646/4539 3435/5647/4540
f 3623/5623/4517 3450/5648/4541 3618/5649/4542
f 3623/5623/4517 3618/5649/4542 3904/5593/4495
f 3450/5648/4541 3435/5647/4540 3544/5650/4543
f 3450/5648/4541 3544/5650/4543 3618/5649/4542
f 3247/5651/4544 3435/5647/4540 3295/5644/4537
f 3247/5651/4544 3295/5644/4537 3259/5643/4536
f 3435/5647/4540 3247/5651/4544 3359/5652/4545
f 3435/5647/4540 3359/5652/4545 3544/5650/4543
f 3904/5593/4495 3618/5649/4542 3821/5653/4546
f 3904/5593/4495 3821/5653/4546 3945/5586/4491
f 3618/5649/4542 3544/5650/4543 3706/5654/4547
f 3618/5649/4542 3706/5654/4547 3821/5653/4546
f 3706/5654/4547 3544/5650/4543 3672/5655/4548
f 3821/5653/4546 3706/5654/4547 3891/5656/4549
f 3821/5653/4546 3891/5656/4549 3945/5586/4491
f 3891/5656/4549 3706/5654/4547 3672/5655/4548
f 3672/5655/4548 3544/5650/4543 3461/5657/4550
f 3461/5657/4550 3544/5650/4543 3359/5652/4545
f 3891/5656/4549 3672/5655/4548 3968/5587/2402
f 3968/5587/2402 3672/5655/4548 3827/5658/2413
f 3968/5587/2402 3827/5658/2413 3960/5659/2401
f 3827/5658/2413 3672/5655/4548 3621/5660/4551
f 3621/5660/4551 3672/5655/4548 3461/5657/4550
f 3827/5658/2413 3621/5660/4551 3738/5661/2411
f 3891/5656/4549 3968/5587/2402 4061/5583/4489
f 3738/5661/2411 3621/5660/4551 3494/5662/4552
f 3494/5662/4552 3621/5660/4551 3461/5657/4550
f 3738/5661/2411 3494/5662/4552 3593/5663/2412
f 3593/5663/2412 3494/5662/4552 3301/5664/4553
f 3301/5664/4553 3494/5662/4552 3461/5657/4550
f 3593/5663/2412 3301/5664/4553 3306/5665/2517
f 3891/5656/4549 4061/5583/4489 3996/24/24
f 3301/5664/4553 3461/5657/4550 3300/5666/4554
f 3300/5666/4554 3461/5657/4550 3359/5652/4545
f 3891/5656/4549 3996/24/24 3995/26/26
f 3996/24/24 4061/5583/4489 3994/25/25
f 3995/26/26 3994/25/25 3891/5656/4549
f 3994/25/25 4061/5583/4489 4139/5578/4487
f 3891/5656/4549 3994/25/25 3945/5586/4491
f 3945/5586/4491 3994/25/25 4139/5578/4487
f 3300/5666/4554 3359/5652/4545 3140/5667/4555
f 3300/5666/4554 3140/5667/4555 3301/5664/4553
f 3140/5667/4555 3359/5652/4545 3112/5668/4556
f 3112/5668/4556 3359/5652/4545 3247/5651/4544
f 3301/5664/4553 3140/5667/4555 2992/5669/4557
f 3140/5667/4555 3112/5668/4556 2681/5670/4558
f 3140/5667/4555 2681/5670/4558 2992/5669/4557
f 3112/5668/4556 3247/5651/4544 3170/5671/4559
f 3170/5671/4559 3247/5651/4544 3259/5643/4536
f 2681/5670/4558 3112/5668/4556 2626/5672/4560
f 2626/5672/4560 3112/5668/4556 3170/5671/4559
f 2681/5670/4558 2626/5672/4560 176/5673/1642
f 2681/5670/4558 176/5673/1642 2609/5674/1641
f 2681/5670/4558 2609/5674/1641 2992/5669/4557
f 176/5673/1642 2626/5672/4560 2615/5675/1643
f 2615/5675/1643 2626/5672/4560 3170/5671/4559
f 2992/5669/4557 2609/5674/1641 2926/5676/4561
f 2992/5669/4557 2926/5676/4561 3301/5664/4553
f 214/5677/1638 2665/5678/1639 2609/5674/1641
f 2609/5674/1641 2665/5678/1639 2926/5676/4561
f 3301/5664/4553 2926/5676/4561 3156/5679/4562
f 3301/5664/4553 3156/5679/4562 3306/5665/2517
f 2926/5676/4561 2665/5678/1639 2587/5680/1637
f 2587/5680/1637 2665/5678/1639 161/5681/1636
f 3156/5679/4562 2926/5676/4561 2964/5682/4563
f 3156/5679/4562 2964/5682/4563 3306/5665/2517
f 2964/5682/4563 2926/5676/4561 2587/5680/1637
f 3306/5665/2517 2964/5682/4563 2955/5683/2509
f 2955/5683/2509 2964/5682/4563 2587/5680/1637
f 2955/5683/2509 2587/5680/1637 2644/5684/4564
f 2955/5683/2509 2644/5684/4564 2675/5685/2505
f 2644/5684/4564 2587/5680/1637 2497/5686/1634
f 2497/5686/1634 2587/5680/1637 91/5687/1635
f 2644/5684/4564 2497/5686/1634 2466/5688/1633
f 2644/5684/4564 2466/5688/1633 2675/5685/2505
f 2675/5685/2505 2466/5688/1633 2523/5689/2501
f 2523/5689/2501 2466/5688/1633 71/5690/1630
f 2378/5691/4565 2392/5692/4451 2351/5693/4450
f 2392/5692/4451 2378/5691/4565 2426/5694/4566
f 2392/5692/4451 2426/5694/4566 2433/5695/4453
f 2433/5695/4453 2426/5694/4566 2434/5696/4567
f 2434/5696/4567 2426/5694/4566 2378/5691/4565
f 2433/5695/4453 2434/5696/4567 2445/5697/4455
f 2378/5691/4565 2351/5693/4450 2334/5698/4568
f 2334/5698/4568 2351/5693/4450 2311/5699/4449
f 2434/5696/4567 2378/5691/4565 2423/5700/4569
f 2445/5697/4455 2434/5696/4567 2442/5701/4570
f 2442/5701/4570 2434/5696/4567 2423/5700/4569
f 2445/5697/4455 2442/5701/4570 2446/5702/4456
f 2446/5702/4456 2442/5701/4570 2444/5703/4459
f 2444/5703/4459 2442/5701/4570 2432/5704/4571
f 2432/5704/4571 2442/5701/4570 2423/5700/4569
f 2444/5703/4459 2432/5704/4571 2436/5705/4460
f 2436/5705/4460 2432/5704/4571 2414/5706/4572
f 2436/5705/4460 2414/5706/4572 2389/5707/4463
f 2389/5707/4463 2414/5706/4572 2360/5708/4573
f 2360/5708/4573 2414/5706/4572 2432/5704/4571
f 2389/5707/4463 2360/5708/4573 2324/5709/4466
f 2324/5709/4466 2360/5708/4573 2328/5710/4574
f 2328/5710/4574 2360/5708/4573 2354/5711/4575
f 2354/5711/4575 2360/5708/4573 2432/5704/4571
f 2354/5711/4575 2432/5704/4571 2423/5700/4569
f 2354/5711/4575 2423/5700/4569 2349/5712/4576
f 2349/5712/4576 2423/5700/4569 2378/5691/4565
f 2349/5712/4576 2378/5691/4565 2334/5698/4568
f 2354/5711/4575 2349/5712/4576 2331/5713/4577
f 2354/5711/4575 2331/5713/4577 2355/5714/4578
f 2349/5712/4576 2334/5698/4568 2310/5715/3814
f 2349/5712/4576 2310/5715/3814 2331/5713/4577
f 2310/5715/3814 2334/5698/4568 2311/5699/4449
f 2310/5715/3814 2311/5699/4449 2292/5716/3813
f 2331/5713/4577 2310/5715/3814 2306/5717/4579
f 2355/5714/4578 2331/5713/4577 2413/5718/4580
f 2331/5713/4577 2306/5717/4579 2358/5719/4581
f 2331/5713/4577 2358/5719/4581 2413/5718/4580
f 2358/5719/4581 2306/5717/4579 2353/5720/4582
f 2413/5718/4580 2358/5719/4581 2407/5721/4583
f 2407/5721/4583 2358/5719/4581 2353/5720/4582
f 2413/5718/4580 2407/5721/4583 2435/5722/4584
f 2353/5720/4582 2306/5717/4579 2303/5723/4585
f 2435/5722/4584 2407/5721/4583 2431/5724/4586
f 2435/5722/4584 2431/5724/4586 2439/5725/4587
f 2431/5724/4586 2407/5721/4583 2402/5726/4588
f 2402/5726/4588 2407/5721/4583 2353/5720/4582
f 2439/5725/4587 2431/5724/4586 2416/5727/4589
f 2416/5727/4589 2431/5724/4586 2402/5726/4588
f 2416/5727/4589 2402/5726/4588 2353/5720/4582
f 2439/5725/4587 2416/5727/4589 2437/5728/4590
f 2337/5729/4591 2353/5720/4582 2303/5723/4585
f 2437/5728/4590 2416/5727/4589 2404/5730/4592
f 2404/5730/4592 2416/5727/4589 2353/5720/4582
f 2404/5730/4592 2353/5720/4582 2337/5729/4591
f 2437/5728/4590 2404/5730/4592 2411/5731/4593
f 2411/5731/4593 2404/5730/4592 2338/5732/4594
f 2338/5732/4594 2404/5730/4592 2337/5729/4591
f 2338/5732/4594 2337/5729/4591 2303/5723/4585
f 2338/5732/4594 2303/5723/4585 2319/5733/4595
f 2338/5732/4594 2319/5733/4595 2347/5734/4596
f 2347/5734/4596 2319/5733/4595 2366/5735/4597
f 2366/5735/4597 2319/5733/4595 2325/5736/4598
f 2366/5735/4597 2325/5736/4598 2369/5737/4599
f 2366/5735/4597 2369/5737/4599 2387/5738/4600
f 2387/5738/4600 2369/5737/4599 2379/5739/4601
f 2147/5740/4602 2144/4749/3935 2155/4750/3936
f 2144/4749/3935 2147/5740/4602 2163/5741/4603
f 2144/4749/3935 2163/5741/4603 2179/5742/4604
f 2179/5742/4604 2163/5741/4603 2147/5740/4602
f 2144/4749/3935 2179/5742/4604 2178/5743/4254
f 2178/5743/4254 2179/5742/4604 2187/5744/2327
f 2187/5744/2327 2179/5742/4604 2193/5745/2334
f 2193/5745/2334 2179/5742/4604 2177/5746/4605
f 2177/5746/4605 2179/5742/4604 2147/5740/4602
f 2193/5745/2334 2177/5746/4605 2194/5747/2335
f 2142/5748/4606 2147/5740/4602 2155/4750/3936
f 2147/5740/4602 2142/5748/4606 2177/5746/4605
f 2142/5748/4606 2155/4750/3936 2160/4765/3951
f 2194/5747/2335 2177/5746/4605 2172/5749/4607
f 2172/5749/4607 2177/5746/4605 2142/5748/4606
f 2194/5747/2335 2172/5749/4607 2195/5750/4608
f 2195/5750/4608 2172/5749/4607 2183/5751/4609
f 2142/5748/4606 2160/4765/3951 2143/5752/4610
f 2142/5748/4606 2143/5752/4610 2172/5749/4607
f 2143/5752/4610 2160/4765/3951 2162/4766/3952
f 2183/5751/4609 2172/5749/4607 2168/5753/4611
f 2168/5753/4611 2172/5749/4607 2143/5752/4610
f 2183/5751/4609 2168/5753/4611 2184/5754/4612
f 2143/5752/4610 2162/4766/3952 2145/5755/4613
f 2143/5752/4610 2145/5755/4613 2168/5753/4611
f 2145/5755/4613 2162/4766/3952 2150/4770/3953
f 2168/5753/4611 2145/5755/4613 2170/5756/4614
f 2170/5756/4614 2145/5755/4613 2150/4770/3953
f 2168/5753/4611 2170/5756/4614 2184/5754/4612
f 2170/5756/4614 2150/4770/3953 2167/5757/4271
f 2170/5756/4614 2167/5757/4271 2180/5758/4272
f 2170/5756/4614 2180/5758/4272 2184/5754/4612
f 2184/5754/4612 2180/5758/4272 2192/5759/4615
f 4773/5760/4471 4812/5761/4616 4815/5762/4472
f 4815/5762/4472 4812/5761/4616 4821/5763/4475
f 4821/5763/4475 4812/5761/4616 4814/5764/4617
f 4821/5763/4475 4814/5764/4617 4820/5765/4478
f 4812/5761/4616 4773/5760/4471 4792/5766/4618
f 4812/5761/4616 4792/5766/4618 4814/5764/4617
f 4820/5765/4478 4814/5764/4617 4787/5767/4619
f 4820/5765/4478 4787/5767/4619 4801/5768/4482
f 4801/5768/4482 4787/5767/4619 4767/5769/4485
f 4767/5769/4485 4787/5767/4619 4736/5770/4486
f 4792/5766/4618 4773/5760/4471 4729/5771/4620
f 4729/5771/4620 4773/5760/4471 4734/5772/4470
f 4729/5771/4620 4734/5772/4470 4704/5773/4407
f 4704/5773/4407 4734/5772/4470 4707/5774/4140
f 4729/5771/4620 4704/5773/4407 4723/5775/4437
f 4729/5771/4620 4723/5775/4437 4792/5766/4618
f 4713/5776/3027 4698/5777/3024 4736/5770/4486
f 4713/5776/3027 4736/5770/4486 4735/5778/3030
f 4735/5778/3030 4736/5770/4486 4747/5779/4621
f 4747/5779/4621 4736/5770/4486 4787/5767/4619
f 4725/5780/4440 4747/5779/4621 4723/5775/4437
f 4747/5779/4621 4725/5780/4440 4748/5781/4622
f 4758/5782/4623 4792/5766/4618 4723/5775/4437
f 4758/5782/4623 4723/5775/4437 4747/5779/4621
f 4758/5782/4623 4747/5779/4621 4787/5767/4619
f 4792/5766/4618 4758/5782/4623 4814/5764/4617
f 4814/5764/4617 4758/5782/4623 4787/5767/4619
f 2324/5783/4466 2302/5784/2298 2326/5785/2297
f 2302/5784/2298 2324/5783/4466 2316/5786/4624
f 2316/5786/4624 2324/5783/4466 2328/5787/4574
f 2302/5784/2298 2316/5786/4624 2315/5788/4625
f 2316/5786/4624 2328/5787/4574 2330/5789/4626
f 2316/5786/4624 2330/5789/4626 2315/5788/4625
f 2354/5790/4575 2355/5791/4578 2328/5787/4574
f 2328/5787/4574 2355/5791/4578 2391/5792/4627
f 2328/5787/4574 2391/5792/4627 2330/5789/4626
f 2391/5792/4627 2355/5791/4578 2413/5793/4580
f 2391/5792/4627 2413/5793/4580 2428/5794/4628
f 2428/5794/4628 2413/5793/4580 2435/5795/4584
f 2330/5789/4626 2391/5792/4627 2401/5796/4629
f 2401/5796/4629 2391/5792/4627 2428/5794/4628
f 2330/5789/4626 2401/5796/4629 2382/5797/4630
f 2330/5789/4626 2382/5797/4630 2315/5788/4625
f 2401/5796/4629 2428/5794/4628 2427/5798/4631
f 2401/5796/4629 2427/5798/4631 2382/5797/4630
f 2428/5794/4628 2435/5795/4584 2438/5799/4632
f 2428/5794/4628 2438/5799/4632 2427/5798/4631
f 2438/5799/4632 2435/5795/4584 2439/5800/4587
f 2438/5799/4632 2439/5800/4587 2437/5801/4590
f 2438/5799/4632 2437/5801/4590 2427/5798/4631
f 2427/5798/4631 2437/5801/4590 2406/5802/4633
f 2427/5798/4631 2406/5802/4633 2382/5797/4630
f 2406/5802/4633 2437/5801/4590 2411/5803/4593
f 2406/5802/4633 2411/5803/4593 2338/5804/4594
f 2406/5802/4633 2338/5804/4594 2352/5805/4634
f 2352/5805/4634 2338/5804/4594 2347/5806/4596
f 2382/5797/4630 2406/5802/4633 2363/5807/4635
f 2363/5807/4635 2406/5802/4633 2352/5805/4634
f 2382/5797/4630 2363/5807/4635 2314/5808/4636
f 2382/5797/4630 2314/5808/4636 2315/5788/4625
f 2363/5807/4635 2352/5805/4634 2320/5809/4637
f 2363/5807/4635 2320/5809/4637 2314/5808/4636
f 2320/5809/4637 2352/5805/4634 2347/5806/4596
f 2315/5788/4625 2314/5808/4636 2300/5810/4638
f 2300/5810/4638 2314/5808/4636 2320/5809/4637
f 2320/5809/4637 2347/5806/4596 2307/5811/4639
f 2320/5809/4637 2307/5811/4639 2300/5810/4638
f 2307/5811/4639 2347/5806/4596 2372/5812/4640
f 2372/5812/4640 2347/5806/4596 2377/5813/4641
f 2377/5813/4641 2347/5806/4596 2366/5814/4597
f 2307/5811/4639 2372/5812/4640 2381/5815/4642
f 2381/5815/4642 2372/5812/4640 2377/5813/4641
f 2377/5813/4641 2366/5814/4597 2387/5816/4600
f 2307/5811/4639 2381/5815/4642 2357/5817/4643
f 2307/5811/4639 2357/5817/4643 2300/5810/4638
f 2381/5815/4642 2377/5813/4641 2396/5818/4644
f 2377/5813/4641 2387/5816/4600 2394/5819/4645
f 2377/5813/4641 2394/5819/4645 2396/5818/4644
f 2394/5819/4645 2387/5816/4600 2379/5820/4601
f 2381/5815/4642 2396/5818/4644 2383/5821/4646
f 2381/5815/4642 2383/5821/4646 2357/5817/4643
f 2396/5818/4644 2394/5819/4645 2393/5822/4647
f 2393/5822/4647 2394/5819/4645 2379/5820/4601
f 2396/5818/4644 2393/5822/4647 2383/5821/4646
f 2357/5817/4643 2383/5821/4646 2333/5823/4648
f 2357/5817/4643 2333/5823/4648 2300/5810/4638
f 2383/5821/4646 2393/5822/4647 2370/5824/4649
f 2383/5821/4646 2370/5824/4649 2333/5823/4648
f 2393/5822/4647 2379/5820/4601 2373/5825/4650
f 2393/5822/4647 2373/5825/4650 2370/5824/4649
f 2373/5825/4650 2379/5820/4601 2364/5826/4651
f 2364/5826/4651 2379/5820/4601 2369/5827/4599
f 2370/5824/4649 2373/5825/4650 2335/5828/4652
f 2335/5828/4652 2373/5825/4650 2364/5826/4651
f 2333/5823/4648 2370/5824/4649 2299/5829/4653
f 2299/5829/4653 2370/5824/4649 2335/5828/4652
f 2295/5830/4654 2300/5810/4638 2333/5823/4648
f 2295/5830/4654 2333/5823/4648 2299/5829/4653
f 2335/5828/4652 2364/5826/4651 2308/5831/4655
f 2335/5828/4652 2308/5831/4655 2299/5829/4653
f 2308/5831/4655 2364/5826/4651 2332/5832/4656
f 2332/5832/4656 2364/5826/4651 2369/5827/4599
f 2332/5832/4656 2369/5827/4599 2323/5833/4657
f 2323/5833/4657 2369/5827/4599 2325/5834/4598
f 2323/5833/4657 2325/5834/4598 2298/5835/4658
f 2298/5835/4658 2325/5834/4598 2319/5836/4595
f 2298/5835/4658 2319/5836/4595 2303/5837/4585
f 2332/5832/4656 2323/5833/4657 2288/5838/4659
f 2288/5838/4659 2323/5833/4657 2298/5835/4658
f 2298/5835/4658 2303/5837/4585 2284/5839/3812
f 2284/5839/3812 2303/5837/4585 2306/5840/4579
f 2284/5839/3812 2306/5840/4579 2310/5841/3814
f 2298/5835/4658 2284/5839/3812 2254/5842/3811
f 2298/5835/4658 2254/5842/3811 2233/5843/4660
f 2298/5835/4658 2233/5843/4660 2288/5838/4659
f 2332/5832/4656 2288/5838/4659 2278/5844/4661
f 2278/5844/4661 2288/5838/4659 2233/5843/4660
f 2332/5832/4656 2278/5844/4661 2308/5831/4655
f 2233/5843/4660 2254/5842/3811 2222/5845/3810
f 2308/5831/4655 2278/5844/4661 2265/5846/4662
f 2308/5831/4655 2265/5846/4662 2299/5829/4653
f 2278/5844/4661 2233/5843/4660 2232/5847/4663
f 2278/5844/4661 2232/5847/4663 2265/5846/4662
f 2233/5843/4660 2222/5845/3810 2221/5848/4664
f 2233/5843/4660 2221/5848/4664 2232/5847/4663
f 2221/5848/4664 2222/5845/3810 2198/5849/4665
f 2232/5847/4663 2221/5848/4664 2200/5850/4666
f 2200/5850/4666 2221/5848/4664 2198/5849/4665
f 2265/5846/4662 2232/5847/4663 2227/5851/4667
f 2227/5851/4667 2232/5847/4663 2200/5850/4666
f 2245/5852/4668 2299/5829/4653 2265/5846/4662
f 2245/5852/4668 2265/5846/4662 2227/5851/4667
f 2299/5829/4653 2245/5852/4668 2295/5830/4654
f 2245/5852/4668 2227/5851/4667 2224/5853/4669
f 2295/5830/4654 2245/5852/4668 2237/5854/4670
f 2237/5854/4670 2245/5852/4668 2224/5853/4669
f 2224/5853/4669 2227/5851/4667 2199/5855/4273
f 2199/5855/4273 2227/5851/4667 2200/5850/4666
f 2224/5853/4669 2199/5855/4273 2237/5854/4670
f 2199/5855/4273 2200/5850/4666 2192/5856/4615
f 2199/5855/4273 2192/5856/4615 2180/5857/4272
f 2192/5856/4615 2200/5850/4666 2184/5858/4612
f 2184/5858/4612 2200/5850/4666 2198/5849/4665
f 2184/5858/4612 2198/5849/4665 2183/5859/4609
f 2183/5859/4609 2198/5849/4665 2195/5860/4608
f 2195/5860/4608 2198/5849/4665 2209/5861/4671
f 2195/5860/4608 2209/5861/4671 2194/5862/2335
f 2209/5861/4671 2198/5849/4665 2222/5845/3810
f 2194/5862/2335 2209/5861/4671 2216/5863/2332
f 2216/5863/2332 2209/5861/4671 2222/5845/3810
f 2203/5864/4672 2237/5854/4670 2199/5855/4273
f 2203/5864/4672 2199/5855/4273 2181/5865/4269
f 2203/5864/4672 2181/5865/4269 2182/5866/4266
f 2203/5864/4672 2182/5866/4266 2207/5867/4673
f 2207/5867/4673 2182/5866/4266 2208/5868/2308
f 2207/5867/4673 2208/5868/2308 2218/5869/2307
f 2207/5867/4673 2218/5869/2307 2203/5864/4672
f 2203/5864/4672 2218/5869/2307 2237/5854/4670
f 2237/5854/4670 2218/5869/2307 2241/5870/2306
f 2237/5854/4670 2241/5870/2306 2295/5830/4654
f 2295/5830/4654 2241/5870/2306 2272/5871/4674
f 2295/5830/4654 2272/5871/4674 2300/5810/4638
f 2272/5871/4674 2241/5870/2306 2251/5872/2301
f 2300/5810/4638 2272/5871/4674 2287/5873/4675
f 2287/5873/4675 2272/5871/4674 2251/5872/2301
f 2300/5810/4638 2287/5873/4675 2315/5788/4625
f 2287/5873/4675 2251/5872/2301 2302/5784/2298
f 2287/5873/4675 2302/5784/2298 2315/5788/4625
f 4126/5874/2918 4087/5875/1276 4054/5876/1278
f 4126/5874/2918 4054/5876/1278 3997/5877/4676
f 3997/5877/4676 4054/5876/1278 4130/5878/1279
f 4126/5874/2918 3997/5877/4676 4049/5879/2924
f 3997/5877/4676 4130/5878/1279 4058/5880/3246
f 4049/5879/2924 3997/5877/4676 3877/5881/2925
f 3997/5877/4676 4058/5880/3246 3857/5882/4677
f 3997/5877/4676 3857/5882/4677 3877/5881/2925
f 3857/5882/4677 4058/5880/3246 3969/5883/3248
f 3857/5882/4677 3969/5883/3248 3823/5884/3251
f 3857/5882/4677 3823/5884/3251 3767/5885/4678
f 3857/5882/4677 3767/5885/4678 3877/5881/2925
f 3767/5885/4678 3823/5884/3251 3713/5886/3253
f 3936/5887/2927 3877/5881/2925 3786/5888/2931
f 3786/5888/2931 3877/5881/2925 3715/5889/4679
f 3786/5888/2931 3715/5889/4679 3627/5890/2932
f 3877/5881/2925 3767/5885/4678 3681/5891/4680
f 3877/5881/2925 3681/5891/4680 3715/5889/4679
f 3627/5890/2932 3715/5889/4679 3573/5892/4681
f 3573/5892/4681 3715/5889/4679 3681/5891/4680
f 3627/5890/2932 3573/5892/4681 3492/5893/2935
f 3681/5891/4680 3767/5885/4678 3657/5894/4682
f 3657/5894/4682 3767/5885/4678 3713/5886/3253
f 3573/5892/4681 3681/5891/4680 3534/5895/4683
f 3534/5895/4683 3681/5891/4680 3657/5894/4682
f 3492/5893/2935 3573/5892/4681 3418/5896/4684
f 3418/5896/4684 3573/5892/4681 3534/5895/4683
f 3492/5893/2935 3418/5896/4684 3355/5897/4685
f 3492/5893/2935 3355/5897/4685 3501/5898/2934
f 3501/5898/2934 3355/5897/4685 3334/5899/4523
f 3355/5897/4685 3418/5896/4684 3291/5900/4686
f 3291/5900/4686 3418/5896/4684 3534/5895/4683
f 3334/5899/4523 3355/5897/4685 3194/5901/4527
f 3194/5901/4527 3355/5897/4685 3291/5900/4686
f 3588/5902/3263 3713/5886/3253 3602/5903/3255
f 3713/5886/3253 3588/5902/3263 3563/5904/4687
f 3713/5886/3253 3563/5904/4687 3657/5894/4682
f 3657/5894/4682 3563/5904/4687 3534/5895/4683
f 3563/5904/4687 3588/5902/3263 3453/5905/3264
f 3563/5904/4687 3453/5905/3264 3408/5906/4688
f 3563/5904/4687 3408/5906/4688 3534/5895/4683
f 3408/5906/4688 3453/5905/3264 3286/5907/3266
f 3333/5908/4689 3291/5900/4686 3534/5895/4683
f 3333/5908/4689 3534/5895/4683 3408/5906/4688
f 3333/5908/4689 3408/5906/4688 3250/5909/4690
f 3250/5909/4690 3408/5906/4688 3286/5907/3266
f 3291/5900/4686 3333/5908/4689 3115/5910/4691
f 3115/5910/4691 3333/5908/4689 3250/5909/4690
f 3250/5909/4690 3286/5907/3266 3063/5911/3273
f 3063/5911/3273 3286/5907/3266 3193/5912/3267
f 3115/5910/4691 3250/5909/4690 2987/5913/4692
f 2987/5913/4692 3250/5909/4690 3063/5911/3273
f 3291/5900/4686 3115/5910/4691 3042/5914/4693
f 3291/5900/4686 3042/5914/4693 3194/5901/4527
f 3115/5910/4691 2987/5913/4692 2789/5915/4694
f 3115/5910/4691 2789/5915/4694 3042/5914/4693
f 2987/5913/4692 3063/5911/3273 2719/5916/4695
f 2719/5916/4695 3063/5911/3273 2845/5917/3274
f 2719/5916/4695 2845/5917/3274 2539/28/28
f 2719/5916/4695 2539/28/28 2525/27/27
f 2987/5913/4692 2719/5916/4695 2627/5918/4696
f 2627/5918/4696 2719/5916/4695 2525/27/27
f 2627/5918/4696 2525/27/27 78/29/29
f 2987/5913/4692 2627/5918/4696 2789/5915/4694
f 2627/5918/4696 78/29/29 56/5919/4697
f 2627/5918/4696 56/5919/4697 2662/5920/4698
f 2627/5918/4696 2662/5920/4698 2789/5915/4694
f 2789/5915/4694 2662/5920/4698 2805/5921/4699
f 2789/5915/4694 2805/5921/4699 3042/5914/4693
f 249/5922/4700 2532/5923/4701 2662/5920/4698
f 2662/5920/4698 2532/5923/4701 2805/5921/4699
f 3042/5914/4693 2805/5921/4699 2998/5924/4702
f 3042/5914/4693 2998/5924/4702 3194/5901/4527
f 2805/5921/4699 2532/5923/4701 2668/5925/4703
f 2668/5925/4703 2532/5923/4701 2499/5926/4704
f 2998/5924/4702 2805/5921/4699 2915/5927/4705
f 2998/5924/4702 2915/5927/4705 3194/5901/4527
f 2915/5927/4705 2805/5921/4699 2668/5925/4703
f 2915/5927/4705 2668/5925/4703 2499/5926/4704
f 3194/5901/4527 2915/5927/4705 3020/5928/4526
f 2915/5927/4705 2499/5926/4704 2504/5929/4706
f 4747/5930/4621 4748/5931/4622 4735/5932/3030
f 4735/5932/3030 4748/5931/4622 4756/5933/3029
f 4756/5933/3029 4748/5931/4622 4793/5934/4707
f 4725/5935/4440 4776/5936/4441 4748/5931/4622
f 4748/5931/4622 4776/5936/4441 4793/5934/4707
f 4756/5933/3029 4793/5934/4707 4785/5937/4708
f 4756/5933/3029 4785/5937/4708 4753/5938/3031
f 4753/5938/3031 4785/5937/4708 4783/5939/4709
f 4753/5938/3031 4783/5939/4709 4727/5940/3032
f 4727/5940/3032 4783/5939/4709 4737/5941/4710
f 4737/5941/4710 4783/5939/4709 4786/5942/4711
f 4783/5939/4709 4785/5937/4708 4805/5943/4712
f 4805/5943/4712 4785/5937/4708 4793/5934/4707
f 4786/5942/4711 4783/5939/4709 4811/5944/4713
f 4811/5944/4713 4783/5939/4709 4805/5943/4712
f 4786/5942/4711 4811/5944/4713 4806/5945/4714
f 4811/5944/4713 4805/5943/4712 4819/5946/4715
f 4811/5944/4713 4819/5946/4715 4806/5945/4714
f 4805/5943/4712 4793/5934/4707 4816/5947/4716
f 4805/5943/4712 4816/5947/4716 4819/5946/4715
f 4816/5947/4716 4793/5934/4707 4807/5948/4717
f 4807/5948/4717 4793/5934/4707 4776/5936/4441
f 4819/5946/4715 4816/5947/4716 4817/5949/4718
f 4819/5946/4715 4817/5949/4718 4806/5945/4714
f 4817/5949/4718 4816/5947/4716 4807/5948/4717
f 4806/5945/4714 4817/5949/4718 4797/5950/4719
f 4807/5948/4717 4776/5936/4441 4796/5951/4720
f 4807/5948/4717 4796/5951/4720 4817/5949/4718
f 4817/5949/4718 4796/5951/4720 4797/5950/4719
f 4796/5951/4720 4776/5936/4441 4782/5952/4439
f 4796/5951/4720 4782/5952/4439 4797/5950/4719
f 1592/5953/4721 1550/1262/1152 1682/1255/1145
f 1592/5953/4721 1682/1255/1145 1534/1256/1146
f 1550/1262/1152 1592/5953/4721 1422/5954/4722
f 1592/5953/4721 1534/1256/1146 1495/5955/4723
f 1592/5953/4721 1495/5955/4723 1422/5954/4722
f 1495/5955/4723 1534/1256/1146 1354/5956/4724
f 1354/5956/4724 1534/1256/1146 1299/5957/1682
f 1495/5955/4723 1354/5956/4724 1306/5958/4725
f 1354/5956/4724 1299/5957/1682 1172/5959/1683
f 1495/5955/4723 1306/5958/4725 1257/5960/4726
f 1495/5955/4723 1257/5960/4726 1422/5954/4722
f 1306/5958/4725 1354/5956/4724 1225/5961/4727
f 1225/5961/4727 1354/5956/4724 1172/5959/1683
f 1306/5958/4725 1225/5961/4727 1257/5960/4726
f 1099/5962/1681 933/5963/4728 1172/5959/1683
f 1225/5961/4727 1172/5959/1683 1015/5964/4729
f 1015/5964/4729 1172/5959/1683 933/5963/4728
f 1225/5961/4727 1015/5964/4729 1039/5965/4730
f 1225/5961/4727 1039/5965/4730 1257/5960/4726
f 1015/5964/4729 933/5963/4728 849/5966/4731
f 849/5966/4731 933/5963/4728 714/5967/4732
f 849/5966/4731 714/5967/4732 713/5968/4733
f 1015/5964/4729 849/5966/4731 888/5969/4734
f 1015/5964/4729 888/5969/4734 1039/5965/4730
f 849/5966/4731 713/5968/4733 733/5970/4735
f 849/5966/4731 733/5970/4735 888/5969/4734
f 1039/5965/4730 888/5969/4734 871/5971/4736
f 871/5971/4736 888/5969/4734 733/5970/4735
f 1051/5972/4737 1257/5960/4726 1039/5965/4730
f 1051/5972/4737 1039/5965/4730 871/5971/4736
f 1257/5960/4726 1051/5972/4737 1184/5973/4738
f 1051/5972/4737 871/5971/4736 984/5974/4739
f 1051/5972/4737 984/5974/4739 1184/5973/4738
f 1257/5960/4726 1184/5973/4738 1321/5975/4740
f 1257/5960/4726 1321/5975/4740 1422/5954/4722
f 1422/5954/4722 1321/5975/4740 1401/5976/4741
f 1422/5954/4722 1401/5976/4741 1550/1262/1152
f 1321/5975/4740 1184/5973/4738 1267/5977/3566
f 1321/5975/4740 1267/5977/3566 1401/5976/4741
f 1550/1262/1152 1401/5976/4741 1510/5978/4742
f 1550/1262/1152 1510/5978/4742 1531/1263/1153
f 1531/1263/1153 1510/5978/4742 1401/5976/4741
f 1531/1263/1153 1401/5976/4741 1343/5979/3560
f 1343/5979/3560 1401/5976/4741 1267/5977/3566
f 1343/5979/3560 1267/5977/3566 1256/5980/3561
f 1157/5981/4743 1267/5977/3566 1184/5973/4738
f 1267/5977/3566 1157/5981/4743 1138/5982/3565
f 1157/5981/4743 1184/5973/4738 984/5974/4739
f 1138/5982/3565 1157/5981/4743 1007/5983/3569
f 1007/5983/3569 1157/5981/4743 984/5974/4739
f 1007/5983/3569 984/5974/4739 868/5984/3572
f 1007/5983/3569 868/5984/3572 1042/5985/3570
f 868/5984/3572 984/5974/4739 825/5986/4744
f 825/5986/4744 984/5974/4739 871/5971/4736
f 868/5984/3572 825/5986/4744 651/5987/4745
f 868/5984/3572 651/5987/4745 883/5988/3571
f 883/5988/3571 651/5987/4745 629/5989/3577
f 629/5989/3577 651/5987/4745 195/5990/3578
f 2480/5991/3278 195/5990/3578 2539/5992/28
f 2539/5992/28 195/5990/3578 78/5993/29
f 78/5993/29 195/5990/3578 196/5994/4746
f 196/5994/4746 195/5990/3578 651/5987/4745
f 78/5993/29 196/5994/4746 56/5995/4697
f 592/5996/4747 651/5987/4745 825/5986/4744
f 651/5987/4745 592/5996/4747 196/5994/4746
f 56/5995/4697 196/5994/4746 249/5997/4700
f 249/5997/4700 196/5994/4746 592/5996/4747
f 56/5995/4697 249/5997/4700 2662/5998/4698
f 592/5996/4747 825/5986/4744 510/5999/4748
f 592/5996/4747 510/5999/4748 249/5997/4700
f 510/5999/4748 825/5986/4744 871/5971/4736
f 510/5999/4748 871/5971/4736 733/5970/4735
f 510/5999/4748 733/5970/4735 388/6000/4749
f 510/5999/4748 388/6000/4749 249/5997/4700
f 388/6000/4749 733/5970/4735 713/5968/4733
f 249/5997/4700 388/6000/4749 166/6001/4750
f 249/5997/4700 166/6001/4750 2532/6002/4701
f 388/6000/4749 713/5968/4733 426/6003/4751
f 388/6000/4749 426/6003/4751 166/6001/4750
f 426/6003/4751 713/5968/4733 296/6004/4752
f 2532/6002/4701 166/6001/4750 2499/6005/4704
f 426/6003/4751 296/6004/4752 149/6006/4753
f 426/6003/4751 149/6006/4753 166/6001/4750
f 166/6001/4750 149/6006/4753 2499/6005/4704
f 2499/6005/4704 149/6006/4753 2504/6007/4706
f 2504/6007/4706 149/6006/4753 89/6008/4754
f 71/6009/1630 14/6010/2499 2523/6011/2501
f 4797/6012/4719 4782/6013/4439 4715/6014/4436
f 4797/6012/4719 4715/6014/4436 4714/6015/4435
f 4797/6012/4719 4714/6015/4435 4765/6016/4755
f 4797/6012/4719 4765/6016/4755 4806/6017/4714
f 4765/6016/4755 4714/6015/4435 4718/6018/4756
f 4718/6018/4756 4714/6015/4435 4705/6019/4433
f 4806/6017/4714 4765/6016/4755 4779/6020/4757
f 4806/6017/4714 4779/6020/4757 4786/6021/4711
f 4786/6021/4711 4779/6020/4757 4737/6022/4710
f 4779/6020/4757 4765/6016/4755 4746/6023/4758
f 4779/6020/4757 4746/6023/4758 4737/6022/4710
f 4746/6023/4758 4765/6016/4755 4718/6018/4756
f 4718/6018/4756 4705/6019/4433 4750/6024/4759
f 4718/6018/4756 4750/6024/4759 4746/6023/4758
f 4750/6024/4759 4705/6019/4433 4730/6025/4432
f 4737/6022/4710 4746/6023/4758 4742/6026/4760
f 4742/6026/4760 4746/6023/4758 4750/6024/4759
f 4750/6024/4759 4730/6025/4432 4762/6027/4431
f 4737/6022/4710 4742/6026/4760 4712/6028/4761
f 4737/6022/4710 4712/6028/4761 4727/6029/3032
f 4727/6029/3032 4712/6028/4761 4708/6030/3028
f 4708/6030/3028 4712/6028/4761 4710/6031/4762
f 4710/6031/4762 4712/6028/4761 4742/6026/4760
f 4708/6030/3028 4710/6031/4762 4687/6032/3023
f 4687/6032/3023 4710/6031/4762 4697/6033/4422
f 4750/6024/4759 4762/6027/4431 4774/6034/4763
f 4774/6034/4763 4762/6027/4431 4769/6035/4428
f 4771/6036/4764 4742/6026/4760 4750/6024/4759
f 4771/6036/4764 4750/6024/4759 4774/6034/4763
f 4710/6031/4762 4742/6026/4760 4745/6037/4765
f 4745/6037/4765 4742/6026/4760 4771/6036/4764
f 4697/6033/4422 4710/6031/4762 4722/6038/4766
f 4722/6038/4766 4710/6031/4762 4745/6037/4765
f 4697/6033/4422 4722/6038/4766 4731/6039/4423
f 4731/6039/4423 4722/6038/4766 4763/6040/4767
f 4763/6040/4767 4722/6038/4766 4745/6037/4765
f 4731/6039/4423 4763/6040/4767 4759/6041/4425
f 4745/6037/4765 4771/6036/4764 4770/6042/4768
f 4745/6037/4765 4770/6042/4768 4763/6040/4767
f 4770/6042/4768 4771/6036/4764 4774/6034/4763
f 4759/6041/4425 4763/6040/4767 4775/6043/4769
f 4775/6043/4769 4763/6040/4767 4770/6042/4768
f 4775/6043/4769 4770/6042/4768 4774/6034/4763
f 4775/6043/4769 4774/6034/4763 4769/6035/4428
f 4759/6041/4425 4775/6043/4769 4764/6044/4426
f 4764/6044/4426 4775/6043/4769 4769/6035/4428
f 4427/6045/4770 4400/4864/3336 4439/4863/4009
f 4400/4864/3336 4427/6045/4770 4395/6046/3334
f 4395/6046/3334 4427/6045/4770 4401/6047/3333
f 4427/6045/4770 4439/4863/4009 4447/6048/4771
f 4447/6048/4771 4439/4863/4009 4459/4867/4012
f 4447/6048/4771 4459/4867/4012 4457/6049/4307
f 4427/6045/4770 4447/6048/4771 4442/6050/4772
f 4427/6045/4770 4442/6050/4772 4401/6047/3333
f 4442/6050/4772 4447/6048/4771 4457/6049/4307
f 4401/6047/3333 4442/6050/4772 4417/6051/4342
f 4442/6050/4772 4457/6049/4307 4441/6052/4773
f 4442/6050/4772 4441/6052/4773 4417/6051/4342
f 4441/6052/4773 4457/6049/4307 4456/6053/4302
f 4417/6051/4342 4441/6052/4773 4420/6054/4340
f 4441/6052/4773 4456/6053/4302 4443/6055/4774
f 4441/6052/4773 4443/6055/4774 4420/6054/4340
f 4443/6055/4774 4456/6053/4302 4461/6056/4300
f 4420/6054/4340 4443/6055/4774 4422/6057/4299
f 4443/6055/4774 4461/6056/4300 4444/6058/4296
f 4443/6055/4774 4444/6058/4296 4422/6057/4299
f 1168/6059/142 1144/6060/140 1207/6061/139
f 1144/6060/140 1168/6059/142 1098/6062/137
f 1098/6062/137 1168/6059/142 1096/6063/3098
f 1098/6062/137 1096/6063/3098 846/6064/4775
f 846/6064/4775 1096/6063/3098 943/6065/3100
f 846/6064/4775 943/6065/3100 794/6066/3102
f 846/6064/4775 794/6066/3102 475/6067/3190
f 1098/6062/137 846/6064/4775 739/6068/4776
f 739/6068/4776 846/6064/4775 475/6067/3190
f 1098/6062/137 739/6068/4776 923/6069/138
f 739/6068/4776 475/6067/3190 427/6070/4777
f 739/6068/4776 427/6070/4777 387/6071/4778
f 427/6070/4777 475/6067/3190 212/6072/4779
f 212/6072/4779 475/6067/3190 162/6073/3188
f 212/6072/4779 162/6073/3188 43/6074/1007
f 43/6074/1007 162/6073/3188 2500/6075/1002
f 427/6070/4777 212/6072/4779 152/6076/1009
f 152/6076/1009 212/6072/4779 43/6074/1007
f 427/6070/4777 152/6076/1009 387/6071/4778
f 152/6076/1009 43/6074/1007 2552/6077/1006
f 515/6078/4780 739/6068/4776 387/6071/4778
f 515/6078/4780 387/6071/4778 152/6076/1009
f 739/6068/4776 515/6078/4780 923/6069/138
f 515/6078/4780 152/6076/1009 17/6079/4113
f 515/6078/4780 17/6079/4113 603/6080/4781
f 515/6078/4780 603/6080/4781 923/6069/138
f 603/6080/4781 17/6079/4113 257/6081/4112
f 923/6069/138 603/6080/4781 1012/6082/134
f 923/6069/138 1012/6082/134 1344/6083/133
f 603/6080/4781 257/6081/4112 503/6084/4782
f 1147/6085/135 1350/6086/132 1012/6082/134
f 1147/6085/135 1012/6082/134 924/6087/136
f 924/6087/136 1012/6082/134 603/6080/4781
f 924/6087/136 603/6080/4781 503/6084/4782
f 2696/6088/4106 124/6089/468 257/6081/4112
f 257/6081/4112 124/6089/468 503/6084/4782
f 503/6084/4782 124/6089/468 364/6090/465
f 503/6084/4782 364/6090/465 690/6091/464
f 924/6087/136 503/6084/4782 639/6092/4783
f 924/6087/136 639/6092/4783 690/6091/464
f 690/6091/464 639/6092/4783 503/6084/4782
f 918/6093/3153 961/6094/3597 709/6095/3154
f 709/6095/3154 961/6094/3597 359/6096/3158
f 359/6096/3158 961/6094/3597 332/6097/3591
f 359/6096/3158 332/6097/3591 164/6098/3164
f 164/6098/3164 332/6097/3591 2492/6099/3306
f 2492/6099/3306 332/6097/3591 98/6100/3305
f 98/6100/3305 332/6097/3591 439/6101/3585
f 98/6100/3305 439/6101/3585 51/6102/3294
f 164/6103/3164 2492/6104/3306 2604/6105/3406
f 1020/6106/1651 1043/6107/1655 1175/6108/1650
f 1043/6107/1655 1020/6106/1651 1022/6109/4784
f 1022/6109/4784 1020/6106/1651 1027/6110/1649
f 1022/6109/4784 1027/6110/1649 830/6111/1647
f 1043/6107/1655 1022/6109/4784 1013/6112/4785
f 1043/6107/1655 1013/6112/4785 1014/6113/1658
f 1014/6113/1658 1013/6112/4785 988/6114/1676
f 1022/6109/4784 830/6111/1647 853/6115/4786
f 988/6114/1676 1013/6112/4785 836/6116/4787
f 1013/6112/4785 1022/6109/4784 858/6117/4788
f 858/6117/4788 1022/6109/4784 853/6115/4786
f 1013/6112/4785 858/6117/4788 836/6116/4787
f 988/6114/1676 836/6116/4787 958/6118/1677
f 853/6115/4786 830/6111/1647 824/6119/4789
f 853/6115/4786 824/6119/4789 858/6117/4788
f 824/6119/4789 830/6111/1647 802/6120/1646
f 958/6118/1677 836/6116/4787 818/6121/4790
f 958/6118/1677 818/6121/4790 898/6122/1680
f 836/6116/4787 858/6117/4788 806/6123/4791
f 806/6123/4791 858/6117/4788 824/6119/4789
f 933/6124/4728 1099/6125/1681 898/6122/1680
f 933/6124/4728 898/6122/1680 714/6126/4732
f 714/6126/4732 898/6122/1680 818/6121/4790
f 818/6121/4790 836/6116/4787 768/6127/4792
f 768/6127/4792 836/6116/4787 806/6123/4791
f 818/6121/4790 768/6127/4792 363/6128/4793
f 714/6126/4732 818/6121/4790 424/6129/4794
f 424/6129/4794 818/6121/4790 363/6128/4793
f 714/6126/4732 424/6129/4794 296/6130/4752
f 714/6126/4732 296/6130/4752 713/6131/4733
f 296/6130/4752 424/6129/4794 160/6132/4795
f 296/6130/4752 160/6132/4795 89/6133/4754
f 296/6130/4752 89/6133/4754 149/6134/4753
f 89/6133/4754 160/6132/4795 2504/6135/4706
f 160/6132/4795 424/6129/4794 129/6136/4796
f 129/6136/4796 424/6129/4794 363/6128/4793
f 129/6136/4796 363/6128/4793 48/6137/4797
f 48/6137/4797 363/6128/4793 127/6138/4798
f 127/6138/4798 363/6128/4793 429/6139/4799
f 429/6139/4799 363/6128/4793 768/6127/4792
f 127/6138/4798 429/6139/4799 167/6140/4800
f 429/6139/4799 768/6127/4792 536/6141/4801
f 429/6139/4799 536/6141/4801 167/6140/4800
f 536/6141/4801 768/6127/4792 806/6123/4791
f 167/6140/4800 536/6141/4801 497/6142/4802
f 497/6142/4802 536/6141/4801 806/6123/4791
f 167/6140/4800 497/6142/4802 81/6143/4803
f 497/6142/4802 806/6123/4791 824/6119/4789
f 81/6143/4803 497/6142/4802 133/6144/4804
f 497/6142/4802 824/6119/4789 527/6145/4805
f 497/6142/4802 527/6145/4805 133/6144/4804
f 527/6145/4805 824/6119/4789 614/6146/4806
f 614/6146/4806 824/6119/4789 802/6120/1646
f 614/6146/4806 802/6120/1646 302/6147/1644
f 527/6145/4805 614/6146/4806 187/6148/4807
f 527/6145/4805 187/6148/4807 133/6144/4804
f 187/6148/4807 614/6146/4806 302/6147/1644
f 133/6144/4804 187/6148/4807 2595/6149/4808
f 187/6148/4807 302/6147/1644 2615/6150/1643
f 2862/6151/4809 3214/5640/4533 3228/5638/4531
f 2862/6151/4809 3228/5638/4531 2757/5639/4532
f 3214/5640/4533 2862/6151/4809 2913/6152/4810
f 2862/6151/4809 2757/5639/4532 2671/6153/4811
f 2862/6151/4809 2671/6153/4811 2913/6152/4810
f 2671/6153/4811 2757/5639/4532 48/6154/4797
f 48/6154/4797 2757/5639/4532 129/6155/4796
f 2671/6153/4811 48/6154/4797 2629/6156/4812
f 2671/6153/4811 2629/6156/4812 2913/6152/4810
f 2629/6156/4812 48/6154/4797 127/6157/4798
f 129/6155/4796 2757/5639/4532 2676/6158/4813
f 129/6155/4796 2676/6158/4813 160/6159/4795
f 2676/6158/4813 2757/5639/4532 3020/5633/4526
f 160/6159/4795 2676/6158/4813 2504/6160/4706
f 2676/6158/4813 3020/5633/4526 2915/6161/4705
f 2676/6158/4813 2915/6161/4705 2504/6160/4706
f 2629/6156/4812 127/6157/4798 2732/6162/4814
f 2629/6156/4812 2732/6162/4814 2913/6152/4810
f 2732/6162/4814 127/6157/4798 167/6163/4800
f 2913/6152/4810 2732/6162/4814 2940/6164/4815
f 2913/6152/4810 2940/6164/4815 3214/5640/4533
f 2732/6162/4814 167/6163/4800 2674/6165/4816
f 2732/6162/4814 2674/6165/4816 2940/6164/4815
f 2674/6165/4816 167/6163/4800 81/6166/4803
f 3214/5640/4533 2940/6164/4815 3028/6167/4817
f 3028/6167/4817 2940/6164/4815 2674/6165/4816
f 3214/5640/4533 3028/6167/4817 3241/5641/4534
f 3241/5641/4534 3028/6167/4817 3259/5643/4536
f 2674/6165/4816 81/6166/4803 2641/6168/4818
f 2674/6165/4816 2641/6168/4818 3028/6167/4817
f 2641/6168/4818 81/6166/4803 133/6169/4804
f 2641/6168/4818 133/6169/4804 2595/6170/4808
f 3028/6167/4817 2641/6168/4818 2919/6171/4819
f 3028/6167/4817 2919/6171/4819 3259/5643/4536
f 2919/6171/4819 2641/6168/4818 2595/6170/4808
f 3259/5643/4536 2919/6171/4819 3170/5671/4559
f 3170/5671/4559 2919/6171/4819 2615/5675/1643
f 2615/5675/1643 2919/6171/4819 2595/6170/4808
f 2615/5675/1643 2595/6170/4808 187/6172/4807
